Page,OriginalDate,DaysSinceStart,Prompt
1901,2009-04-13,0,Homestuck
1902,2009-04-13,0,Enter name.
1903,2009-04-13,0,Try again.
1904,2009-04-13,0,Examine room.
1905,2009-04-13,0,John: Quickly retrieve arms from drawer.
1906,2009-04-13,0,Remove CAKE from MAGIC CHEST.
1907,2009-04-13,0,John: Quickly retrieve arms from MAGIC CHEST.
1908,2009-04-14,1,John: Examine contents of chest.
1909,2009-04-14,1,John: Captchalogue smoke pellets.
1910,2009-04-14,1,John: Equip fake arms.
1911,2009-04-14,1,John: Examine Problem Sleuth Poster.
1912,2009-04-14,1,John: Read note on drawer.
1913,2009-04-14,1,John: Take poster.
1914,2009-04-14,1,John: Acquire hammer and nails. They will come in handy.
1915,2009-04-14,1,John: Take nails.
1916,2009-04-14,1,John: Squawk like an imbecile and shit on your desk.
1917,2009-04-14,1,John: Combine the nails and hammer.
1918,2009-04-14,1,John: Use hammer/nails on poster.
1919,2009-04-14,1,John: Nail poster to wall.
1920,2009-04-14,1,John: Examine Con Air poster.
1921,2009-04-14,1,John: Examine Deep Impact poster.
1922,2009-04-14,1,John: Examine calendar.
1923,2009-04-14,1,John: Eat cake.
1924,2009-04-15,2,John: Examine incoming message.
1925,2009-04-15,2,John: Open Pesterchum.
1926,2009-04-15,2,John: Open message.
1927,2009-04-15,2,John: Look out window.
1928,2009-04-15,2,John: Examine mailbox.
1929,2009-04-15,2,John: Go outside and check mailbox.
1930,2009-04-15,2,John: Forget it. Check mail later.
1931,2009-04-16,3,John: Examine games on CD rack.
1932,2009-04-16,3,John: Read COLONEL SASSACRE'S DAUNTING TEXT.
1933,2009-04-16,3,John: Captchalogue fake arms again.
1934,2009-04-16,3,"John: Set Pesterchum status to ""bully""."
1935,2009-04-16,3,John: Answer chum.
1936,2009-04-16,3,John: Combine fake arms with cake.
1937,2009-04-16,3,John: Allocate hammer to strife specibus.
1938,2009-04-16,3,"John: Select ""HAMMER""."
1939,2009-04-16,3,John: Report progress to TG.
1940,2009-04-17,4,John: Captchalogue Colonel's big book.
1941,2009-04-17,4,John: Examine GameBro Magazine.
1942,2009-04-17,4,John: Read article.
1943,2009-04-17,4,John: Captchalogue GameBro.
1944,2009-04-18,5,John: Captchalogue magician's hat.
1945,2009-04-18,5,John: Get funny glasses too.
1946,2009-04-18,5,John: Wear disguise to fool dad.
1947,2009-04-18,5,John: Leave room.
1948,2009-04-18,5,John: Go downstairs.
1949,2009-04-18,5,John: Admire harlequins.
1950,2009-04-18,5,John: Examine fireplace.
1951,2009-04-18,5,John: Toss GameBro into fire.
1952,2009-04-18,5,John: Fondly regard cremation.
1953,2009-04-18,5,John: Topple urn.
1954,2009-04-18,5,John: Combine father's pipe with clever disguise.
1955,2009-04-18,5,John: Examine oversized gift.
1956,2009-04-18,5,John: Open large present.
1957,2009-04-19,6,John: Captchalogue ashes.
1958,2009-04-19,6,John: Combine ashes with urn.
1959,2009-04-19,6,John: Put urn back.
1960,2009-04-19,6,John: Go get fake arms again.
1961,2009-04-20,7,John: Examine 3rd and 4th walls of room.
1962,2009-04-20,7,John: Check Pesterchum.
1963,2009-04-20,7,John: Check message.
1964,2009-04-20,7,John: Go back downstairs.
1965,2009-04-20,7,John: Attach arms to doll.
1966,2009-04-20,7,John: Inspect burnt paper on the floor.
1967,2009-04-20,7,John: Throw present wrap in fire.
1968,2009-04-20,7,John: Captchalogue doll.
1969,2009-04-20,7,John: Read Colonel Sassacre's text.
1970,2009-04-20,7,John: Find dad and retrieve mail.
1971,2009-04-21,8,John: Go in the study.
1972,2009-04-21,8,John: Examine father's desk.
1973,2009-04-21,8,John: Upgrade costume with hat from hat rack.
1974,2009-04-21,8,John: Combine second pipe with clever disguise.
1975,2009-04-21,8,John: Examine captchalogue card.
1976,2009-04-21,8,John: Captchalogue captchalogue card.
1977,2009-04-21,8,[S] John: Play haunting piano refrain.
1978,2009-04-22,9,John: Play 52 Pick-Up.
1979,2009-04-22,9,John: Attempt to leave the house.
1980,2009-04-24,11,John: Exit.
1981,2009-04-24,11,John: Check mail.
1982,2009-04-24,11,[S] ==>
1983,2009-04-24,11,==>
1984,2009-04-24,11,John: Leave a surprise for the mailman.
1985,2009-04-24,11,John: See if your father left the mail in the car.
1986,2009-04-24,11,John: Spy in the kitchen.
1987,2009-04-24,11,John: Go back into the kitchen.
1988,2009-04-27,14,[S] John: Enter.
1989,2009-04-27,14,==>
1990,2009-04-28,15,[S] STRIFE!
1991,2009-04-29,16,John: Retrieve the package and flee to your room!
1992,2009-04-29,16,John: Equip disguise for defense.
1993,2009-04-29,16,John: Captachalogue pie tin.
1994,2009-04-29,16,==>
1995,2009-04-29,16,John: Take the cake!
1996,2009-04-29,16,==>
1997,2009-04-30,17,John: Abscond.
1998,2009-04-30,17,John: Take PDA.
1999,2009-04-30,17,John: Take package.
2000,2009-04-30,17,John: Take envelope.
2001,2009-04-30,17,John: Exit kitchen.
2002,2009-05-01,18,John: Get cake on couch.
2003,2009-05-01,18,John: Combine the cakes to make a double decker cake.
2004,2009-05-02,19,John: Retreat upstairs!
2005,2009-05-02,19,John: Go to bathroom and grab a towel.
2006,2009-05-02,19,"John: Remove PDA, envelope and package from cake."
2007,2009-05-02,19,John: Retrieve your items.
2008,2009-05-02,19,John: Go to bedroom.
2009,2009-05-03,20,"John: Admire ""Failure to Launch"" poster."
2010,2009-05-03,20,[S] John: Check Pesterchum.
2011,2009-05-04,21,John: Open browser and go to mspaintadventures.com
2012,2009-05-04,21,==>
2013,2009-05-05,22,John: Install the Sburb beta.
2014,2009-05-05,22,==>
2015,2009-05-05,22,John: Bone up on data structures.
2016,2009-05-05,22,John: Read Data Structures book.
2017,2009-05-05,22,John: Get free Fetch Modus.
2018,2009-05-05,22,John: Apply Fetch Modus to Sylladex.
2019,2009-05-06,23,John: Switch back to Stack Modus.
2020,2009-05-06,23,John: Put down razor.
2021,2009-05-06,23,John: Pick up two items.
2022,2009-05-06,23,John: Get other cake.
2023,2009-05-06,23,John: Get more stuff.
2024,2009-05-06,23,John: Might as well grab those cuffs.
2025,2009-05-06,23,==>
2026,2009-05-07,24,John: Open up that package!
2027,2009-05-07,24,John: Get razor.
2028,2009-05-07,24,John: Pick up package again.
2029,2009-05-07,24,John: Captchalogue glass shards.
2030,2009-05-07,24,==>
2031,2009-05-08,25,John: Use the razor on the red package.
2032,2009-05-08,25,==>
2033,2009-05-09,26,John: Check status of Sburb beta.
2034,2009-05-09,26,John: Look at monitor.
2035,2009-05-09,26,John: Check Pesterchum window.
2036,2009-05-09,26,John: Press [ENTER]
2037,2009-05-09,26,[S] ==>
2038,2009-05-12,29,==>
2039,2009-05-12,29,TT: Select magic chest.
2040,2009-05-12,29,TT: Zoom out.
2041,2009-05-12,29,TT: Drop chest.
2042,2009-05-13,30,John: Get the card.
2043,2009-05-13,30,==>
2044,2009-05-13,30,TT: Select stuff in yard and move it back into room.
2045,2009-05-13,30,TT: Select John.
2046,2009-05-13,30,TT: Select bunny.
2047,2009-05-13,30,TT: Put the bunny back in the box.
2048,2009-05-14,31,TT: Revise room.
2049,2009-05-14,31,==>
2050,2009-05-14,31,TT: Open Phernalia Registry.
2051,2009-05-14,31,TT: Deploy Totem Lathe.
2052,2009-05-15,32,John: Examine Totem Lathe.
2053,2009-05-15,32,TT: Open Grist Cache
2054,2009-05-15,32,==>
2055,2009-05-15,32,John: Stand in corner.
2056,2009-05-15,32,TT: Deploy Cruxtruder.
2057,2009-05-15,32,TT: Deploy Alchemiter.
2058,2009-05-16,33,John: Get PDA.
2059,2009-05-16,33,John: Install Pesterchum.
2060,2009-05-16,33,John: Go out to balcony.
2061,2009-05-16,33,John: Examine Alchemiter in a cautious manner.
2062,2009-05-17,34,John: Look through telescope.
2063,2009-05-17,34,TT: Grab the soiled toilet.
2064,2009-05-17,34,==>
2065,2009-05-17,34,John: Investigate.
2066,2009-05-17,34,John: Hop down the hole.
2067,2009-05-17,34,John: Get sledgehammer and card.
2068,2009-05-17,34,==>
2069,2009-05-17,34,John: Answer chum.
2070,2009-05-17,34,John: Might as well check out the Cruxtruder.
2071,2009-05-17,34,==>
2072,2009-05-18,35,John: Examine wheel on the Cruxtruder.
2073,2009-05-18,35,TT: Put bathtub in driveway.
2074,2009-05-18,35,John: Scold TT.
2075,2009-05-18,35,John: Hit Cruxtruder with sledgehammer.
2076,2009-05-19,36,TT: Pick up sledgehammer.
2077,2009-05-19,36,==>
2078,2009-05-19,36,==>
2079,2009-05-20,37,John: Turn wheel again.
2080,2009-05-20,37,John: Get cruxite.
2081,2009-05-20,37,TT: Deploy Pre-punched Card.
2082,2009-05-20,37,John: Get card.
2083,2009-05-20,37,John: Captchalogue fanciful harlequins.
2084,2009-05-20,37,==>
2085,2009-05-21,38,TT: Drop maimed harlequin into Kernelsprite.
2086,2009-05-21,38,[S] ==>
2087,2009-05-21,38,==>
2088,2009-05-21,38,John: Use pre-punched card with the alchemiter.
2089,2009-05-21,38,TT: Explore Atheneum.
2090,2009-05-22,39,John: Captchalogue telescope.
2091,2009-05-22,39,John: Put cruxite on weird pattern on alchemiter.
2092,2009-05-22,39,==>
2093,2009-05-22,39,==>
2094,2009-05-23,40,John: Switch modus and use telescope to inspect sky.
2095,2009-05-23,40,==>
2096,2009-05-23,40,==>
2097,2009-05-23,40,==>
2098,2009-05-23,40,John: High-five Kernelsprite.
2099,2009-05-24,41,John: Attempt to ingest a unit of build grist.
2100,2009-05-24,41,==>
2101,2009-05-24,41,TT: Revise bathroom.
2102,2009-05-24,41,==>
2103,2009-05-24,41,John: Run to your room and contact TT through Pesterchum.
2104,2009-05-24,41,John: Answer chums.
2105,2009-05-25,42,John: Use pre-punched card on totem lathe.
2106,2009-05-25,42,John: Take cruxite to totem lathe.
2107,2009-05-25,42,==>
2108,2009-05-26,43,==>
2109,2009-05-26,43,John: Use cruxite dowel on totem lathe.
2110,2009-05-26,43,John: Activate lathe.
2111,2009-05-26,43,==>
2112,2009-05-26,43,==>
2113,2009-05-26,43,==>
2114,2009-05-27,44,==>
2115,2009-05-28,45,Enter name.
2116,2009-05-28,45,One more time.
2117,2009-05-28,45,Examine room.
2118,2009-05-29,46,Rose: Retrieve arms from the purple box.
2119,2009-05-29,46,Rose: Writhe like a flagellum and puke on your bed.
2120,2009-05-29,46,"Rose: Stroke writing journal and mutter, 'My precious...'"
2121,2009-05-29,46,Rose: Get violin.
2122,2009-05-29,46,[S] Rose: Play a haunting refrain on the violin.
2123,2009-05-30,47,John: Tell Liv Tyler you love her before impact.
2124,2009-05-30,47,Rose: Captchalogue knitting supply bag.
2125,2009-05-30,47,Rose: Look out window.
2126,2009-05-31,48,Rose: Get laptop.
2127,2009-05-31,48,Rose: Examine book on desk.
2128,2009-05-31,48,Rose: Take book.
2129,2009-06-01,49,Rose: Go explore the house.
2130,2009-06-02,50,Rose: Tiptoe to observatory.
2131,2009-06-02,50,==>
2132,2009-06-02,50,Rose: Sneak by.
2133,2009-06-02,50,==>
2134,2009-06-03,51,Rose: Go through door.
2135,2009-06-03,51,Rose: Hurry up to that observatory.
2136,2009-06-03,51,Rose: Try to connect!
2137,2009-06-04,52,Rose: See what you can observe.
2138,2009-06-04,52,Rose: Stack laptop on Grimoire to maximize elevation.
2139,2009-06-04,52,Rose: Access laboratory wifi network.
2140,2009-06-05,53,==>
2141,2009-06-05,53,Rose: Remove door from hinges.
2142,2009-06-06,54,Rose: Put bathtub back.
2143,2009-06-06,54,John: Take totem to alchemiter.
2144,2009-06-06,54,Rose: Remove blocks.
2145,2009-06-06,54,==>
2146,2009-06-07,55,[S] John: Take bite of apple.
2147,2009-06-07,55,END OF ACT 1
2148,2009-06-10,58,"Years in the future, but not many..."
2149,2009-06-10,58,ACT 2 ==>
2150,2009-06-12,60,[S] ==>
2151,2009-06-13,61,==>
2152,2009-06-13,61,BOY.
2153,2009-06-14,62,[S] YOU THERE. BOY.
2154,2009-06-15,63,"BOY, QUIT ALL THIS SCURRYING AROUND."
2155,2009-06-15,63,FINE. JOHN. RETURN TO YOUR QUARTERS.
2156,2009-06-15,63,NOW JOHN. RESPOND TO YOUR FRIEND UNIT.
2157,2009-06-16,64,"FIRST, TAKE THE FABRIC ITEM ON THE FLOOR THERE."
2158,2009-06-16,64,DO AS THE PURPLE TEXT SAYS. TO THE BALCONY.
2159,2009-06-16,64,WAIT. TAKE THAT. THE BLUE WOBBLY THING.
2160,2009-06-16,64,JOHN. RECYCLE THE GRIST AS WAS DICTATED BY YOUR COHORT.
2161,2009-06-16,64,I SEE. ==>?
2162,2009-06-16,64,==>
2163,2009-06-16,64,JOHN RUN ACROSS PRECARIOUS PLATFORM SWIFTLY.
2164,2009-06-16,64,BOY I SAID MAKE HASTE ON THE NARROW CATWALK!
2165,2009-06-16,64,FINE. PROCEED AS YOUR LEVEL OF COMFORT DICTATES.
2166,2009-06-16,64,NOW TAKE IT.
2167,2009-06-17,65,==>==>
2168,2009-06-17,65,THESE BORING MEN ARE UNINTERESTING.
2169,2009-06-17,65,NO DON'T DO THAT. HOP OFF THIS LEDGE ON TO THAT CAR.
2170,2009-06-17,65,==>==>==>==>==>
2171,2009-06-17,65,"Years in the future, but not many..."
2172,2009-06-19,67,==>
2173,2009-06-19,67,==>
2174,2009-06-19,67,Rose: Check status of battery.
2175,2009-06-20,68,Rose: Prototype sprite with Betty Crocker box.
2176,2009-06-20,68,==>
2177,2009-06-20,68,DO THE POTTED VEGETABLE INSTEAD. IT LOOKS DELICIOUS.
2178,2009-06-20,68,Rose: Prototype sprite with Sassacre text.
2179,2009-06-21,69,JOHN FLAIL ABOUT IN A DISTRACTING MANNER.
2180,2009-06-21,69,==>
2181,2009-06-21,69,==>
2182,2009-06-21,69,INSPECT HAG ASH INCIDENT.
2183,2009-06-21,69,Rose: Remove cruxtruder from doorway.
2184,2009-06-21,69,DO AGAIN AS PURPLE WORDS SAY.
2185,2009-06-21,69,==>
2186,2009-06-22,70,IGNORE THIS WOMAN'S ANTICS.
2187,2009-06-22,70,INDULGE THE DEVICE. BUT BE CURT WITH IT.
2188,2009-06-22,70,ENOUGH STRANGE POETRY FROM THE RED TEXT.
2189,2009-06-22,70,THE PURPLE TEXT IS LESS IRRATIONAL THAN THE RED TEXT.
2190,2009-06-22,70,Rose: Pick up car.
2191,2009-06-22,70,==>
2192,2009-06-24,72,RIDICULOUS FOLLY. INEXCUSABLE.
2193,2009-06-24,72,WHAT COLOR ARE THE WORDS THAT THIS CHUM SAYS?
2194,2009-06-24,72,THE GREEN TEXT WAS ATTRACTIVE. NOW VIEW THE RED TEXT AGAIN.
2195,2009-06-24,72,==>
2196,2009-06-24,72,Rose: Knit laptop cozy to shield your laptop from the rain.
2197,2009-06-24,72,Rose: Equip grimoire to strife specibus.
2198,2009-06-24,72,Rose: Recaptchalogue your items!
2199,2009-06-24,72,Rose: Allocate knitting needles to strife specibus.
2200,2009-06-24,72,==>
2201,2009-06-25,73,Rose: Knit plush cuddle-cthulhu to soothe nerves.
2202,2009-06-25,73,Rose: Consult the grimoire.
2203,2009-06-25,73,==>
2204,2009-06-25,73,==>
2205,2009-06-25,73,==>
2206,2009-06-25,73,Rose: Take items and proceed downstairs.
2207,2009-06-27,75,[S] ==>
2208,2009-06-29,77,Rose: Confront mother in hall.
2209,2009-06-29,77,What??
2210,2009-06-29,77,Enter name.
2211,2009-06-29,77,Try again.
2212,2009-06-30,78,Examine room.
2213,2009-06-30,78,Dave: Quickly retrieve arms from cinderblocks.
2214,2009-06-30,78,Dave: Get the damn beta and save your friend's life!
2215,2009-06-30,78,Dave: Bleat like a goat and piss on your turntable.
2216,2009-06-30,78,==>
2217,2009-06-30,78,Dave: Examine closet.
2218,2009-06-30,78,Dave: Check the blue box.
2219,2009-06-30,78,Dave: Take box.
2220,2009-07-01,79,Dave: Examine jar of unknown yellow substance in the closet.
2221,2009-07-01,79,Dave: Take juice.
2222,2009-07-02,80,Dave: Access Pesterchum and pester John.
2223,2009-07-02,80,==>
2224,2009-07-02,80,==>
2225,2009-07-03,81,Dave: Go online and view sites indicative of your interests.
2226,2009-07-03,81,==>
2227,2009-07-04,82,Dave: Check the latest page of the Midnight Crew.
2228,2009-07-04,82,Midnight Crew.
2229,2009-07-04,82,Use Occam's Razor on plans and schemes.
2230,2009-07-04,82,SS: Climb ladder and exit hideout. Implement nefarious plots
2231,2009-07-04,82,Dave: Skip ahead a hundred pages or so.
2232,2009-07-04,82,"Dave: Save your place, read it later."
2233,2009-07-04,82,Dave: Answer chum.
2234,2009-07-04,82,JOHN WHAT ARE YOU DOING. STOP DOING NOTHING.
2235,2009-07-04,82,==> ??
2236,2009-07-04,82,TROUBLING. INVESTIGATE THIS.
2237,2009-07-04,82,Dave: Play some hauntingly sick beats.
2238,2009-07-04,82,[S] ==>
2239,2009-07-06,84,"Dave: Take sip of the apple juice, despite what John said."
2240,2009-07-06,84,==>
2241,2009-07-06,84,==>
2242,2009-07-06,84,Dave: Allocate sword to strife specibus.
2243,2009-07-06,84,Dave: Captchalogue sword.
2244,2009-07-07,85,Dave: Get a towel or something!
2245,2009-07-07,85,==>
2246,2009-07-08,86,Dave: Captchalogue damp towel.
2247,2009-07-08,86,Dave: Search the bathroom for something slightly less damp.
2248,2009-07-08,86,Dave: Take towel.
2249,2009-07-08,86,Dave: Clean up the juice.
2250,2009-07-08,86,==>
2251,2009-07-09,87,Dave: Turn off the fan.
2252,2009-07-09,87,==>
2253,2009-07-09,87,==>
2254,2009-07-09,87,==>
2255,2009-07-09,87,==>
2256,2009-07-09,87,==>
2257,2009-07-10,88,Dave: Look out window.
2258,2009-07-10,88,==>
2259,2009-07-10,88,==>
2260,2009-07-11,89,Rose: Psychoanalyze mother's love of wizards.
2261,2009-07-11,89,Rose: Go downstairs to the kitchen back door.
2262,2009-07-11,89,Rose: View Mother's solid copper vacuum statue.
2263,2009-07-11,89,Rose: Grab the Eldritch Princess.
2264,2009-07-11,89,Rose: Acquire umbrella for protection from elements.
2265,2009-07-12,90,Rose: Peek inside kitchen.
2266,2009-07-12,90,Rose: Investigate richly colored object in middle of screen.
2267,2009-07-12,90,==>
2268,2009-07-12,90,==>
2269,2009-07-12,90,==>
2270,2009-07-13,91,Rose: Attach a W to face as a fake moustache.
2271,2009-07-13,91,Rose: Captchalogue W.
2272,2009-07-13,91,==>
2273,2009-07-13,91,Rose: Think of ways to one-up mother.
2274,2009-07-13,91,Rose: Captchalogue velvet pillow.
2275,2009-07-13,91,==>
2276,2009-07-13,91,Rose: Head out the back door.
2277,2009-07-13,91,==>
2278,2009-07-15,93,"Rose: Hop over counter, landing in a roll."
2279,2009-07-15,93,==>
2280,2009-07-15,93,==>
2281,2009-07-16,94,"Meanwhile, in the past again."
2282,2009-07-16,94,Dave: Answer chum.
2283,2009-07-16,94,Dave: Get phone.
2284,2009-07-16,94,==>
2285,2009-07-17,95,"JOHN, PURSUE ADVERSARY INTO THAT ROOM."
2286,2009-07-17,95,THIS CHUM WILL KNOW WHAT TO DO.
2287,2009-07-17,95,READ YOUR BOOK. STAY WARY OF THESE FOES.
2288,2009-07-19,97,[S] Rose: Youth roll right out the front door.
2289,2009-07-20,98,==>
2290,2009-07-20,98,"Rose: First, be the pony. Second, trample Mom."
2291,2009-07-20,98,JOHN TURN AROUND!!!!!
2292,2009-07-22,100,==>!!!
2293,2009-07-22,100,[S] ==>==>==>!!!!!!!!!
2294,2009-07-23,101,Rose: Exit.
2295,2009-07-23,101,Rose: Use umbrella.
2296,2009-07-23,101,==>
2297,2009-07-23,101,"[S] GET UP JOHN, THIS IS NO TIME FOR SLUMBER."
2298,2009-07-24,102,Rose: Forget the W and make haste to the mausoleum.
2299,2009-07-24,102,==>
2300,2009-07-25,103,"[S] JOHN, SALVAGE YOUR WEAPON AND FIGHT ON!"
2301,2009-07-27,105,YOU SAID
2302,2009-07-27,105,PUT THE BUNNY
2303,2009-07-27,105,BACK IN
2304,2009-07-27,105,THE BOX!!!!!!
2305,2009-07-27,105,"NOW EXULT. VICTORY, SPOILS ARE YOURS."
2306,2009-07-27,105,==>
2307,2009-07-28,106,WHAT ABOUT THAT CARD.
2308,2009-07-28,106,OK.
2309,2009-07-29,107,GATHER THE SCATTERED BITS OF YOUR LARGE HAMMER.
2310,2009-07-29,107,NOW REPAIR THE HAMMER.
2311,2009-07-29,107,FINE. NOW WHAT
2312,2009-07-29,107,==>
2313,2009-07-29,107,Rose: Hurry and activate the generator!
2314,2009-07-29,107,Rose: Defile tomb.
2315,2009-07-30,108,Rose: Plug in your laptop.
2316,2009-07-30,108,"THE DOOR, JOHN. LOOK AT THE DOOR."
2317,2009-07-30,108,INCREDIBLY ALARMING. INVESTIGATE.
2318,2009-07-30,108,[S] WHAT THIS IS SO OUTRAGEOUS
2319,2009-07-30,108,Rose: Pester John.
2320,2009-07-31,109,INTERROGATE THIS MADWOMAN.
2321,2009-07-31,109,==>
2322,2009-08-01,110,[S] GO ON. ==>
2323,2009-08-01,110,==>
2324,2009-08-02,111,ME?? ==>
2325,2009-08-02,111,A QUEST OF FUTILITY THEN. ==>
2326,2009-08-03,112,==>!
2327,2009-08-03,112,==>?
2328,2009-08-03,112,YES I WILL HAVE TO AGREE WITH THE FLOAT HAG ABOUT THAT.
2329,2009-08-03,112,THE HAG MENTIONED COOKIES. PURSUE HER.
2330,2009-08-03,112,JOHN YOU DO NOT SAY NO TO COOKIES. I COMMAND YOU TO GET THEM
2331,2009-08-03,112,Rose: Hit John in the head with box to get his attention.
2332,2009-08-03,112,==>
2333,2009-08-03,112,==>
2334,2009-08-04,113,JOHN. COOKIES. NOW.
2335,2009-08-04,113,THIS IMPUDENCE IS INSUFFERABLE. GO GET THE COOKIES!!!!!!
2336,2009-08-04,113,JOHN YOU ARE STUPID.
2337,2009-08-04,113,STUPID STUPID DUMB
2338,2009-08-04,113,FOR THE LAST TIME I COMMAnd you to get the cookies boy
2339,2009-08-04,113,Years in the future...
2340,2009-08-05,114,==>
2341,2009-08-05,114,"Months in the past, but not many..."
2342,2009-08-05,114,==>
2343,2009-08-07,116,Dave: Get katana.
2344,2009-08-07,116,[S] Dave: Retrieve dead bird.
2345,2009-08-07,116,"Dave: Exit your room, and go into the living room."
2346,2009-08-09,118,Dave: Hastily enter the room with wild abandon.
2347,2009-08-09,118,==>
2348,2009-08-09,118,Dave: Pity da fool.
2349,2009-08-09,118,Dave: Find Lil' Cal and give fistbumps.
2350,2009-08-09,118,Dave: Play a game on the Xbox.
2351,2009-08-09,118,==>
2352,2009-08-10,119,Dave: Resist great urge to play Bro's Xbox.
2353,2009-08-10,119,Dave: Give Lil' Cal a bro fistbump.
2354,2009-08-10,119,==>
2355,2009-08-10,119,Dave: Check out your BRO's sweet gear.
2356,2009-08-11,120,Dave: Look at your brother's computer.
2357,2009-08-11,120,==>
2358,2009-08-11,120,Dave: Open Complete Bullshit.
2359,2009-08-11,120,Dave: Check if Sweet Bro and Hella Jeff has a sweet update.
2360,2009-08-12,121,Dave: Mouse over the orange stripe containing PlushRump.
2361,2009-08-12,121,Dave: Stop wasting time and look for Bro's beta.
2362,2009-08-12,121,==>
2363,2009-08-12,121,==>
2364,2009-08-12,121,Dave: Give Lil Cal a nervous fist bump.
2365,2009-08-12,121,==>
2366,2009-08-13,122,Dave: Pester John to ease your nerves.
2367,2009-08-13,122,==>
2368,2009-08-13,122,==>
2369,2009-08-13,122,Dave: Pester Rose.
2370,2009-08-14,123,"Seconds in the future, but not many..."
2371,2009-08-14,123,Rose: Deploy the Punch Designix.
2372,2009-08-14,123,==>
2373,2009-08-14,123,==>
2374,2009-08-15,124,John: Rebuild the claw hammer and return it to specibus.
2375,2009-08-15,124,John: Confront Pogo Ride to prepare yourself for Nanna.
2376,2009-08-15,124,[S] ==>
2377,2009-08-15,124,Rose: Drop something heavy on one of those imps.
2378,2009-08-15,124,==>
2379,2009-08-15,124,Rose: Use pogo ride to fling grist through window.
2380,2009-08-15,124,==>
2381,2009-08-16,125,Rose: Drop pogo ride in John's bathroom.
2382,2009-08-16,125,John: Get grist.
2383,2009-08-16,125,Piano: Level up for slaying the imp.
2384,2009-08-16,125,Rose: It's time to build.
2385,2009-08-16,125,==>
2386,2009-08-16,125,Rose: Use build grist to construct observation tower on roof
2387,2009-08-16,125,John: Check cabinets for imps or useful items.
2388,2009-08-16,125,John: Bring 2 cans of shaving cream.
2389,2009-08-16,125,John: Ride pogo ride.
2390,2009-08-16,125,==>
2391,2009-08-17,126,"Rose: Check up on Nannaquin, see what's cookin'!"
2392,2009-08-17,126,==>
2393,2009-08-17,126,John: Make your way to the study.
2394,2009-08-17,126,==>
2395,2009-08-18,127,John: Ride Slimer pogo and one-up that imp.
2396,2009-08-18,127,John: Ride your steed to victory.
2397,2009-08-18,127,==>
2398,2009-08-18,127,John: Flip the fuck out.
2399,2009-08-18,127,==>
2400,2009-08-19,128,"mister john, respectfully ask that you please stand up."
2401,2009-08-19,128,"now sir boy, flee from this boorish rabble post haste."
2402,2009-08-19,128,==>
2403,2009-08-19,128,Refrigerator: Level up for slaying the imp.
2404,2009-08-19,128,"well done, john. polite congratulations."
2405,2009-08-19,128,"now my civil fellow, i have a well mannered query to ask"
2406,2009-08-19,128,Rose: Drop something heavy on one of those imps.
2407,2009-08-19,128,john might i bother you for a can opener?
2408,2009-08-19,128,==>
2409,2009-08-20,129,Years in the future...
2410,2009-08-21,130,==>
2411,2009-08-21,130,Rose: Construct loft above John's room.
2412,2009-08-21,130,==>
2413,2009-08-21,130,==>
2414,2009-08-22,131,"fellow john, it appears we have reached an impasse"
2415,2009-08-22,131,"the opener dilemma remains unsettled, most unfortunately"
2416,2009-08-22,131,but it has been a pleasure nonetheless.
2417,2009-08-22,131,"oh, but thank you"
2418,2009-08-22,131,"thank you so very very much, dear favorable small primate"
2419,2009-08-22,131,i shall take my leave now john. until next time
2420,2009-08-22,131,"John: Gather grist, examine designix."
2421,2009-08-22,131,==>
2422,2009-08-22,131,Rose: Answer Dave.
2423,2009-08-23,132,John: Observe back of the first visible captchalogue card.
2424,2009-08-23,132,John: Examine reverse side of hammer card in strife specibus
2425,2009-08-23,132,John: Enter captcha code as seen on back of pogo ride card.
2426,2009-08-23,132,John: Insert card.
2427,2009-08-23,132,John: Type in nZ7Un6BI
2428,2009-08-23,132,John: Attempt to retrieve pogo from card.
2429,2009-08-23,132,John: Mash keys heedlessly.
2430,2009-08-23,132,==>
2431,2009-08-23,132,==>
2432,2009-08-23,132,==>
2433,2009-08-25,134,==>
2434,2009-08-25,134,==>
2435,2009-08-25,134,==>
2436,2009-08-25,134,==>
2437,2009-08-25,134,John: Answer your chums.
2438,2009-08-26,135,==>
2439,2009-08-26,135,==>
2440,2009-08-26,135,Rose: Move punched cards to John's room.
2441,2009-08-26,135,Rose: Drag some cruxite dowels up to John's room.
2442,2009-08-27,136,"John: Collect grist, examine safe."
2443,2009-08-27,136,John: Examine family tome of humour.
2444,2009-08-27,136,John: Examine contents of safe.
2445,2009-08-27,136,==>
2446,2009-08-27,136,John: Look at the piece of paper taped to the wall.
2447,2009-08-27,136,John: Turn the card over.
2448,2009-08-27,136,John: Examine back of captchalogue card on floor.
2449,2009-08-27,136,John: Captchalogue the card.
2450,2009-08-27,136,John: Enter code on back of card into designix.
2451,2009-08-27,136,John: Punch card.
2452,2009-08-27,136,John: Throw hat down in disgust.
2453,2009-08-28,137,John: Captchalogue punched captchalogued captchalogue card.
2454,2009-08-28,137,John: Take PDA.
2455,2009-08-28,137,John: Level up!
2456,2009-08-29,138,Colonel Sassacre: Level up for slaying the imp.
2457,2009-08-29,138,Bathtub: Level up for slaying the imp.
2458,2009-08-29,138,Safe: Level up for slaying the imp.
2459,2009-08-30,139,"John: Make your way up those stairs, posthaste."
2460,2009-08-30,139,==>
2461,2009-08-30,139,==>
2462,2009-08-30,139,Dave: Ignore Lil Cal and find the beta.
2463,2009-08-31,140,Dave: Take expensive ninja sword.
2464,2009-08-31,140,Dave: Exit your bro's room.
2465,2009-08-31,140,==>
2466,2009-08-31,140,==>
2467,2009-09-02,142,Dave: Go into the kitchen.
2468,2009-09-02,142,Dave: Transfer katana to strife specibus.
2469,2009-09-02,142,"Dave: Set Blender to ""Mix""."
2470,2009-09-02,142,==>
2471,2009-09-02,142,==>
2472,2009-09-02,142,Dave: Captchalogue Buster Sword from behind microwave.
2473,2009-09-02,142,"Dave: Set blender to ""Crush Ice""."
2474,2009-09-02,142,Dave: Hide evidence in microwave.
2475,2009-09-03,143,Dave: Grab those fireworks.
2476,2009-09-03,143,Dave: Captchalogue Shurikens.
2477,2009-09-03,143,==>
2478,2009-09-03,143,Dave: Take nunchaku.
2479,2009-09-03,143,==>
2480,2009-09-03,143,==>
2481,2009-09-04,144,Dave: Captchalogue each shuriken individually.
2482,2009-09-04,144,Dave: Captchalogue nunchucks.
2483,2009-09-04,144,Dave: Examine fetch modus.
2484,2009-09-04,144,Dave: Press EJECT button.
2485,2009-09-04,144,Dave: Change to Scrabble Points Hash Modus.
2486,2009-09-04,144,"Dave: Check the box ""detect collisions""."
2487,2009-09-05,145,Dave: Take the skateboard.
2488,2009-09-05,145,==>
2489,2009-09-05,145,==>
2490,2009-09-05,145,Dave: Captchalogue the unplugged powercord.
2491,2009-09-05,145,Dave: Think of a new word for powercord.
2492,2009-09-05,145,==>
2493,2009-09-05,145,==>
2494,2009-09-06,146,Dave: Search for some MAD SNACKS YO.
2495,2009-09-06,146,Dave: Open refrigerator.
2496,2009-09-06,146,Dave: Take swords.
2497,2009-09-06,146,"Dave: Use ice maker, it's still hot around here."
2498,2009-09-06,146,==>
2499,2009-09-06,146,==>
2500,2009-09-06,146,Dave: Captchalogue CHERRY BOMBS.
2501,2009-09-06,146,Dave: Take blender.
2502,2009-09-06,146,Dave: Activate garbage disposal.
2503,2009-09-07,147,Dave: Stuff down mr. purple guy into the garbage disposal.
2504,2009-09-07,147,==>
2505,2009-09-07,147,Dave: Look up.
2506,2009-09-07,147,Dave: Use the turntables and cinderblocks to make a fort.
2507,2009-09-08,148,Dave: Yank cord.
2508,2009-09-08,148,==>
2509,2009-09-08,148,==>
2510,2009-09-08,148,==>
2511,2009-09-08,148,==>
2512,2009-09-08,148,Dave: Read the note on the hatch.
2513,2009-09-08,148,"Dave: Burst out of the puppet pile like ""the one""."
2514,2009-09-08,148,Dave: Be the other guy.
2515,2009-09-10,150,John: Take dowels and sheets from bed and make a tent.
2516,2009-09-10,150,==>
2517,2009-09-10,150,John: Carve a totem of the punched pogo card.
2518,2009-09-10,150,John: Repeat process with other cards and dowels.
2519,2009-09-10,150,John: Do same thing with captchalogued captchalogue card.
2520,2009-09-10,150,Rose: Collect totems.
2521,2009-09-10,150,Rose: Produce captchalogue card.
2522,2009-09-10,150,==>
2523,2009-09-10,150,==>
2524,2009-09-10,150,==>
2525,2009-09-10,150,==>
2526,2009-09-10,150,==>
2527,2009-09-11,151,John: Collect cards.
2528,2009-09-11,151,"John: Turn on ""detect collisions""."
2529,2009-09-12,152,John: Read book. Be the wise guy.
2530,2009-09-12,152,==>
2531,2009-09-12,152,==>
2532,2009-09-12,152,John: Put both cards in totem lathe.
2533,2009-09-12,152,John: Take it to the alchemiter.
2534,2009-09-12,152,==>
2535,2009-09-12,152,==>
2536,2009-09-13,153,John: Practice with new weapon.
2537,2009-09-14,154,John: Attack the nearest imp to test pogo hammer's strength.
2538,2009-09-14,154,==>
2539,2009-09-14,154,==>
2540,2009-09-14,154,==>
2541,2009-09-14,154,==>
2542,2009-09-14,154,==>
2543,2009-09-15,155,Rose: Pester John.
2544,2009-09-15,155,[S] John: Sleep.
2545,2009-09-16,156,Rose: Check Alchemy Excursus.
2546,2009-09-16,156,Rose: Captchalogue Sburb Server CD.
2547,2009-09-16,156,Rose: Message John the Captcha code.
2548,2009-09-16,156,==>
2549,2009-09-16,156,==>
2550,2009-09-16,156,==>
2551,2009-09-17,157,[S] John: Wake up.
2552,2009-09-17,157,==>
2553,2009-09-18,158,John: Quickly grab the pogo hammer.
2554,2009-09-18,158,==>
2555,2009-09-18,158,==>
2556,2009-09-19,159,John: Be the imp.
2557,2009-09-19,159,John: Prepare for a boss battle.
2558,2009-09-19,159,==>
2559,2009-09-19,159,==>
2560,2009-09-19,159,John: Ascend to the highest point of the house.
2561,2009-09-19,159,John: Look down.
2562,2009-09-19,159,==>
2563,2009-09-19,159,John: Turn around...
2564,2009-09-21,161,Dave: Stop being the other guy.
2565,2009-09-21,161,[S] Dave: Ascend to the highest point of the building.
2566,2009-09-21,161,==>
2567,2009-09-21,161,WV: Retri...
2568,2009-09-21,161,WV: Examine rotten pumpkin.
2569,2009-09-22,162,WV: Check the little red bar.
2570,2009-09-22,162,WV: Captchalogue can of gravy.
2571,2009-09-22,162,WV: Pick up the can of gravy. Just pick it up.
2572,2009-09-22,162,WV: Use sharp teeth to poke a hole in the lid of the can.
2573,2009-09-22,162,WV: Attempt to open can with your weak pathetic digits.
2574,2009-09-22,162,WV: Take the can labeled BEANS.
2575,2009-09-22,162,WV: Examine can of custard.
2576,2009-09-22,162,WV: Examine marking on wrist.
2577,2009-09-22,162,==>
2578,2009-09-22,162,WV: Examine the small potted plant.
2579,2009-09-23,163,WV: Check book on Human Etiquette.
2580,2009-09-23,163,==>
2581,2009-09-24,164,WV: Clear out all the cans inside the purple machine.
2582,2009-09-24,164,WV: Search room for can opener.
2583,2009-09-24,164,WV: Locate a nearby sharp object.
2584,2009-09-24,164,WV: Be the imp.
2585,2009-09-24,164,WV: Become the mayor of Can Town.
2586,2009-09-24,164,==>
2587,2009-09-24,164,==>
2588,2009-09-24,164,WV: Explore west of Can Town.
2589,2009-09-25,165,WV: Use glowing green rock to open cans.
2590,2009-09-25,165,WV: Examine box of crayons.
2591,2009-09-25,165,==>
2592,2009-09-25,165,WV: Try to open the storage box.
2593,2009-09-25,165,WV: Examine contents of yellow container.
2594,2009-09-25,165,WV: Rescue that poor lightning bug.
2595,2009-09-25,165,==>
2596,2009-09-25,165,WV: Use the chalk to draw some roads.
2597,2009-09-25,165,WV: Lay a chalk foundation for Can Town's civic growth.
2598,2009-09-26,166,WV: Use your own pee for the commercial zones.
2599,2009-09-26,166,WV: Use motor oil to designate commercial zones.
2600,2009-09-26,166,WV: Peel label from can of MAYO and affix to sash.
2601,2009-09-27,167,WV: Survey surroundings in search of more terrain for city.
2602,2009-09-27,167,==>
2603,2009-09-27,167,==>
2604,2009-09-27,167,==>
2605,2009-09-28,168,WV: Check that rampaging boy on the screen.
2606,2009-09-28,168,WV: Turn on the other 3 screens.
2607,2009-09-28,168,WV: Press Tab.
2608,2009-09-28,168,==>
2609,2009-09-28,168,==>
2610,2009-09-29,169,WV: Consume several cans.
2611,2009-09-29,169,WV: Welcome the rest into the city.
2612,2009-09-29,169,WV: Hit escape.
2613,2009-09-29,169,==>
2614,2009-09-29,169,==>
2615,2009-09-29,169,WV: Type => SWITCH 2.
2616,2009-09-29,169,WV: Type => SWITCH 3.
2617,2009-09-30,170,WV: Type => HOME.
2618,2009-09-30,170,WV: Type => REBOOT.
2619,2009-09-30,170,WV: Be the mayor.
2620,2009-09-30,170,WV: Create employment opportunities for the citizen cans.
2621,2009-10-02,172,[S] WV: Lead your men to victory!
2622,2009-10-03,173,WV: Mourn the loss of citizen tab.
2623,2009-10-03,173,Minutes in the future...
2624,2009-10-03,173,WV: Go outside and get some sun.
2625,2009-10-03,173,==>
2626,2009-10-03,173,==>
2627,2009-10-03,173,==>
2628,2009-10-04,174,WV: Curiously prod the funny-looking spirograph.
2629,2009-10-04,174,==>
2630,2009-10-04,174,WV: Select the triangley fractal.
2631,2009-10-04,174,==>
2632,2009-10-04,174,==>
2633,2009-10-04,174,==>
2634,2009-10-04,174,WV: Attach your trusty knife to the meter stick.
2635,2009-10-04,174,==>
2636,2009-10-04,174,WV: Look at the other wall.
2637,2009-10-04,174,WV: Press the triangle pattern.
2638,2009-10-04,174,==>
2639,2009-10-05,175,WV: Examine pumpkin.
2640,2009-10-05,175,WV: Devour pumpkin.
2641,2009-10-05,175,WV: Inspect green buttons.
2642,2009-10-05,175,WV: Press green button on right.
2643,2009-10-05,175,WV: Fiddle with the dials.
2644,2009-10-05,175,WV: Appearify your trusty knife.
2645,2009-10-05,175,WV: Appearify Can Town.
2646,2009-10-05,175,WV: Deappearify the pumpkin.
2647,2009-10-05,175,WV: Use trusty knife to carve spook schema in pumpkin.
2648,2009-10-05,175,WV: Move spirograph switch.
2649,2009-10-05,175,WV: Appearify firefly out of the amber.
2650,2009-10-05,175,==>
2651,2009-10-05,175,WV: Adjust time dial to appearify rotten pumpkin.
2652,2009-10-05,175,==>
2653,2009-10-05,175,WV: Appearify the grate over the entrance to the facility.
2654,2009-10-05,175,==>
2655,2009-10-09,179,[S] WV: Hasten to the exit post-haste!
2656,2009-10-11,181,oh wait
2657,2009-10-11,181,[S] WV: Ascend.
2658,2009-10-11,181,==>
2659,2009-10-13,183,"Dear John,"
2660,2009-10-14,184,ACT 3 ==>
2661,2009-10-14,184,Enter name.
2662,2009-10-14,184,Wake up!
2663,2009-10-14,184,Retrieve arms from...
2664,2009-10-14,184,Drop pumpkin on Farmstink.
2665,2009-10-14,184,Read note.
2666,2009-10-14,184,Try again.
2667,2009-10-14,184,==>
2668,2009-10-14,184,Examine room.
2669,2009-10-15,185,[S] Jade: Play a silly flute refrain.
2670,2009-10-15,185,==>
2671,2009-10-15,185,Jade: Captchalogue flute.
2672,2009-10-16,186,Jade: Set modus.
2673,2009-10-16,186,Jade: Select Memory.
2674,2009-10-17,187,Jade: Squeal like a piglet and fertilize some plants.
2675,2009-10-17,187,==>
2676,2009-10-17,187,==>
2677,2009-10-17,187,Jade: Consult colourful reminders.
2678,2009-10-17,187,Jade: Captchalogue the pumpkin growing next to you.
2679,2009-10-18,188,Jade: Exit this room.
2680,2009-10-18,188,==>
2681,2009-10-18,188,Jade: Captchalogue something.
2682,2009-10-18,188,==>
2683,2009-10-18,188,==>
2684,2009-10-18,188,==>
2685,2009-10-18,188,==>
2686,2009-10-19,189,Jade: Go upstairs to bedroom.
2687,2009-10-19,189,==>
2688,2009-10-20,190,Jade: Ascend.
2689,2009-10-20,190,==>
2690,2009-10-21,191,Jade: Explore the other half of your room!
2691,2009-10-21,191,==>
2692,2009-10-22,192,Jade: Quickly retrieve firearms from wall.
2693,2009-10-22,192,Jade: Wonder why the design on your shirt changed.
2694,2009-10-22,192,==>
2695,2009-10-22,192,Jade: Captchalogue nearest Squiddles doll and hug it.
2696,2009-10-22,192,==>
2697,2009-10-22,192,Jade: Lose interest in fauna and never speak of it again.
2698,2009-10-22,192,Jade: Pick up your toys!
2699,2009-10-22,192,Jade: Organize all your dolls.
2700,2009-10-23,193,Jade: Change wardrobifier setting.
2701,2009-10-24,194,Jade: Look out window.
2702,2009-10-24,194,Jade: Retrieve fursuit from magic chest.
2703,2009-10-24,194,Jade: Open chest.
2704,2009-10-24,194,Jade: Examine magic 8-ball and magic cue ball.
2705,2009-10-24,194,==>
2706,2009-10-24,194,Jade: Captchalogue refrigerator.
2707,2009-10-24,194,Jade: Feed your friend.
2708,2009-10-24,194,==>
2709,2009-10-24,194,==>
2710,2009-10-24,194,Try again.
2711,2009-10-24,194,Take another crack at this.
2712,2009-10-24,194,"Ok, one more time."
2713,2009-10-24,194,==>
2714,2009-10-24,194,Jade: Stick fruits in the refrigerator to keep them fresh.
2715,2009-10-24,194,==>
2716,2009-10-25,195,Jade: Press the steak button.
2717,2009-10-25,195,==>
2718,2009-10-25,195,Jade: Lightly irradiate steak.
2719,2009-10-25,195,==>
2720,2009-10-27,197,Jade: Examine the atomic bass by your bed.
2721,2009-10-27,197,==>
2722,2009-10-27,197,[S] Jade: Play a hauntingly relaxing bassline.
2723,2009-10-28,198,Jade: Captchalogue bass.
2724,2009-10-28,198,Jade: Open lunchtop.
2725,2009-10-28,198,Jade: Get down to business.
2726,2009-10-30,200,Jade: Activate Pesterchum.
2727,2009-10-30,200,Jade: Pester John.
2728,2009-10-30,200,Jade: See if Dave left you a sweet new rap.
2729,2009-10-30,200,==>
2730,2009-10-31,201,[S] Jade: Open FreshJamz!
2731,2009-11-02,203,Jade: Open Echidna and go to mspaintadventures.com
2732,2009-11-02,203,END INTERMISSION.
2733,2009-11-02,203,[S] MIDNIGHT CREW: ACT 1031
2734,2009-11-03,204,==>
2735,2009-11-03,204,Jade: Pester Dave.
2736,2009-11-06,207,[S] Dave: STRIFE.
2737,2009-11-07,208,==>
2738,2009-11-07,208,Jade: Pester Rose.
2739,2009-11-07,208,Jade: Be the other girl.
2740,2009-11-07,208,Rose: Descend.
2741,2009-11-07,208,Jade: Stop being the other girl and pester John again.
2742,2009-11-07,208,==>
2743,2009-11-08,209,[S] Jade: Descend.
2744,2009-11-09,210,Also in the future...
2745,2009-11-10,211,==>
2746,2009-11-10,211,==>
2747,2009-11-10,211,==>
2748,2009-11-10,211,Rose: Look for mad scientists.
2749,2009-11-10,211,==>
2750,2009-11-10,211,==>
2751,2009-11-10,211,Jade: Transportalize as far down as you can go.
2752,2009-11-11,212,Jade: Proceed.
2753,2009-11-11,212,Jade: Keep going.
2754,2009-11-11,212,Jade: Don't stop.
2755,2009-11-11,212,==>
2756,2009-11-11,212,Jade: Complete your descent.
2757,2009-11-11,212,==>
2758,2009-11-11,212,==>
2759,2009-11-11,212,Jade: Answer.
2760,2009-11-11,212,Rose: Look at that kiosk.
2761,2009-11-11,212,Rose: Go to the center and do a goofy dance.
2762,2009-11-12,213,Rose: Attempt to plug laptop into nearby hub.
2763,2009-11-12,213,==>
2764,2009-11-12,213,Rose: Examine fetch modus.
2765,2009-11-12,213,==>
2766,2009-11-12,213,Rose: Find the unlocked hub.
2767,2009-11-12,213,==>
2768,2009-11-12,213,==>
2769,2009-11-12,213,==>
2770,2009-11-14,215,Again in the future...
2771,2009-11-18,219,[S] Dave: Abscond.
2772,2009-11-19,220,IT KEEPS HAPPENING
2773,2009-11-19,220,Rose: Look around for anything else of importance.
2774,2009-11-19,220,==>
2775,2009-11-19,220,==>
2776,2009-11-19,220,==>
2777,2009-11-20,221,Rose: Turn on your laptop and check on John.
2778,2009-11-20,221,==>
2779,2009-11-20,221,[S] Rose: Ascend.
2780,2009-11-21,222,John: High-five Nannaquin.
2781,2009-11-21,222,John: Climb that echeladder.
2782,2009-11-21,222,John: Collect phat lewtz.
2783,2009-11-21,222,John: Pick up as much grist as you can hold.
2784,2009-11-21,222,==>
2785,2009-11-21,222,==>
2786,2009-11-22,223,"Elsewhere, we find a place..."
2787,2009-11-22,223,==>
2788,2009-11-22,223,==>
2789,2009-11-22,223,==>
2790,2009-11-22,223,==>
2791,2009-11-22,223,==>
2792,2009-11-22,223,You are now...
2793,2009-11-22,223,PM: Check mail.
2794,2009-11-22,223,PM: Open envelope.
2795,2009-11-22,223,==>
2796,2009-11-22,223,==>
2797,2009-11-23,224,PM: Examine keyboard and screen.
2798,2009-11-23,224,PM: Type => VIEW
2799,2009-11-23,224,Greetings.
2800,2009-11-23,224,Don't I know you?
2801,2009-11-23,224,==>
2802,2009-11-23,224,==>
2803,2009-11-23,224,==>
2804,2009-11-23,224,Rose: Refuse to acknowledge the absurd tea set.
2805,2009-11-23,224,==>
2806,2009-11-23,224,Rose: Wear the scarf. Be the Rider.
2807,2009-11-23,224,==>
2808,2009-11-24,225,John: Resist great urge to take the wedged shale.
2809,2009-11-24,225,==>
2810,2009-11-24,225,John: Jump down.
2811,2009-11-25,226,==>
2812,2009-11-25,226,Jade: Scamper into grand foyer with wild abandon.
2813,2009-11-25,226,Jade: Arm yourself.
2814,2009-11-26,227,Jade: Examine those chaps on the sofa.
2815,2009-11-26,227,==>
2816,2009-11-26,227,==>
2817,2009-11-27,228,Jade: Leap dramatically across the divide.
2818,2009-11-27,228,[S] Strife!!!
2819,2009-11-28,229,==>
2820,2009-11-28,229,Jade: Abscond!
2821,2009-11-28,229,PM: Miraculously survive.
2822,2009-11-28,229,PM: Peer out explosion hole.
2823,2009-11-28,229,==>
2824,2009-11-28,229,==>
2825,2009-11-28,229,==>
2826,2009-11-29,230,Rose: Refuse to acknowledge the absurd kitten.
2827,2009-11-29,230,Rose: Insert coin.
2828,2009-11-29,230,Rose: Let's play a game.
2829,2009-11-29,230,Rose: Screw around with the appearifier.
2830,2009-11-29,230,==>
2831,2009-11-30,231,Rose: Cause time paradox.
2832,2009-11-30,231,==>
2833,2009-11-30,231,==>
2834,2009-11-30,231,==>
2835,2009-11-30,231,Rose: Have a flashback.
2836,2009-11-30,231,==>
2837,2009-12-01,232,Rose: Trace Jaspers' whereabouts on the machine.
2838,2009-12-01,232,[S] Rose: Fast forward to now.
2839,2009-12-01,232,==>
2840,2009-12-01,232,Rose: Appearify Jaspers immediately.
2841,2009-12-01,232,Rose: Stop fooling around and transportalize out of there!
2842,2009-12-02,233,Jade: Locate and feed the devilbeast you call a pet.
2843,2009-12-02,233,==>
2844,2009-12-02,233,==>
2845,2009-12-02,233,Jade: Retrieve the package you expected to arrive.
2846,2009-12-03,234,"John: Triple somersault into room, etc. Stick the landing."
2847,2009-12-03,234,John: Snoop.
2848,2009-12-03,234,[S] John: Examine your dad's room.
2849,2009-12-03,234,"John: Calm down, it'll be alright."
2850,2009-12-03,234,==>
2851,2009-12-03,234,==>
2852,2009-12-03,234,==>
2853,2009-12-03,234,Enter name.
2854,2009-12-03,234,Take another stab at it.
2855,2009-12-03,234,State name and rank.
2856,2009-12-03,234,Jack: Don comical hat.
2857,2009-12-04,235,Jack: Call a minion.
2858,2009-12-04,235,==>
2859,2009-12-04,235,==>
2860,2009-12-04,235,Jack: Throw down hat in disgust.
2861,2009-12-04,235,==>
2862,2009-12-04,235,==>
2863,2009-12-04,235,John: Investigate room for anything dad may have left behind
2864,2009-12-05,236,John: Present time! Open a present see what's inside!
2865,2009-12-05,236,John: Obtain SW33TL00T.
2866,2009-12-05,236,==>
2867,2009-12-05,236,John: Equip array fetch modus.
2868,2009-12-05,236,John: Read instructions for control deck.
2869,2009-12-05,236,==>
2870,2009-12-05,236,==>
2871,2009-12-05,236,John: Unwrap the smallest present first.
2872,2009-12-05,236,==>
2873,2009-12-05,236,John: Open the big one.
2874,2009-12-05,236,John: Fill up an entire queuestack with shoes.
2875,2009-12-05,236,John: Captchalogue Fruit Gushers.
2876,2009-12-05,236,John: Closely inspect Fruit Gushers box.
2877,2009-12-05,236,==>
2878,2009-12-05,236,==>
2879,2009-12-06,237,[S] John: Mental breakdown.
2880,2009-12-08,239,[S] Jade: Retrieve package.
2881,2009-12-08,239,==>
2882,2009-12-08,239,==>
2883,2009-12-08,239,==>
2884,2009-12-09,240,Rose: Check self for any mixed atoms with cat.
2885,2009-12-09,240,Rose: Look around room.
2886,2009-12-10,241,Rose: Watch the meteor impact.
2887,2009-12-10,241,==>
2888,2009-12-10,241,==>
2889,2009-12-10,241,John: Get down to business.
2890,2009-12-11,242,Jade: Dream.
2891,2009-12-11,242,==>
2892,2009-12-11,242,==>
2893,2009-12-11,242,==>
2894,2009-12-11,242,Jade: Obliquely foreshadow future through interpretive dance
2895,2009-12-11,242,Jade: Quick! Get into bed!
2896,2009-12-11,242,Jade: Realize you can fly!
2897,2009-12-12,243,Jade: Open the Package.
2898,2009-12-12,243,==>
2899,2009-12-12,243,Months in the past...
2900,2009-12-12,243,==>
2901,2009-12-12,243,John: Make totems.
2902,2009-12-12,243,Rose: Flee room.
2903,2009-12-12,243,Rose: Pester John.
2904,2009-12-12,243,==>
2905,2009-12-13,244,==>
2906,2009-12-13,244,WV: Descend.
2907,2009-12-13,244,WV: Sacrifice your MAYORAL SASH for more CABLES.
2908,2009-12-13,244,WV: Appearify the temple.
2909,2009-12-13,244,==>
2910,2009-12-13,244,WV: Command Serenity to carry the rope to you.
2911,2009-12-13,244,WV: Get ye rope.
2912,2009-12-13,244,==>
2913,2009-12-13,244,==>
2914,2009-12-13,244,==>
2915,2009-12-14,245,WV: Try to appearify the cable again.
2916,2009-12-14,245,WV: Take obvious course of action.
2917,2009-12-15,246,Years in the future...
2918,2009-12-15,246,==>
2919,2009-12-15,246,==>
2920,2009-12-15,246,==>
2921,2009-12-15,246,==>
2922,2009-12-17,248,Rose: Build as much as you can as fast as you can.
2923,2009-12-17,248,==>
2924,2009-12-17,248,John: Alchemize.
2925,2009-12-17,248,==>
2926,2009-12-18,249,[S] Jade: Dream up extra arms and play advanced bass solo.
2927,2009-12-18,249,Jade: Change wardrobifier to cycle thru STAR HEART HORSESHOE
2928,2009-12-18,249,Jade: Go explore the golden city.
2929,2009-12-18,249,==>
2930,2009-12-18,249,==>
2931,2009-12-18,249,==>
2932,2009-12-19,250,Jade: Go and make a new friend.
2933,2009-12-19,250,==>
2934,2009-12-19,250,==>
2935,2009-12-19,250,==>
2936,2009-12-20,251,WV: Eat letter and envelope.
2937,2009-12-20,251,WV: Look behind you!
2938,2009-12-20,251,WV: Read letter.
2939,2009-12-20,251,==>
2940,2009-12-20,251,==>
2941,2009-12-20,251,==>
2942,2009-12-20,251,==>
2943,2009-12-20,251,==>
2944,2009-12-20,251,==>
2945,2009-12-20,251,==>
2946,2009-12-20,251,WV: Give present! Hooray!!!
2947,2009-12-21,252,Jade: Gracefully fly to the other golden tower.
2948,2009-12-21,252,Jade: Inspect neighbor's tower.
2949,2009-12-21,252,==>
2950,2009-12-21,252,==>
2951,2009-12-21,252,==>
2952,2009-12-22,253,John: Alchemize in a 1980's time-lapse montage.
2953,2009-12-22,253,John: Recombine hammer and pogo ride.
2954,2009-12-22,253,John: Combine ghost shirt and suit.
2955,2009-12-22,253,John: Combine ghost suit and Wise Guy book.
2956,2009-12-22,253,John: Combine glasses and PDA.
2957,2009-12-22,253,"John: Combine sledgehammer, telescope, and Sassacre text."
2958,2009-12-22,253,John: Combine gushers and blue ectoplasm.
2959,2009-12-22,253,"John: Combine fake arm, blue ectoplasm, and PDA."
2960,2009-12-22,253,John: Combine ghost gauntlet and bathroom mirror.
2961,2009-12-22,253,John: Combine umbrella and straight razor.
2962,2009-12-22,253,John: Combine gushers and shaving cream.
2963,2009-12-22,253,John: Combine Ghost Dad poster with...
2964,2009-12-22,253,John: Captchalogue/punch Heath Ledger Joker figurine.
2965,2009-12-22,253,John: Combine Cosby poster with computer.
2966,2009-12-22,253,John: Combine Dad's hat and Problem Sleuth game.
2967,2009-12-22,253,John: Combine Hammer and Problem Sleuth game.
2968,2009-12-22,253,John: Combine iron and pogo hammer.
2969,2009-12-23,254,==>
2970,2009-12-24,255,[S] Dave: Strife!
2971,2009-12-24,255,==>
2972,2009-12-24,255,==>
2973,2009-12-29,260,[S] Jade: Pester John.
2974,2009-12-29,260,==>
2975,2009-12-30,261,Jade: Update colourful reminders.
2976,2009-12-30,261,==>
2977,2009-12-30,261,Jade: Grab your harpoon gun.
2978,2009-12-30,261,Jade: Use harpoon to zip-line into the great outdoors.
2979,2009-12-30,261,==>
2980,2009-12-30,261,==>
2981,2009-12-31,262,Rose: Finish building.
2982,2009-12-31,262,Dave: Mourn the loss of Cal.
2983,2009-12-31,262,Dave: Go get a god damn new sword.
2984,2009-12-31,262,Dave: Captchalogue beta.
2985,2009-12-31,262,Dave: Eject your modus and set it to Scrabble values.
2986,2009-12-31,262,Dave: Get beta.
2987,2009-12-31,262,Dave: Pester Rose.
2988,2009-12-31,262,==>
2989,2010-01-01,263,Rose: Captchalogue and send John code for his present.
2990,2010-01-01,263,Months in the past...
2991,2010-01-01,263,"dear rose,"
2992,2010-01-01,263,==>
2993,2010-01-01,263,Rose: Answer.
2994,2010-01-02,264,==>
2995,2010-01-02,264,==>
2996,2010-01-02,264,==>
2997,2010-01-02,264,"dear dave,"
2998,2010-01-02,264,==>
2999,2010-01-02,264,Dave: Answer.
3000,2010-01-02,264,You are now...
3001,2010-01-03,265,"AR: Realize that your weapon is magazine-fed, not clip-fed."
3002,2010-01-03,265,AR: Examine the wall behind you.
3003,2010-01-03,265,AR: Go search for more ammo.
3004,2010-01-03,265,AR: Quickly retrieve side arms.
3005,2010-01-03,265,AR: Find a rocket launcher.
3006,2010-01-03,265,==>
3007,2010-01-03,265,AR: Befriend the unwelcome rogues.
3008,2010-01-03,265,==>
3009,2010-01-03,265,==>
3010,2010-01-03,265,==>
3011,2010-01-04,266,AR: Examine moving platform.
3012,2010-01-04,266,Jade: Place present on monument.
3013,2010-01-04,266,==>
3014,2010-01-04,266,==>
3015,2010-01-04,266,==>
3016,2010-01-04,266,PM : Read the letter.
3017,2010-01-04,266,==>
3018,2010-01-04,266,==>
3019,2010-01-04,266,AR: Berate self for unauthorized demolition.
3020,2010-01-04,266,AR: Be the law.
3021,2010-01-04,266,==>
3022,2010-01-04,266,WV: Wave about in a distracting manner.
3023,2010-01-04,266,==>
3024,2010-01-05,267,PM: Scamper quickly to the newly created hole.
3025,2010-01-05,267,==>
3026,2010-01-05,267,PM: Read the next step of the letter.
3027,2010-01-05,267,==>
3028,2010-01-05,267,==>
3029,2010-01-06,268,Years in the past...
3030,2010-01-06,268,==>
3031,2010-01-06,268,==>
3032,2010-01-06,268,==>
3033,2010-01-06,268,==>
3034,2010-01-06,268,==>
3035,2010-01-06,268,"dear jade,"
3036,2010-01-06,268,==>
3037,2010-01-07,269,WHOP
3038,2010-01-07,269,==>
3039,2010-01-07,269,Jack: Kill John's dad yourself.
3040,2010-01-07,269,==>
3041,2010-01-07,269,==>
3042,2010-01-07,269,==>
3043,2010-01-07,269,==>
3044,2010-01-07,269,==>
3045,2010-01-07,269,Jade: Play guitar to summon giant lily pads.
3046,2010-01-07,269,==>
3047,2010-01-07,269,==>
3048,2010-01-08,270,Dave: Install beta.
3049,2010-01-14,276,[S] Enter.
3050,2010-01-15,277,==>
3051,2010-01-15,277,==>
3052,2010-01-15,277,==>
3053,2010-01-15,277,END OF ACT 3
3054,2010-01-16,278,INTERMISSION
3055,2010-01-16,278,[I] ==>
3056,2010-01-16,278,[I] SS: Inspect timekeeping devices.
3057,2010-01-16,278,[I] SS: Captchalogue carriage clock.
3058,2010-01-16,278,[I] SS: Build fort with clocks.
3059,2010-01-16,278,[I] SS: Check for traps under the billiards rug.
3060,2010-01-16,278,[I] ==>
3061,2010-01-16,278,[I] SS: Play 52 pickup.
3062,2010-01-17,279,[I] SS: Open war chest.
3063,2010-01-17,279,[I] SS: Shuffle contents of war chest.
3064,2010-01-17,279,[I] SS: Scavenge war chest for fancy headwear.
3065,2010-01-17,279,[I] SS: Hide inside your war chest.
3066,2010-01-17,279,[I] SS: Start up the Crosbytop.
3067,2010-01-17,279,[I] SS: Go to mspaintadventures.com.
3068,2010-01-17,279,[I] SS: Delete the time setting on  the crosbytop.
3069,2010-01-17,279,[I] SS: Take the spade key.
3070,2010-01-18,280,[I] SS: Examine vendetta itinerary.
3071,2010-01-18,280,[I] SS: Wonder where the number 8 mugshot went.
3072,2010-01-18,280,[I] SS: Examine heist map.
3073,2010-01-18,280,[I] SS: Use radio device to check on unscrupulous cohorts.
3074,2010-01-18,280,[I] ==>
3075,2010-01-18,280,[I] SS: Enter the hallway near the main entrance.
3076,2010-01-18,280,[I] ==>
3077,2010-01-18,280,[I] SS: Be Hearts Boxcars.
3078,2010-01-18,280,[I] CD: Rough him up.
3079,2010-01-18,280,[I] ==>
3080,2010-01-18,280,[I] CD: Punch clocks in faces to establish chronology.
3081,2010-01-18,280,[I] CD: Swap hats with Doze.
3082,2010-01-19,281,[I] CD: Dump the contents of your war chest over him.
3083,2010-01-19,281,[I] CD: Play some solitaire.
3084,2010-01-19,281,[I] CD: Throw the hat down and stomp it mercilessly.
3085,2010-01-19,281,[I] ==>
3086,2010-01-19,281,[I] SS: Stop being Hearts Boxcars.
3087,2010-01-19,281,[I] SS: Lift left leg and hold it a little ways in the air.
3088,2010-01-19,281,[I] ==>
3089,2010-01-19,281,[I] SS: Wear CD's hat on top of your current one.
3090,2010-01-19,281,[I] SS: Wear backup hat.
3091,2010-01-19,281,[I] ==>
3092,2010-01-20,282,[I] SS: Be Diamonds Droog.
3093,2010-01-20,282,[I] ==>
3094,2010-01-20,282,[I] CD: Grab the deuce of clubs.
3095,2010-01-20,282,[I] CD: Pick up all of the cards and throw them at Doze.
3096,2010-01-20,282,"[I] CD: Pick a card, any card."
3097,2010-01-20,282,[I] CD: Pick up card depicting stately blonde-haired fellows
3098,2010-01-20,282,[I] CD: Forget you are CD. Believe you are Hearts Boxcars.
3099,2010-01-20,282,[I] DD: Wear backup hat.
3100,2010-01-20,282,[I] DD: Retrieve hat from brawlsoleum.
3101,2010-01-20,282,[I] DD: Withdraw licorice fish from backup hat.
3102,2010-01-20,282,[I] ==>
3103,2010-01-20,282,[I] ==>
3104,2010-01-20,282,[I] ==>
3105,2010-01-20,282,[I] DD: Resume pursuit of wounded felt member.
3106,2010-01-20,282,[I] DD: Follow trail of blood up the stairs.
3107,2010-01-21,283,[I] CD: Follow Diamonds Droog's instructions.
3108,2010-01-21,283,[I] CD: Just lock Doze in the battledrobe.
3109,2010-01-21,283,[I] ==>
3110,2010-01-21,283,"[I] Meanwhile, running roughly parallel with present events."
3111,2010-01-21,283,[I] ==>
3112,2010-01-21,283,[I] ==>
3113,2010-01-21,283,[I] SS: Make friends with Die.
3114,2010-01-21,283,[I] ==>
3115,2010-01-21,283,[I] ==>
3116,2010-01-22,284,[I] HB: Stop being SS.
3117,2010-01-22,284,[I] HB: Do a silly dance.
3118,2010-01-22,284,[I] HB: Pry the wall from the safe.
3119,2010-01-22,284,[I] HB: Deploy PUNCHBOX.
3120,2010-01-22,284,[I] HB: Retrieve two of hearts from backup hat.
3121,2010-01-22,284,[I] HB: Peruse Red Cheeks magazine.
3122,2010-01-22,284,[I] HB: Call Clubs on nearest card.
3123,2010-01-22,284,[I] ==>
3124,2010-01-22,284,[I] ==>
3125,2010-01-22,284,[I] ==>
3126,2010-01-22,284,[I] CD: Follow path.
3127,2010-01-22,284,[I] ==>
3128,2010-01-22,284,[I] DD: Take a good look around the new room you're in.
3129,2010-01-22,284,[I] ==>
3130,2010-01-22,284,[I] ==>
3131,2010-01-22,284,[I] ==>
3132,2010-01-22,284,[I] ==>
3133,2010-01-22,284,[I] ==>
3134,2010-01-22,284,[I] ==>
3135,2010-01-23,285,[I] SS: Rematerialize.
3136,2010-01-23,285,[I] ==>
3137,2010-01-23,285,[I] SS: Help the green man live up to his name.
3138,2010-01-23,285,[I] ==>
3139,2010-01-23,285,[I] SS: Take voodoo doll.
3140,2010-01-23,285,[I] SS: Clocks. Destroy them.
3141,2010-01-24,286,[I] DD: Follow blood trail downstairs and finish him off.
3142,2010-01-24,286,[I] SS: Return to being Hearts Boxcars.
3143,2010-01-24,286,[I] CD: Implement nefarious scheme.
3144,2010-01-24,286,[I] ==>
3145,2010-01-24,286,[I] ==>
3146,2010-01-24,286,[I] ==>
3147,2010-01-24,286,[I] ==>
3148,2010-01-24,286,[I] CD: Follow the red-blood road.
3149,2010-01-24,286,[I] ==>
3150,2010-01-24,286,[I] ==>
3151,2010-01-25,287,[I] HB: Waste exactly four hours on this tomfoolery.
3152,2010-01-25,287,[I] ==>
3153,2010-01-25,287,[I] ==>
3154,2010-01-26,288,[I] HB: Call Spades for backup.
3155,2010-01-26,288,[I] ==>
3156,2010-01-26,288,[I] ==>
3157,2010-01-26,288,[I] ==>
3158,2010-01-26,288,[I] CD: Burst in thrusting bull penis cane.
3159,2010-01-26,288,[I] ==>
3160,2010-01-26,288,[I] DD: Sneak into Stitch's boutique.
3161,2010-01-26,288,[I] ==>
3162,2010-01-27,289,[I] HB: Prod idiots with Red Cheeks.
3163,2010-01-27,289,[I] SS: Remove Crowbar's pin.
3164,2010-01-27,289,[I] ==>
3165,2010-01-27,289,[I] ==>
3166,2010-01-29,291,[I] SS: Insert and quickly remove Snowman's pin.
3167,2010-01-29,291,[S][I] ==>
3168,2010-01-29,291,[I] ==>
3169,2010-01-29,291,[I] SS: Remove knife from eye.
3170,2010-01-29,291,[I] SS: Give it to Sawbuck.
3171,2010-01-30,292,[I] SS: Kill something out of rage and frustration.
3172,2010-01-30,292,[I] SS: Bring knives to the gunfight.
3173,2010-01-30,292,[I] SS: Occam's Razor. Crowbar's head. Make it hapen.
3174,2010-01-30,292,[I] Years in the past...
3175,2010-01-30,292,[I] SS: Hit Crowbar in the head.
3176,2010-01-30,292,[I] SS: Stuff him in your deck of cards.
3177,2010-01-30,292,[I] SS: Just go stab Sawbuck until the time shenanigans stop
3178,2010-01-30,292,[I] SS: Carry Sawbuck like Titan Atlas would carry the world
3179,2010-01-30,292,[I] ==>
3180,2010-01-30,292,[I] SS: Stick Crowbar's pin back in again.
3181,2010-01-30,292,[I] ==>
3182,2010-01-30,292,[I] ==>
3183,2010-01-30,292,[I] ==>
3184,2010-02-01,294,[I] SS: Take a moment to think up some time-based one-liners
3185,2010-02-01,294,[I] ==>
3186,2010-02-01,294,"[I] SS: Stab first, utter puns later."
3187,2010-02-01,294,[I] ==>
3188,2010-02-01,294,[I] PSS: Remove Crowbar's pin.
3189,2010-02-02,295,[I] PSS: Be Future Spades Slick.
3190,2010-02-02,295,[I] ==>
3191,2010-02-02,295,[I] SS: Quickly remove lance from Sawbuck.
3192,2010-02-02,295,[I] SS: Knock Sawbuck unconscious.
3193,2010-02-02,295,[I] ==>
3194,2010-02-02,295,[I] ==>
3195,2010-02-02,295,[I] ==>
3196,2010-02-02,295,[I] ==>
3197,2010-02-02,295,[I] ==>
3198,2010-02-02,295,[I] DD: Call Spades.
3199,2010-02-02,295,[I] DD: Have Stitch patch up SS's effigy.
3200,2010-02-02,295,[I] SS: Have right eye patched up.
3201,2010-02-02,295,[I] ==>
3202,2010-02-03,296,"[I] SS: Arm yourself, in case Cans shows up."
3203,2010-02-03,296,[I] SS: Ride around on horse hitcher pretending to joust.
3204,2010-02-03,296,[I] ==>
3205,2010-02-03,296,[I] ==>
3206,2010-02-03,296,[I] ==>
3207,2010-02-04,297,[I] DD: Shoot up biscuit and eggs's effigies.
3208,2010-02-04,297,[I] ==>
3209,2010-02-04,297,[I] ==>
3210,2010-02-04,297,[I] SS: CHARGE!
3211,2010-02-04,297,[I] ==>
3212,2010-02-05,298,[I] SS: Start whacking things with the crowbar.
3213,2010-02-05,298,[I] ==>
3214,2010-02-05,298,[I] ==>
3215,2010-02-05,298,[I] HB: Attempt to eat Eggs.
3216,2010-02-05,298,[I] ==>
3217,2010-02-05,298,[I] ==>
3218,2010-02-05,298,[I] SS: Crowbar. Biscuits' oven. Make it hapen.
3219,2010-02-05,298,[I] CD: Put dynamite in oven.
3220,2010-02-05,298,[I] CD: Turn up heat on Biscuit's oven.
3221,2010-02-05,298,[I] ==>
3222,2010-02-06,299,[I] SS: Use crowbar to pry the safe open.
3223,2010-02-06,299,[I] ==>
3224,2010-02-07,300,[I] SS: Politely ask Clover to remain calm.
3225,2010-02-07,300,[I] DD: Ask Clover for the ultimate riddle.
3226,2010-02-07,300,[I] ==>
3227,2010-02-07,300,[I] ==>
3228,2010-02-07,300,[I] DD: Check personal ads of periodical.
3229,2010-02-07,300,[I] ==>
3230,2010-02-07,300,[I] ==>
3231,2010-02-07,300,"[I] DD: Resist urge to shout ""Oh Yeah!"""
3232,2010-02-07,300,[I] ==>
3233,2010-02-07,300,[I] HB: Use Eggs' body as bait for Cans.
3234,2010-02-07,300,[I] ==>
3235,2010-02-07,300,[I] ==>
3236,2010-02-08,301,[I] SS: Ignore him and just pry the safe open.
3237,2010-02-08,301,[I] ==>
3238,2010-02-08,301,[I] SS: Enter the vault.
3239,2010-02-08,301,[I] SS: Dramatically use the spade key.
3240,2010-02-08,301,[I] SS: Peek inside keyhole.
3241,2010-02-08,301,[I] SS: Use rules card for blackjack.
3242,2010-02-09,302,[I] SS: Get on with it.
3243,2010-02-09,302,[I] ==>
3244,2010-02-09,302,[I] ==>
3245,2010-02-09,302,[I] ==>
3246,2010-02-09,302,[I] ==>
3247,2010-02-09,302,[I] ==>
3248,2010-02-09,302,[I] ==>
3249,2010-02-09,302,[I] SS: Flip your sprite.
3250,2010-02-09,302,[I] SS: Scan the barcode.
3251,2010-02-09,302,[I] ==>
3252,2010-02-09,302,[I] ==>
3253,2010-02-09,302,[I] ==>
3254,2010-02-09,302,[I] ==>
3255,2010-02-09,302,[I] yeah you
3256,2010-02-10,303,[I] ==>
3257,2010-02-10,303,END INTERMISSION.
3258,2010-02-10,303,[S] ACT 4 ==>
3259,2010-02-11,304,In a future settled askance of the present...
3260,2010-02-11,304,==>
3261,2010-02-11,304,==>
3262,2010-02-11,304,==>
3263,2010-02-11,304,==>
3264,2010-02-11,304,==>
3265,2010-02-11,304,==>
3266,2010-02-11,304,In the mystic ruins of an era pre-desecration...
3267,2010-02-11,304,Jade: Take the discs.
3268,2010-02-12,305,Jade: Switch to Jenga modus.
3269,2010-02-12,305,==>
3270,2010-02-12,305,==>
3271,2010-02-12,305,==>
3272,2010-02-12,305,Jade: Switch to Pictionary modus.
3273,2010-02-12,305,Jade: Try out new Pictionary modus.
3274,2010-02-12,305,Jade: Draw Lunchtop.
3275,2010-02-12,305,==>
3276,2010-02-12,305,Jade: Captchalogue the beta.
3277,2010-02-12,305,Jade: Quick! Random scribbling!
3278,2010-02-12,305,==>
3279,2010-02-12,305,==>
3280,2010-02-12,305,Jade: Draw a pumpkin.
3281,2010-02-12,305,==>
3282,2010-02-12,305,==>
3283,2010-02-12,305,Jade: Get the rest of your items.
3284,2010-02-12,305,Jade: Captchalogue bass on card with Dutton ghost image.
3285,2010-02-12,305,==>
3286,2010-02-12,305,==>
3287,2010-02-12,305,==>
3288,2010-02-12,305,==>
3289,2010-02-13,306,Jade: Install Beta.
3290,2010-02-13,306,Jade: Pester chums.
3291,2010-02-13,306,John: Pester Rose.
3292,2010-02-13,306,==>
3293,2010-02-13,306,Dave: Pester Rose.
3294,2010-02-14,307,John: Answer troll.
3295,2010-02-14,307,John: Search for your father's car.
3296,2010-02-15,308,"WV: Settle this dispute in a rational, diplomatic manner."
3297,2010-02-15,308,==>
3298,2010-02-15,308,Jade: Deploy alchemiter.
3299,2010-02-16,309,Jade: Deploy cruxtruder in Dave's room.
3300,2010-02-16,309,==>
3301,2010-02-16,309,Jade: Move Dave's bed to the roof.
3302,2010-02-16,309,Jade: Deploy the cruxtruder in its place.
3303,2010-02-16,309,Jade: Replace television with totem lathe.
3304,2010-02-16,309,Jade: Organize Dave's puppets.
3305,2010-02-16,309,Jade: Tidy up Strider's apartment a little.
3306,2010-02-16,309,==>
3307,2010-02-17,310,[S] ==>
3308,2010-02-18,311,AR: Cautiously drink TAB.
3309,2010-02-18,311,AR: Retrieve mysterious artifacts from ruins.
3310,2010-02-18,311,WV: Introduce new friends to John.
3311,2010-02-18,311,==>
3312,2010-02-18,311,==>
3313,2010-02-18,311,==>
3314,2010-02-18,311,==>
3315,2010-02-18,311,==>
3316,2010-02-18,311,==>
3317,2010-02-19,312,I am told your name is John. Is that correct?
3318,2010-02-19,312,"It's nice to meet you, John."
3319,2010-02-19,312,"Ok, John. Let's explore this place!"
3320,2010-02-19,312,This is great! Something is in there. Take a look.
3321,2010-02-19,312,There is nothing inside. Should we put something in?
3322,2010-02-19,312,This one's empty. Perhaps a delivery is in order?
3323,2010-02-19,312,Introduce yourself to the local amphibious fauna.
3324,2010-02-19,312,Y
3325,2010-02-19,312,Hooray! This one contains a prize!
3326,2010-02-19,312,Open it! Open it!!!
3327,2010-02-19,312,How exciting! A parcel for you. Retrieve it!
3328,2010-02-19,312,Converse.
3329,2010-02-19,312,A good place to keep lookout?
3330,2010-02-19,312,Seer.
3331,2010-02-19,312,"Seer, can you hear me?"
3332,2010-02-19,312,"Have a look around, Rose."
3333,2010-02-19,312,You have much to discover.
3334,2010-02-20,313,John: Go over the river and through the woods.
3335,2010-02-20,313,==>
3336,2010-02-20,313,Jade: Drop the toilet in Dave's room.
3337,2010-02-20,313,==>
3338,2010-02-20,313,==>
3339,2010-02-20,313,==>
3340,2010-02-20,313,Dave: Use now empty apple juice bottle as pee receptacle.
3341,2010-02-20,313,==>
3342,2010-02-20,313,==>
3343,2010-02-20,313,==>
3344,2010-02-20,313,Dave: Kick that puppet out of the shower.
3345,2010-02-20,313,Jade: Retrieve Dave's copy of Sburb and the impaled crow.
3346,2010-02-20,313,Jade: Put something weird in the seizure kernel.
3347,2010-02-20,313,==>
3348,2010-02-21,314,Jade: Wake up.
3349,2010-02-21,314,==>
3350,2010-02-21,314,AR: Use gunpowder and empty crates to make a campfire.
3351,2010-02-22,315,==>
3352,2010-02-22,315,AR: Win over that fine carapace in grey.
3353,2010-02-22,315,==>
3354,2010-02-22,315,==>
3355,2010-02-22,315,"So many years ago, entrenched in the temporally oblique..."
3356,2010-02-22,315,==>
3357,2010-02-22,315,AR?: Surround the scene with caution tape.
3358,2010-02-22,315,AR?: Write the owner of this vehicle a ticket.
3359,2010-02-22,315,==>
3360,2010-02-22,315,==>
3361,2010-02-22,315,==>
3362,2010-02-22,315,==>
3363,2010-02-23,316,John: Activate ghost gloves.
3364,2010-02-23,316,==>
3365,2010-02-23,316,==>
3366,2010-02-23,316,==>
3367,2010-02-23,316,==>
3368,2010-02-23,316,==>
3369,2010-02-23,316,==>
3370,2010-02-23,316,==>
3371,2010-02-23,316,==>
3372,2010-02-23,316,==>
3373,2010-02-24,317,"WV, PM, AR: Stargaze."
3374,2010-02-24,317,==>
3375,2010-02-24,317,==>
3376,2010-02-24,317,PM?: Retrieve package.
3377,2010-02-24,317,==>
3378,2010-02-24,317,PM?: Ready sword.
3379,2010-02-24,317,AR?: Doff your hat to the attractive female.
3380,2010-02-24,317,PM?: Retrieve both parcels.
3381,2010-02-24,317,==>
3382,2010-02-24,317,==>
3383,2010-02-24,317,==>
3384,2010-02-25,318,"John: Chase the man, you want your book!"
3385,2010-02-25,318,John: Save the lizards!
3386,2010-02-25,318,==>
3387,2010-02-25,318,==>
3388,2010-02-25,318,==>
3389,2010-02-25,318,"John, the uncarved tablet you retrieved."
3390,2010-02-25,318,Great! I would like you to carve something on it.
3391,2010-02-25,318,"Rose, find your sprite."
3392,2010-02-25,318,Your deceased pet.
3393,2010-02-25,318,Is it not why you are here?
3394,2010-02-26,319,Follow them.
3395,2010-02-26,319,Examine your pet's tomb.
3396,2010-02-26,319,Enter.
3397,2010-02-26,319,==>
3398,2010-02-26,319,==>
3399,2010-02-26,319,A mother will do whatever is best for her children.
3400,2010-02-27,320,WV: Become the mayor of Exile Town.
3401,2010-02-27,320,==>
3402,2010-02-27,320,WV: Fondly regard desert night.
3403,2010-02-27,320,==>
3404,2010-02-27,320,Jade: Give Dave punch card of an eggy loking thign [sic].
3405,2010-02-28,321,Dave: Pester Jade.
3406,2010-02-28,321,Dave: Make the world's largest omlette.
3407,2010-02-28,321,==>
3408,2010-02-28,321,==>
3409,2010-02-28,321,Jade: Deploy Punch Designix.
3410,2010-02-28,321,Jade: Check unknown objects.
3411,2010-02-28,321,Jade: Deploy green and white compact disc.
3412,2010-02-28,321,==>
3413,2010-02-28,321,Jade: Deploy circuit board looking thingy.
3414,2010-02-28,321,==>
3415,2010-02-28,321,==>
3416,2010-02-28,321,Jade: Attempt to deploy catchalogue disk drive.
3417,2010-03-01,322,Dave: Insert card with the CD on the slot.
3418,2010-03-01,322,Dave: Insert disc into computer.
3419,2010-03-01,322,Dave: Install software.
3420,2010-03-01,322,==>
3421,2010-03-01,322,Dave: Illegally pirate some of John's shale.
3422,2010-03-01,322,Dave: Download a bunch of grist from John. He has plenty.
3423,2010-03-02,323,You guide the Heir. Consult with him.
3424,2010-03-02,323,Who is this bothering you?
3425,2010-03-03,324,"Meanwhile, the past pulls a mean double reacharound..."
3426,2010-03-03,324,==>
3427,2010-03-03,324,==>
3428,2010-03-03,324,==>
3429,2010-03-03,324,==>
3430,2010-03-03,324,==>
3431,2010-03-03,324,PM?: Follow the agent.
3432,2010-03-03,324,==>
3433,2010-03-04,325,==>
3434,2010-03-04,325,==>
3435,2010-03-04,325,==>
3436,2010-03-04,325,==>
3437,2010-03-04,325,==>
3438,2010-03-04,325,"Rose, I must leave now."
3439,2010-03-04,325,This is the last you will hear from me.
3440,2010-03-04,325,==>
3441,2010-03-04,325,Rose: Sip martini thoughtfully.
3442,2010-03-04,325,==>
3443,2010-03-05,326,Fourth Exile: Suddenly appear.
3444,2010-03-05,326,==>
3445,2010-03-05,326,==>
3446,2010-03-05,326,PM: Command John to put the carved tablet into a pyxis.
3447,2010-03-05,326,==>
3448,2010-03-05,326,PM?: Locate the Archagent.
3449,2010-03-05,326,PM?: Grab the box and run!
3450,2010-03-05,326,==>
3451,2010-03-05,326,==>
3452,2010-03-05,326,==>
3453,2010-03-05,326,==>
3454,2010-03-05,326,==>
3455,2010-03-06,327,Jack: Examine package.
3456,2010-03-06,327,Jack: Open it.
3457,2010-03-07,328,Dave: Punch some cards.
3458,2010-03-07,328,Dave: Put a punched card in a shunt.
3459,2010-03-07,328,==>
3460,2010-03-07,328,Dave: Use a punched Gamebro Magazine card.
3461,2010-03-07,328,Jade: Draw the punch designix.
3462,2010-03-07,328,==>
3463,2010-03-07,328,Jade: Send the code to Dave.
3464,2010-03-07,328,Dave: Punch code and put it in the jumper shunty thing.
3465,2010-03-07,328,Jade: Draw the holopad.
3466,2010-03-07,328,==>
3467,2010-03-07,328,Dave: Upgrade alchemiter with holopad.
3468,2010-03-07,328,Jade: Draw the totem lathe.
3469,2010-03-07,328,Jade: Draw the jumper block.
3470,2010-03-07,328,Dave: Upgrade.
3471,2010-03-07,328,Jade: Draw the intellibeam laserstation.
3472,2010-03-07,328,==>
3473,2010-03-10,331,Dave: Captchalogue enlarger.
3474,2010-03-10,331,Dave: Upgrade.
3475,2010-03-10,331,Jade: Draw air conditioner on roof.
3476,2010-03-10,331,Dave: Make air conditioner unit.
3477,2010-03-10,331,==>
3478,2010-03-10,331,John: Find the car.
3479,2010-03-10,331,==>
3480,2010-03-10,331,==>
3481,2010-03-10,331,==>
3482,2010-03-11,332,Rose: Strife.
3483,2010-03-11,332,==>
3484,2010-03-11,332,==>
3485,2010-03-11,332,==>
3486,2010-03-11,332,Rose: Knit the scarf. Ride the ogre.
3487,2010-03-11,332,==>
3488,2010-03-11,332,Rose: Answer Dave.
3489,2010-03-17,338,Dave: Answer troll.
3490,2010-03-17,338,Rose: Answer troll.
3491,2010-03-19,340,==>
3492,2010-03-19,340,Rose: Answer troll.
3493,2010-03-19,340,==>
3494,2010-03-20,341,==>
3495,2010-03-20,341,Dave: Answer troll.
3496,2010-03-20,341,==>
3497,2010-03-21,342,John: Take shortcut.
3498,2010-03-21,342,==>
3499,2010-03-21,342,==>
3500,2010-03-21,342,John: Reunite with your loving wife and daughter.
3501,2010-03-21,342,John: Give dear sweet Casey the bunny.
3502,2010-03-21,342,John: Surrender to overwhelming emotions.
3503,2010-03-22,343,John: Answer CG.
3504,2010-03-23,344,John: Answer GC.
3505,2010-03-23,344,John: Turn around.
3506,2010-03-23,344,John: Examine gate.
3507,2010-03-23,344,John: Hop in.
3508,2010-03-24,345,"WV, AR: Prepare gift for the WQ."
3509,2010-03-24,345,==>
3510,2010-03-24,345,==>
3511,2010-03-24,345,==>
3512,2010-03-24,345,"Meanwhile, in a long discarded memory..."
3513,2010-03-24,345,==>
3514,2010-03-24,345,==>
3515,2010-03-25,346,==>
3516,2010-03-25,346,==>
3517,2010-03-25,346,==>
3518,2010-03-25,346,==>
3519,2010-03-25,346,==>
3520,2010-03-25,346,==>
3521,2010-03-25,346,==>
3522,2010-03-25,346,==>
3523,2010-03-27,348,==>
3524,2010-03-27,348,Rose: Consult with Jaspersprite.
3525,2010-03-27,348,==>
3526,2010-03-27,348,==>
3527,2010-03-28,349,Rose: Pester Jade.
3528,2010-03-28,349,Rose: Pester Dave.
3529,2010-03-28,349,==>
3530,2010-03-28,349,==>
3531,2010-03-29,350,==>
3532,2010-03-29,350,==>
3533,2010-03-30,351,John: Await further instruction.
3534,2010-03-30,351,John: Captchalogue rocket pack.
3535,2010-03-30,351,==>
3536,2010-03-31,352,John: Make rocket pack.
3537,2010-03-31,352,John: Answer Dave.
3538,2010-03-31,352,John: Captchalogue Casey.
3539,2010-03-31,352,John: Blast off.
3540,2010-03-31,352,==>
3541,2010-04-02,354,[S] Dave: Accelerate.
3542,2010-04-02,354,Dave: Consult with Calsprite.
3543,2010-04-02,354,Dave: Pester Rose.
3544,2010-04-02,354,Dave: Reverse.
3545,2010-04-03,355,==>
3546,2010-04-03,355,==>
3547,2010-04-03,355,==>
3548,2010-04-03,355,==>
3549,2010-04-03,355,==>
3550,2010-04-03,355,==>
3551,2010-04-03,355,==>
3552,2010-04-03,355,==>
3553,2010-04-03,355,Rose: Pester Dave.
3554,2010-04-03,355,Rose: Prepare for nap.
3555,2010-04-03,355,Future Dream Rose: Cease to exist.
3556,2010-04-03,355,[S] ==>
3557,2010-04-04,356,Davesprite: Troll GC.
3558,2010-04-04,356,Davesprite: Chill with Dave.
3559,2010-04-04,356,==>
3560,2010-04-05,357,"Meanwhile, hundreds of pages ago..."
3561,2010-04-05,357,==>
3562,2010-04-05,357,so hey
3563,2010-04-05,357,==>
3564,2010-04-05,357,==>
3565,2010-04-05,357,==>
3566,2010-04-05,357,John: Get pestered by Dave.
3567,2010-04-05,357,John: Get trolled by CG.
3568,2010-04-13,365,[S] Jack: Ascend.
3569,2010-04-15,367,Locate fourth wall.
3570,2010-04-15,367,Activate.
3571,2010-04-15,367,AH: Engage in highly indulgent self-insertion into story.
3572,2010-04-15,367,AH: Examine wall.
3573,2010-04-15,367,AH: Forget it. Go back to work.
3574,2010-04-15,367,AH: Recap first year of Homestuck.
3575,2010-04-16,368,AH: I didn't read any of that. Do something less boring.
3576,2010-04-16,368,AH: Retrieve arm from background.
3577,2010-04-16,368,AH: Why don't you keep drawing Homestuck or something.
3578,2010-04-16,368,Ok. ==>
3579,2010-04-16,368,AH: This is stupid. Stop being a wiseass and get drawing.
3580,2010-04-16,368,AH: Can you show us what's going on with John again?
3581,2010-04-16,368,AH: That sounds like a good idea.
3582,2010-04-16,368,Switch wall's view to show us what's going on with John.
3583,2010-04-16,368,==>
3584,2010-04-17,369,John: Answer GC.
3585,2010-04-17,369,John: Open map.
3586,2010-04-17,369,John: Proceed to the second gate.
3587,2010-04-17,369,John: Enter.
3588,2010-04-17,369,==>
3589,2010-04-17,369,==>
3590,2010-04-17,369,==>
3591,2010-04-17,369,John: Get up.
3592,2010-04-17,369,John: Answer Dave.
3593,2010-04-18,370,John: Snoop.
3594,2010-04-18,370,John: Pick up books.
3595,2010-04-18,370,Dave: Zoom in.
3596,2010-04-18,370,==>
3597,2010-04-18,370,==>
3598,2010-04-18,370,==>
3599,2010-04-18,370,==>
3600,2010-04-18,370,==>
3601,2010-04-18,370,==>
3602,2010-04-18,370,==>
3603,2010-04-18,370,==>
3604,2010-04-18,370,==>
3605,2010-04-19,371,John: Check Rose's bookshelf.
3606,2010-04-19,371,John: Look at a book.
3607,2010-04-19,371,John: Take book.
3608,2010-04-19,371,"John: Oh, just open the package already."
3609,2010-04-19,371,==>
3610,2010-04-19,371,"John,"
3611,2010-04-20,372,John: Put the bunny back in the box.
3612,2010-04-20,372,John: Take box.
3613,2010-04-20,372,John: Deploy beloved daughter.
3614,2010-04-20,372,John: Answer troll.
3615,2010-04-21,373,==>
3616,2010-04-21,373,==>
3617,2010-04-21,373,==>
3618,2010-04-21,373,==>
3619,2010-04-21,373,==>
3620,2010-04-22,374,[S] Rose and Dave: Shut up and jam.
3621,2010-04-22,374,==>
3622,2010-04-22,374,==>
3623,2010-04-22,374,"Rose: First, be the pony. Second, follow Mom."
3624,2010-04-22,374,Maplehoof: Enter.
3625,2010-04-22,374,Maplehoof: Follow scent.
3626,2010-04-22,374,Maplehoof: Collect grist.
3627,2010-04-22,374,Maplehoof: Proceed.
3628,2010-04-22,374,==>
3629,2010-04-23,375,"John: First, be the hat. Second, find dad."
3630,2010-04-23,375,==>
3631,2010-04-23,375,==>
3632,2010-04-23,375,==>
3633,2010-04-23,375,==>
3634,2010-04-23,375,==>
3635,2010-04-23,375,==>
3636,2010-04-23,375,==>
3637,2010-04-23,375,John: Visit Rose's alchemiter.
3638,2010-04-23,375,John: Make item.
3639,2010-04-23,375,John: Shrink it down.
3640,2010-04-23,375,John: Pester Davesprite.
3641,2010-04-23,375,Rose: Check out Dave's computer.
3642,2010-04-23,375,==>
3643,2010-04-23,375,==>
3644,2010-04-24,376,TA: Fix GA's computer.
3645,2010-04-24,376,==>
3646,2010-04-24,376,==>
3647,2010-04-24,376,Rose: Examine laptop.
3648,2010-04-24,376,Rose: Go find John.
3649,2010-04-24,376,Rose: Proceed through door uneventfully.
3650,2010-04-24,376,John: Equip trusty rocket.
3651,2010-04-24,376,==>
3652,2010-04-24,376,John: Blast off.
3653,2010-04-24,376,==>
3654,2010-04-24,376,==>
3655,2010-04-25,377,Dave: Be the puppet.
3656,2010-04-25,377,==>
3657,2010-04-25,377,==>
3658,2010-04-25,377,==>
3659,2010-04-25,377,AR?: Follow.
3660,2010-04-25,377,John: Explore.
3661,2010-04-25,377,==>
3662,2010-04-26,378,John: Investigate.
3663,2010-04-26,378,John: Enter.
3664,2010-04-26,378,John: Aggress.
3665,2010-04-26,378,John: Collect spoils.
3666,2010-04-26,378,John: Proceed.
3667,2010-04-27,379,==>
3668,2010-04-27,379,==>
3669,2010-04-27,379,==>
3670,2010-04-27,379,John: Explore lab.
3671,2010-04-27,379,John: Explore lab further.
3672,2010-04-27,379,"John: Who cares, just ride the pony already."
3673,2010-04-27,379,==>
3674,2010-04-27,379,"John: But seriously, keep exploring."
3675,2010-04-27,379,John: Put it on.
3676,2010-04-27,379,John: Examine nearby station.
3677,2010-04-27,379,AR?: Resist urge to ride bro's rocket board.
3678,2010-04-27,379,AR?: Pop a fucking wheelie.
3679,2010-04-29,381,==>
3680,2010-04-29,381,PM?: Prepare to depart for battlefield.
3681,2010-04-29,381,==>
3682,2010-04-29,381,==>
3683,2010-04-29,381,==>
3684,2010-04-29,381,==>
3685,2010-04-29,381,CD?: Pick PM?'s pocket.
3686,2010-04-29,381,==>
3687,2010-04-29,381,PM?: Depart.
3688,2010-04-29,381,==>
3689,2010-04-29,381,==>
3690,2010-04-29,381,==>
3691,2010-04-29,381,==>
3692,2010-04-29,381,==>
3693,2010-04-29,381,==>
3694,2010-04-29,381,==>
3695,2010-04-29,381,==>
3696,2010-04-29,381,==>
3697,2010-04-29,381,==>
3698,2010-04-29,381,==>
3699,2010-04-29,381,==>
3700,2010-05-05,387,"Meanwhile, in a Timeless Expanse..."
3701,2010-05-05,387,[S] WV?: Rise up.
3702,2010-05-06,388,Rose: Alchemize a whole bunch of cool stuff.
3703,2010-05-06,388,Rose: Combine hub and laptop.
3704,2010-05-06,388,Rose: Combine bronzed vacuum and umbrella.
3705,2010-05-06,388,Rose: Combine salamander and eldritch plush.
3706,2010-05-06,388,Rose: Combine ink bottle and Gushers.
3707,2010-05-06,388,Rose: Combine hubtop and hair band.
3708,2010-05-06,388,Rose: Combine magnetic W and bottle of vodka.
3709,2010-05-06,388,Rose: Combine wizard statue and ball of yarn.
3710,2010-05-06,388,Rose: Combine wizard statue and knitting needles.
3711,2010-05-06,388,Rose: Combine knittings and velvet pillow and squiddle shirt
3712,2010-05-06,388,Rose: Combine needlewands and grimoire.
3713,2010-05-06,388,==>
3714,2010-05-07,389,==>
3715,2010-05-07,389,Rose: Aggrieve encroaching malefactors.
3716,2010-05-07,389,==>
3717,2010-05-12,394,Jade: Build.
3718,2010-05-12,394,==>
3719,2010-05-12,394,==>
3720,2010-05-12,394,Dave: Wake up and jam.
3721,2010-05-12,394,Dave: Combine sunglasses and iPhone.
3722,2010-05-12,394,Dave: Combine timetables and computer.
3723,2010-05-12,394,Dave: Combine puppet tux + smuppet.
3724,2010-05-13,395,Dave: Combine broken Caledscratch and ruby contraband.
3725,2010-05-13,395,Dave: Preview item with holopad.
3726,2010-05-13,395,Dave: Combine whole Caledscratch and ruby contraband.
3727,2010-05-13,395,Dave: Combine shitty sword and Hella Jeff drawing.
3728,2010-05-13,395,Dave: Combine Snoop Dogg photo and mini A/C and Caledscratch
3729,2010-05-13,395,Dave: Combine skateboard and Hella Jeff drawing.
3730,2010-05-13,395,==>
3731,2010-05-13,395,Dave: Make another one.
3732,2010-05-13,395,Dave: Combine Gamebro Magazine and timetables.
3733,2010-05-13,395,Dave: Combine batarang + Midnight Crew poster.
3734,2010-05-13,395,Dave: Combine plush puppet tux + Midnight Crew poster.
3735,2010-05-13,395,Dave: Combine plush puppet tux + Felt poster.
3736,2010-05-14,396,Dave: Combine smuppet and Felt poster.
3737,2010-05-14,396,Dave: Combine dead things in amber && smuppet.
3738,2010-05-14,396,Dave: Combine dead things in amber || smuppet.
3739,2010-05-14,396,Dave: Combine fetus in a jar and Mr. T puppet.
3740,2010-05-14,396,==>
3741,2010-05-14,396,Dave: Combine camera and captchalogue card.
3742,2010-05-14,396,Dave: Take photo of self.
3743,2010-05-14,396,Dave: Combine fetus in a jar and self portrait photo.
3744,2010-05-14,396,Dave: Captcharoid the hologram of your own brain.
3745,2010-05-14,396,Dave: Combine brain and SBaHJ drawing and captcharoid camera
3746,2010-05-14,396,Dave: Try it out.
3747,2010-05-14,396,==>
3748,2010-05-14,396,Dave: Make copies of Rose's journals.
3749,2010-05-14,396,Dave: Take a look.
3750,2010-05-14,396,Dave: Read it.
3751,2010-05-14,396,==>
3752,2010-05-14,396,Dave: Read Complacency of the Learned.
3753,2010-05-15,397,==>
3754,2010-05-15,397,Dave: Go get a bookmark.
3755,2010-05-15,397,==>
3756,2010-05-15,397,Dave: Check on Rose.
3757,2010-05-15,397,Dave: Pester.
3758,2010-05-16,398,Davesprite: Also pester.
3759,2010-05-16,398,==>
3760,2010-05-16,398,==>
3761,2010-05-16,398,Dave: Chill with Davesprite.
3762,2010-05-16,398,==>
3763,2010-05-16,398,Dave: Go back in time and stop the thief.
3764,2010-05-16,398,Dave: Throw yourself out the window.
3765,2010-05-19,401,John: Press a button on the control panel.
3766,2010-05-19,401,John: Examine monitor.
3767,2010-05-19,401,John: Zoom in.
3768,2010-05-19,401,==>
3769,2010-05-19,401,==>
3770,2010-05-19,401,John: Press blue button.
3771,2010-05-19,401,==>
3772,2010-05-19,401,==>
3773,2010-05-19,401,John: => SWITCH 4
3774,2010-05-19,401,John: Zoom in.
3775,2010-05-19,401,==>
3776,2010-05-19,401,John: Press blue button.
3777,2010-05-19,401,John: => SWITCH 3
3778,2010-05-19,401,John: Zoom in.
3779,2010-05-19,401,==>
3780,2010-05-19,401,John: Press blue button.
3781,2010-05-19,401,John: => SWITCH 2
3782,2010-05-19,401,John: Zoom in.
3783,2010-05-19,401,==>
3784,2010-05-19,401,==>
3785,2010-05-19,401,==>
3786,2010-05-19,401,John: Press blue button.
3787,2010-05-19,401,==>
3788,2010-05-19,401,John: There's one more button to push.
3789,2010-05-19,401,==>
3790,2010-05-19,401,==>
3791,2010-05-20,402,John: Scale echeladder.
3792,2010-05-20,402,==>
3793,2010-05-20,402,==>
3794,2010-05-20,402,==>
3795,2010-05-21,403,Navigating the veil nearby...
3796,2010-05-21,403,==>
3797,2010-05-21,403,==>
3798,2010-05-21,403,==>
3799,2010-05-21,403,==>
3800,2010-05-21,403,==>
3801,2010-05-21,403,==>
3802,2010-05-21,403,==>
3803,2010-05-22,404,CG: Troll John.
3804,2010-05-22,404,John: Tend to little pink monkeys.
3805,2010-05-22,404,==>
3806,2010-05-22,404,==>
3807,2010-05-23,405,John: Get trolled by CG again.
3808,2010-05-23,405,==>
3809,2010-05-23,405,AR?: Shred.
3810,2010-05-23,405,==>
3811,2010-05-23,405,AR?: Go in.
3812,2010-05-23,405,AR?: Go down.
3813,2010-05-23,405,AR?: Search premises.
3814,2010-05-23,405,AR?: Examine equipment.
3815,2010-05-24,406,==>
3816,2010-05-24,406,==>
3817,2010-05-24,406,==>
3818,2010-05-24,406,==>
3819,2010-05-24,406,==>
3820,2010-05-24,406,==>
3821,2010-05-24,406,==>
3822,2010-05-24,406,AR?: Fast forward.
3823,2010-05-24,406,==>
3824,2010-05-24,406,==>
3825,2010-05-24,406,==>
3826,2010-05-24,406,==>
3827,2010-05-24,406,==>
3828,2010-05-24,406,==>
3829,2010-05-25,407,John: Get trolled by CG in sane and linear manner.
3830,2010-05-25,407,==>
3831,2010-05-26,408,[S] John: Reunite with your loving wife and daughter.
3832,2010-05-26,408,END OF ACT 4
3833,2010-05-26,408,==>
3834,2010-05-28,410,==>
3835,2010-05-28,410,Dave: Get trolled by GC.
3836,2010-05-30,412,Jade: Get trolled by AT.
3837,2010-05-30,412,==>
3838,2010-05-31,413,Rose: Get trolled by GA.
3839,2010-05-31,413,Dave: Keep getting trolled by GC.
3840,2010-05-31,413,[S] Descend.
3841,2010-06-05,418,==>
3842,2010-06-07,420,==>
3843,2010-06-07,420,Hours in the future...
3844,2010-06-07,420,the recent past is recalled...
3845,2010-06-07,420,==>
3846,2010-06-08,421,==>
3847,2010-06-08,421,==>
3848,2010-06-08,421,Hours in the future...
3849,2010-06-08,421,the recent past is recalled...
3850,2010-06-08,421,==>
3851,2010-06-08,421,==>
3852,2010-06-09,422,==>
3853,2010-06-09,422,==>
3854,2010-06-09,422,==>
3855,2010-06-09,422,John!
3856,2010-06-09,422,==>
3857,2010-06-09,422,"dear john,"
3858,2010-06-09,422,==>
3859,2010-06-09,422,==>
3860,2010-06-09,422,==>
3861,2010-06-09,422,==>
3862,2010-06-09,422,==>
3863,2010-06-10,423,Hours in the future...
3864,2010-06-10,423,the recent past is recalled...
3865,2010-06-10,423,==>
3866,2010-06-10,423,==>
3867,2010-06-10,423,==>
3868,2010-06-10,423,==>
3869,2010-06-10,423,==>
3870,2010-06-10,423,==>
3871,2010-06-10,423,==>
3872,2010-06-10,423,==>
3873,2010-06-10,423,==>
3874,2010-06-11,424,Hours in the future...
3875,2010-06-11,424,and then years...
3876,2010-06-11,424,==>
3877,2010-06-11,424,==>
3878,2010-06-11,424,==>
3879,2010-06-11,424,==>
3880,2010-06-11,424,==>
3881,2010-06-11,424,==>
3882,2010-06-11,424,==>
3883,2010-06-11,424,==>
3884,2010-06-11,424,==>
3885,2010-06-12,425,==>
3886,2010-06-12,425,==>
3887,2010-06-12,425,==>
3888,2010-06-12,425,Recap 2.
3889,2010-06-12,425,ACT 5 ==>
3890,2010-06-12,425,Enter name.
3891,2010-06-12,425,Try again.
3892,2010-06-12,425,Hivebent
3893,2010-06-13,426,Enter name.
3894,2010-06-13,426,Try again.
3895,2010-06-13,426,Karkat: Examine slimy purple pod.
3896,2010-06-13,426,Karkat: Get in.
3897,2010-06-13,426,Karkat: Examine movie posters.
3898,2010-06-13,426,======>
3899,2010-06-13,426,Karkat: Captchalogue sickle.
3900,2010-06-13,426,Karkat: Take card vault.
3901,2010-06-14,427,Karkat: Examine large black book.
3902,2010-06-14,427,======>
3903,2010-06-14,427,Karkat: Leave your room.
3904,2010-06-14,427,Karkat: Examine neighborhood.
3905,2010-06-14,427,======>
3906,2010-06-14,427,Karkat: Go back inside.
3907,2010-06-14,427,Karkat: Check out magazine.
3908,2010-06-14,427,Karkat: Check out DVD.
3909,2010-06-14,427,Karkat: Get down to business on computer.
3910,2010-06-15,428,Karkat: Answer troll.
3911,2010-06-15,428,======>
3912,2010-06-15,428,Enter name.
3913,2010-06-15,428,Gamzee: Captchalogue bottle of Faygo.
3914,2010-06-15,428,Gamzee: Captchalogue computer.
3915,2010-06-15,428,Gamzee: Ride one wheel device.
3916,2010-06-15,428,======>
3917,2010-06-15,428,Gamzee: Sample delicious pie cooling on the counter.
3918,2010-06-15,428,Gamzee: Take a juggling club.
3919,2010-06-15,428,Gamzee: Go outside.
3920,2010-06-16,429,======>
3921,2010-06-16,429,Gamzee: Retrieve husktop.
3922,2010-06-16,429,======>
3923,2010-06-16,429,======>
3924,2010-06-16,429,Gamzee: Answer troll.
3925,2010-06-16,429,Karkat: Get some programming done.
3926,2010-06-16,429,Karkat: Check out one of his files.
3927,2010-06-16,429,Karkat: Answer troll.
3928,2010-06-16,429,======>
3929,2010-06-17,430,======>
3930,2010-06-17,430,======>
3931,2010-06-17,430,Enter name.
3932,2010-06-17,430,Terezi: Cut to the chase and begin LARPing immediately.
3933,2010-06-17,430,Terezi: Interrogate.
3934,2010-06-17,430,======>
3935,2010-06-17,430,======>
3936,2010-06-17,430,Terezi: Slap him around a bit.
3937,2010-06-17,430,======>
3938,2010-06-18,431,======>
3939,2010-06-18,431,Terezi: Call a witness.
3940,2010-06-18,431,======>
3941,2010-06-18,431,======>
3942,2010-06-18,431,Terezi: Sentence the criminal.
3943,2010-06-18,431,Terezi: Flip.
3944,2010-06-18,431,======>
3945,2010-06-18,431,======>
3946,2010-06-18,431,======>
3947,2010-06-18,431,======>
3948,2010-06-19,432,======>
3949,2010-06-19,432,======>
3950,2010-06-19,432,Terezi: Adjourn.
3951,2010-06-19,432,======>
3952,2010-06-19,432,Terezi: Go get cane.
3953,2010-06-19,432,======>
3954,2010-06-20,433,Terezi: Begin recruiting red team members.
3955,2010-06-20,433,Terezi: Troll AC.
3956,2010-06-20,433,Terezi: Troll TC.
3957,2010-06-20,433,======>
3958,2010-06-20,433,Terezi: Deal with Karkat.
3959,2010-06-20,433,A little later...
3960,2010-06-20,433,======>
3961,2010-06-20,433,Karkat: Deal with Terezi.
3962,2010-06-21,434,A little while ago...
3963,2010-06-21,434,======>
3964,2010-06-21,434,======>
3965,2010-06-21,434,======>
3966,2010-06-21,434,A little later...
3967,2010-06-21,434,======>
3968,2010-06-21,434,And later still...
3969,2010-06-21,434,Karkat: Deal with crabby customer.
3970,2010-06-22,435,[S???] ======>
3971,2010-06-22,435,======>
3972,2010-06-22,435,======>
3973,2010-06-22,435,Yeah.
3974,2010-06-22,435,======>
3975,2010-06-22,435,======>
3976,2010-06-22,435,Enter name.
3977,2010-06-23,436,Sollux: Equip throwing stars to strife specibus.
3978,2010-06-23,436,Sollux: Fling stars specibus-ward.
3979,2010-06-23,436,Sollux: Taste honey.
3980,2010-06-23,436,Sollux: Calm those bees down.
3981,2010-06-23,436,Sollux: Get to work at computer.
3982,2010-06-23,436,Sollux: Recruit team leader.
3983,2010-06-24,437,======>
3984,2010-06-24,437,======>
3985,2010-06-24,437,Sollux: Deal with apocalypseArisen.
3986,2010-06-24,437,Sollux: Abort.
3987,2010-06-25,438,======>
3988,2010-06-25,438,======>
3989,2010-06-25,438,======>
3990,2010-06-25,438,Sollux: Lament.
3991,2010-06-25,438,Sollux: Delete.
3992,2010-06-25,438,======>
3993,2010-06-25,438,======>
3994,2010-06-25,438,======>
3995,2010-06-25,438,======>
3996,2010-06-26,439,Be the other girl.
3997,2010-06-26,439,======>
3998,2010-06-26,439,======>
3999,2010-06-26,439,======>
4000,2010-06-27,440,Stop being the other girl.
4001,2010-06-27,440,Enter name.
4002,2010-06-27,440,Tavros: Cut to the chase and play card games immediately.
4003,2010-06-27,440,======>
4004,2010-06-27,440,======>
4005,2010-06-27,440,======>
4006,2010-06-27,440,======>
4007,2010-06-27,440,======>
4008,2010-06-27,440,======>
4009,2010-06-28,441,Tavros: Command faithful steed.
4010,2010-06-28,441,Tavros: Horsaroni: Spawntech -> Slumberbuddies.
4011,2010-06-28,441,======>
4012,2010-06-28,441,======>
4013,2010-06-29,442,Tavros: Roll up your ramp.
4014,2010-06-29,442,Tavros: Hop in.
4015,2010-06-29,442,Tavros: Take lance.
4016,2010-06-29,442,======>
4017,2010-06-29,442,Tavros: Admire posters.
4018,2010-06-29,442,Way in the future...
4019,2010-06-29,442,======>
4020,2010-06-29,442,======>
4021,2010-06-29,442,And way back again...
4022,2010-06-29,442,Tavros: Deal with AG.
4023,2010-06-30,443,Tavros: Rap with TC.
4024,2010-06-30,443,======>
4025,2010-06-30,443,======>
4026,2010-06-30,443,======>
4027,2010-06-30,443,======>
4028,2010-06-30,443,======>
4029,2010-07-01,444,======>
4030,2010-07-01,444,======>
4031,2010-07-01,444,======>
4032,2010-07-01,444,Be the other other girl.
4033,2010-07-01,444,Render the girl in a more symbolic manner.
4034,2010-07-01,444,Enter name.
4035,2010-07-02,445,Aradia: Retrieve computer.
4036,2010-07-02,445,======>
4037,2010-07-02,445,======>
4038,2010-07-02,445,======>
4039,2010-07-02,445,Aradia: Humor GA.
4040,2010-07-02,445,======>
4041,2010-07-02,445,Aradia: Check on Sollux.
4042,2010-07-02,445,Aradia: Go up.
4043,2010-07-02,445,======>
4044,2010-07-02,445,Aradia: Get bugged by AG.
4045,2010-07-03,446,Be the mysterious spider girl.
4046,2010-07-03,446,Sollux: Get back to Aradia.
4047,2010-07-03,446,Sollux: Look out window.
4048,2010-07-03,446,======>
4049,2010-07-03,446,======>
4050,2010-07-03,446,Much later...
4051,2010-07-03,446,Sollux: Wake up.
4052,2010-07-03,446,======>
4053,2010-07-03,446,======>
4054,2010-07-03,446,======>
4055,2010-07-04,447,======>
4056,2010-07-04,447,Enter name.
4057,2010-07-04,447,Nepeta: Retrieve claws from arms.
4058,2010-07-04,447,Nepeta: Scratch lusus behind ears.
4059,2010-07-04,447,======>
4060,2010-07-04,447,Nepeta: Examine computer.
4061,2010-07-05,448,Nepeta: Answer Karkat.
4062,2010-07-05,448,Nepeta: Consult with friend on the matter.
4063,2010-07-05,448,======>
4064,2010-07-05,448,Nepeta: Give Tavros the bad news.
4065,2010-07-06,449,======>
4066,2010-07-06,449,======>
4067,2010-07-06,449,Some time ago...
4068,2010-07-06,449,Tavros: Contact fellow Team Charge member.
4069,2010-07-06,449,Tavros: Hatch campaign.
4070,2010-07-06,449,======>
4071,2010-07-06,449,Tavros: Go outside and begin adventure.
4072,2010-07-06,449,A little later...
4073,2010-07-06,449,======>
4074,2010-07-06,449,======>
4075,2010-07-06,449,======>
4076,2010-07-06,449,======>
4077,2010-07-07,450,======>
4078,2010-07-07,450,Back in the present...
4079,2010-07-08,451,Karkat: Be the other asshole.
4080,2010-07-08,451,HURRY
4081,2010-07-08,451,======>
4082,2010-07-08,451,======>
4083,2010-07-09,452,Aradia: Go home.
4084,2010-07-09,452,======>
4085,2010-07-09,452,Aradia: Begin session.
4086,2010-07-09,452,Aradia: Connect to server player.
4087,2010-07-09,452,Aradia: Tier 1 prototype.
4088,2010-07-09,452,======>
4089,2010-07-09,452,Aradia: Enter.
4090,2010-07-09,452,======>
4091,2010-07-09,452,Aradia: Tier 2 prototype.
4092,2010-07-09,452,======>
4093,2010-07-09,452,Nepeta: Interrogate frog girl.
4094,2010-07-10,453,Aradia: Be the huge bitch.
4095,2010-07-10,453,Enter name.
4096,2010-07-10,453,Vriska: Check out cool drawing on wall.
4097,2010-07-10,453,Vriska: Proceed to computer.
4098,2010-07-10,453,======>
4099,2010-07-10,453,Vriska: Take dice.
4100,2010-07-11,454,Vriska: Begin meddling.
4101,2010-07-11,454,======>
4102,2010-07-11,454,Vriska: Deal with this guy.
4103,2010-07-11,454,======>
4104,2010-07-11,454,Vriska: Endure meddling.
4105,2010-07-11,454,Vriska: Check on lusus.
4106,2010-07-11,454,======>
4107,2010-07-11,454,======>
4108,2010-07-12,455,======>
4109,2010-07-12,455,======>
4110,2010-07-12,455,======>
4111,2010-07-12,455,Enter name.
4112,2010-07-12,455,Equius: Check on lusus.
4113,2010-07-12,455,======>
4114,2010-07-12,455,Equius: Thank Aurthour.
4115,2010-07-12,455,======>
4116,2010-07-12,455,Equius: Drink lusus milk.
4117,2010-07-12,455,======>
4118,2010-07-13,456,Equius: Equiup a bow.
4119,2010-07-13,456,======>
4120,2010-07-13,456,Equius: Answer.
4121,2010-07-13,456,Equius: Talk to friend/enemy.
4122,2010-07-13,456,Vriska: Be in cahoots with Equius. Cahoooooooots.
4123,2010-07-13,456,======>
4124,2010-07-14,457,Equius: Go check on Aradia's present.
4125,2010-07-14,457,Equius: Remove tarp.
4126,2010-07-14,457,======>
4127,2010-07-14,457,======>
4128,2010-07-14,457,======>
4129,2010-07-14,457,======>
4130,2010-07-14,457,======>
4131,2010-07-14,457,======>
4132,2010-07-14,457,======>
4133,2010-07-14,457,======>
4134,2010-07-14,457,======>
4135,2010-07-14,457,======>
4136,2010-07-14,457,Moments earlier...
4137,2010-07-14,457,Vriska: Meddle with Terezi.
4138,2010-07-15,458,And much earlier than that...
4139,2010-07-15,458,======>
4140,2010-07-15,458,======>
4141,2010-07-15,458,Aradia: Make her pay.
4142,2010-07-15,458,======>
4143,2010-07-15,458,======>
4144,2010-07-15,458,Vriska: Answer white text guy.
4145,2010-07-16,459,Vriska: Make her pay.
4146,2010-07-16,459,======>
4147,2010-07-16,459,======>
4148,2010-07-16,459,======>
4149,2010-07-16,459,======>
4150,2010-07-16,459,======>
4151,2010-07-16,459,======>
4152,2010-07-16,459,======>
4153,2010-07-16,459,Be the white text guy.
4154,2010-07-17,460,======>
4155,2010-07-17,460,======>
4156,2010-07-17,460,======>
4157,2010-07-17,460,Terezi: Orchestrate demise of the wicked.
4158,2010-07-17,460,Terezi: Contact partner in crime.
4159,2010-07-17,460,Vriska: Consult little advantage.
4160,2010-07-17,460,======>
4161,2010-07-17,460,======>
4162,2010-07-17,460,======>
4163,2010-07-17,460,Terezi: Inform Mr. Vanilla Milkshake about his missing orb.
4164,2010-07-17,460,======>
4165,2010-07-17,460,======>
4166,2010-07-17,460,======>
4167,2010-07-17,460,======>
4168,2010-07-17,460,In the aftermath of more recent misfortune...
4169,2010-07-18,461,======>
4170,2010-07-18,461,Vriska: Roll.
4171,2010-07-18,461,======>
4172,2010-07-18,461,======>
4173,2010-07-18,461,======>
4174,2010-07-18,461,======>
4175,2010-07-18,461,======>
4176,2010-07-18,461,Vriska: What's her deal????????
4177,2010-07-19,462,======>
4178,2010-07-19,462,Equius: Let her know the deal.
4179,2010-07-19,462,======>
4180,2010-07-19,462,======>
4181,2010-07-19,462,======>
4182,2010-07-19,462,Equius: Proceed to second gate.
4183,2010-07-19,462,======>
4184,2010-07-20,463,Equius: Enter.
4185,2010-07-20,463,Equius: Deliver present.
4186,2010-07-20,463,Aradiasprite: Enter soulbot.
4187,2010-07-20,463,======>
4188,2010-07-20,463,======>
4189,2010-07-20,463,======>
4190,2010-07-20,463,======>
4191,2010-07-20,463,======>
4192,2010-07-20,463,======>
4193,2010-07-20,463,======>
4194,2010-07-27,470,======>
4195,2010-07-27,470,Nepeta: Update wall.
4196,2010-07-28,471,Karkat: Recruit Vriska.
4197,2010-07-28,471,======>
4198,2010-07-28,471,Be Jack a few minutes ago...
4199,2010-07-28,471,======>
4200,2010-07-28,471,Jack: Look at knife.
4201,2010-07-28,471,======>
4202,2010-07-28,471,======>
4203,2010-07-28,471,======>
4204,2010-07-28,471,======>
4205,2010-07-28,471,======>
4206,2010-07-29,472,Karkat: Be in cahoots with Jack.
4207,2010-07-29,472,======>
4208,2010-07-29,472,======>
4209,2010-07-29,472,======>
4210,2010-07-29,472,Red team: Execute Operation Regisurp.
4211,2010-07-29,472,======>
4212,2010-07-30,473,======>
4213,2010-07-30,473,======>
4214,2010-07-30,473,======>
4215,2010-07-30,473,======>
4216,2010-07-30,473,======>
4217,2010-07-30,473,======>
4218,2010-07-30,473,======>
4219,2010-07-30,473,======>
4220,2010-07-31,474,======>
4221,2010-07-31,474,======>
4222,2010-07-31,474,And pages and pages and pages.
4223,2010-07-31,474,Enter name.
4224,2010-07-31,474,Kanaya: Equip chainsaw.
4225,2010-07-31,474,"Kanaya: Fine, equip that then."
4226,2010-07-31,474,Kanaya: Apply.
4227,2010-07-31,474,======>
4228,2010-08-01,475,Kanaya: Answer CC.
4229,2010-08-02,476,Kanaya: Check on lusus.
4230,2010-08-02,476,======>
4231,2010-08-02,476,======>
4232,2010-08-02,476,Kanaya: Go downstairs.
4233,2010-08-02,476,Kanaya: Operate.
4234,2010-08-02,476,======>
4235,2010-08-02,476,======>
4236,2010-08-02,476,======>
4237,2010-08-02,476,Kanaya: Captchalogue that thing.
4238,2010-08-02,476,======>
4239,2010-08-02,476,Kanaya: Just a taste.
4240,2010-08-02,476,======>
4241,2010-08-02,476,Kanaya: Meddle with moirail.
4242,2010-08-03,477,======>
4243,2010-08-03,477,Kanaya: Answer CA.
4244,2010-08-03,477,Kanaya: Return to room.
4245,2010-08-03,477,Kanaya: Consult source.
4246,2010-08-03,477,======>
4247,2010-08-03,477,======>
4248,2010-08-04,478,Tavros: Enter.
4249,2010-08-05,479,And in time...
4250,2010-08-05,479,======>
4251,2010-08-05,479,======>
4252,2010-08-05,479,Tavros: Summon Rufio.
4253,2010-08-05,479,======>
4254,2010-08-06,480,Vriska: Wheeeeeeee!
4255,2010-08-06,480,======>
4256,2010-08-06,480,Kanaya: Mediate.
4257,2010-08-06,480,Vriska: Scurry downstairs.
4258,2010-08-06,480,======>
4259,2010-08-06,480,Vriska: Take them.
4260,2010-08-06,480,Vriska: Go back up.
4261,2010-08-06,480,Vriska: Get code.
4262,2010-08-06,480,======>
4263,2010-08-06,480,Vriska: Send code.
4264,2010-08-06,480,Tavros: Alchemize.
4265,2010-08-06,480,"Tavros: Fly, Pupa!!!!!!!!"
4266,2010-08-07,481,"And again, in time..."
4267,2010-08-07,481,Tavros: Lead fearsome entourage into ruins.
4268,2010-08-07,481,======>
4269,2010-08-07,481,Tavros: Confer with teammate.
4270,2010-08-07,481,Tavros: Look at map.
4271,2010-08-07,481,Tavros: Point cherry vehicle toward X on map.
4272,2010-08-07,481,======>
4273,2010-08-07,481,======>
4274,2010-08-08,482,Vriska: Wake up.
4275,2010-08-08,482,Vriska: Help Pupa find shadow.
4276,2010-08-08,482,======>
4277,2010-08-08,482,Vriska: Apply special stardust.
4278,2010-08-08,482,======>
4279,2010-08-08,482,Vriska: Make Pupa have happy thoughts.
4280,2010-08-08,482,======>
4281,2010-08-09,483,======>
4282,2010-08-09,483,======>
4283,2010-08-09,483,======>
4284,2010-08-09,483,======>
4285,2010-08-09,483,======>
4286,2010-08-09,483,Kanaya: Deal with your own crisis.
4287,2010-08-09,483,Kanaya: Return to serving client.
4288,2010-08-09,483,======>
4289,2010-08-09,483,======>
4290,2010-08-10,484,======>
4291,2010-08-10,484,======>
4292,2010-08-10,484,Try to understand.
4293,2010-08-10,484,======>
4294,2010-08-10,484,Examine flushed quadrant.
4295,2010-08-11,485,Examine caliginous quadrant.
4296,2010-08-11,485,======>
4297,2010-08-11,485,Examine ashen quadrant.
4298,2010-08-11,485,======>
4300,2010-08-11,485,======>
4301,2010-08-12,486,Examine pale quadrant.
4302,2010-08-12,486,======>
4303,2010-08-12,486,Wait! More troll romance exposition please.
4304,2010-08-12,486,======>
4305,2010-08-12,486,======>
4306,2010-08-12,486,======>
4307,2010-08-12,486,Attempt 2x transition combo.
4308,2010-08-12,486,Enter name.
4309,2010-08-13,487,Eridan: Do something awesome.
4310,2010-08-13,487,======>
4311,2010-08-13,487,======>
4312,2010-08-13,487,======>
4313,2010-08-13,487,======>
4314,2010-08-13,487,======>
4315,2010-08-13,487,======>
4316,2010-08-13,487,======>
4317,2010-08-13,487,======>
4318,2010-08-13,487,======>
4319,2010-08-13,487,======>
4320,2010-08-13,487,======>
4321,2010-08-14,488,======>
4322,2010-08-14,488,Enter name.
4323,2010-08-14,488,Feferi: Do something adorable.
4324,2010-08-14,488,======>
4325,2010-08-14,488,======>
4326,2010-08-14,488,======>
4327,2010-08-14,488,======>
4328,2010-08-15,489,======>
4329,2010-08-15,489,======>
4330,2010-08-15,489,======>
4331,2010-08-15,489,======>
4332,2010-08-15,489,======>
4333,2010-08-15,489,======>
4334,2010-08-15,489,======>
4335,2010-08-15,489,======>
4336,2010-08-15,489,Feferi: Go home.
4337,2010-08-15,489,Eridan: Go home.
4338,2010-08-16,490,Eridan: Examine block.
4339,2010-08-16,490,======>
4340,2010-08-16,490,Feferi: Examine block.
4341,2010-08-16,490,======>
4342,2010-08-16,490,======>
4343,2010-08-16,490,Eridan and Feferi: Do something ridiculous.
4344,2010-08-16,490,======>
4345,2010-08-16,490,======>
4346,2010-08-16,490,======>
4347,2010-08-16,490,======>
4348,2010-08-17,491,Eridan: Bother Feferi.
4349,2010-08-17,491,Eridan: Go get a beverage.
4350,2010-08-17,491,Eridan: Check fridge.
4351,2010-08-17,491,Eridan: Open it.
4352,2010-08-17,491,Feferi: Go get a beverage.
4353,2010-08-17,491,======>
4354,2010-08-17,491,======>
4355,2010-08-17,491,Feferi: Disarm.
4356,2010-08-17,491,Eridan: Disarm.
4357,2010-08-17,491,Eridan: Bother Vriska.
4358,2010-08-17,491,======>
4359,2010-08-18,492,======>
4360,2010-08-18,492,======>
4361,2010-08-18,492,======>
4362,2010-08-18,492,======>
4363,2010-08-18,492,======>
4364,2010-08-18,492,======>
4365,2010-08-18,492,======>
4366,2010-08-19,493,Some time later...
4367,2010-08-20,494,Feferi: Report to Eridan.
4368,2010-08-20,494,======>
4369,2010-08-20,494,Feferi: Proceed to gate.
4370,2010-08-20,494,Karkat: Check on Sollux.
4371,2010-08-20,494,======>
4372,2010-08-20,494,======>
4373,2010-08-20,494,======>
4374,2010-08-20,494,======>
4375,2010-08-21,495,Gamzee: Indulge emotional theatrics.
4376,2010-08-21,495,Eridan: Slam a Faygo.
4377,2010-08-21,495,Eridan: BLUH!
4378,2010-08-21,495,And later still...
4379,2010-08-21,495,======>
4380,2010-08-21,495,======>
4381,2010-08-21,495,======>
4382,2010-08-21,495,Karkat: BLUH!
4383,2010-08-21,495,======>
4384,2010-08-21,495,======>
4385,2010-08-21,495,======>
4386,2010-08-22,496,======>
4387,2010-08-22,496,======>
4388,2010-08-22,496,======>
4389,2010-08-22,496,"MSPA: Quick, become more meta while AH is brooding."
4390,2010-08-22,496,==========>
4391,2010-08-22,496,====================>
4392,2010-08-22,496,"AH: Ok, ha ha, get back to the story jackass."
4393,2010-08-22,496,Uh... Wolf?
4394,2010-08-22,496,This is ridiculous.
4395,2010-08-22,496,Oh my god.
4396,2010-08-22,496,Wow.
4397,2010-08-22,496,"Alright, now you're DEFINITELY trolling us. Come on."
4398,2010-08-22,496,"AH: Recap, then?"
4399,2010-08-22,496,AH: Reel it in.
4400,2010-08-22,496,SS: Move this along.
4401,2010-08-22,496,==>
4402,2010-08-22,496,"SS: Type '====', then ==>"
4403,2010-08-23,497,======>
4404,2010-08-23,497,======>
4405,2010-08-23,497,======>
4406,2010-08-23,497,BOY.
4407,2010-08-23,497,YOU THERE. RED AND BLUE EYE BOY.
4408,2010-08-24,498,I REMEMBER THIS!
4409,2010-08-24,498,IT WILL ONLY BE A MOMENT.
4410,2010-08-24,498,TROLL ETIQUETTE SURE IS CONFUSING.
4411,2010-08-24,498,OH JEEZ.
4412,2010-08-24,498,======>
4413,2010-08-24,498,Sollux: Blast off.
4414,2010-08-24,498,Sollux: Get back to adventurin'.
4415,2010-08-24,498,======>
4416,2010-08-25,499,Vriska: Get back to adventurin'.
4417,2010-08-25,499,======>
4418,2010-08-25,499,======>
4419,2010-08-25,499,======>
4420,2010-08-25,499,======>
4421,2010-08-25,499,======>
4422,2010-08-25,499,"8th exile: Type ""=> SWITCH 2""."
4423,2010-08-25,499,======>
4424,2010-08-26,500,Seer.
4425,2010-08-26,500,It is time.
4426,2010-08-26,500,Terezi: Retrieve chalk.
4427,2010-08-26,500,======>
4428,2010-08-26,500,======>
4429,2010-08-26,500,Terezi: Inquire.
4430,2010-08-26,500,To begin your mission.
4431,2010-08-26,500,You must eliminate the archagent.
4432,2010-08-26,500,Nepeta: Surely you must be adventurin' by now.
4433,2010-08-27,501,Nepeta: Aggress.
4434,2010-08-27,501,======>
4435,2010-08-27,501,======>
4436,2010-08-27,501,======>
4437,2010-08-27,501,======>
4438,2010-08-27,501,======>
4439,2010-08-27,501,======>
4440,2010-08-27,501,======>
4441,2010-08-27,501,Equius: Get up and commence the adventurin'.
4442,2010-08-28,502,Equius: Answer Karkat.
4443,2010-08-28,502,Equius: Read first memo.
4444,2010-08-28,502,======>
4445,2010-08-28,502,======>
4446,2010-08-28,502,======>
4447,2010-08-29,503,Karkat: Begin another memo.
4448,2010-08-29,503,HEY RUNT
4449,2010-08-29,503,I SAID GET YER ASS UP AND GO KISS THE GIRL YOU PIPSQUEAK
4450,2010-08-29,503,YOU KISS THAT GIRL THIS INSTANT
4451,2010-08-29,503,======>======>======>
4452,2010-08-29,503,Thief.
4453,2010-08-29,503,You will need to be strong.
4454,2010-08-29,503,======>
4455,2010-08-29,503,======>
4456,2010-08-30,504,======>
4457,2010-08-30,504,Snowman: Continue briefing.
4458,2010-08-30,504,Find the ring before he does.
4459,2010-08-30,504,"And then,"
4460,2010-08-30,504,======>
4461,2010-08-30,504,======>
4462,2010-08-30,504,======>
4463,2010-08-30,504,======>
4464,2010-08-30,504,======>
4465,2010-08-30,504,Centuries ago...
4466,2010-08-30,504,======>
4467,2010-08-31,505,Kanaya: Reply to memo.
4468,2010-09-01,506,Kanaya: Scroll up.
4469,2010-09-01,506,Terezi: Fly up.
4470,2010-09-01,506,======>
4471,2010-09-01,506,======>
4472,2010-09-02,507,======>
4473,2010-09-02,507,======>
4474,2010-09-03,508,Terezi: Respond.
4475,2010-09-03,508,Terezi: Get closer look.
4476,2010-09-03,508,======>
4477,2010-09-03,508,[S... BAHJ] Terezi: Ascend.
4478,2010-09-08,513,[S] Make her pay.
4479,2010-09-09,514,======>
4480,2010-09-09,514,======>
4481,2010-09-09,514,======>
4482,2010-09-09,514,======>
4483,2010-09-09,514,======>
4484,2010-09-10,515,DD: Move this along.
4485,2010-09-10,515,Skip to the end.
4486,2010-09-10,515,======>
4487,2010-09-10,515,======>
4488,2010-09-10,515,======>
4489,2010-09-10,515,That's what I like to hear.
4490,2010-09-15,520,Aradia: Skip to the end.
4491,2010-09-15,520,======>
4492,2010-09-16,521,======>
4493,2010-09-16,521,======>
4494,2010-09-16,521,======>
4495,2010-09-16,521,======>
4496,2010-09-16,521,======>
4497,2010-09-16,521,======>
4498,2010-09-17,522,======>
4499,2010-09-17,522,======>
4500,2010-09-17,522,======>
4501,2010-09-17,522,======>
4502,2010-09-17,522,======>
4503,2010-09-17,522,======>
4504,2010-09-17,522,======>
4505,2010-09-17,522,======>
4506,2010-09-17,522,======>
4507,2010-09-17,522,======>
4508,2010-09-17,522,======>
4509,2010-09-17,522,======>
4510,2010-09-18,523,======>
4511,2010-09-18,523,======>
4512,2010-09-18,523,======>
4513,2010-09-18,523,======>
4514,2010-09-18,523,======>
4515,2010-09-18,523,======>
4516,2010-09-18,523,======>
4517,2010-09-18,523,======>
4518,2010-09-18,523,======>
4519,2010-09-18,523,======>
4520,2010-09-18,523,======>
4521,2010-09-18,523,======>
4522,2010-09-18,523,======>
4523,2010-09-18,523,======>
4524,2010-09-18,523,==>
4525,2010-09-19,524,END OF ACT 5 ACT 1
4526,2010-09-19,524,[S] ACT 5 ACT 2 ==>
4527,2010-09-20,525,==>
4528,2010-09-20,525,Karkat: Troll this worthless human.
4529,2010-09-21,526,Terezi: Open memo.
4530,2010-09-22,527,==>
4531,2010-09-22,527,John: Land already.
4532,2010-09-22,527,==>
4533,2010-09-22,527,==>
4534,2010-09-22,527,Vriska: Manipul8 this worthless human.
4535,2010-09-22,527,==>
4536,2010-09-22,527,==>
4537,2010-09-23,528,==>
4538,2010-09-23,528,==>
4539,2010-09-23,528,==>
4540,2010-09-23,528,==>
4541,2010-09-23,528,==>
4542,2010-09-23,528,==>
4543,2010-09-24,529,"John: Reunite with your loving father, and also scarf lady."
4544,2010-09-24,529,==>
4545,2010-09-24,529,Vriska: Try harder.
4546,2010-09-24,529,==>
4547,2010-09-24,529,==>
4548,2010-09-24,529,==>
4549,2010-09-24,529,==>
4550,2010-09-24,529,==>
4551,2010-09-24,529,==>
4552,2010-09-24,529,==>
4553,2010-09-24,529,John: Answer troll.
4554,2010-09-24,529,John: W8 around for a few minutes.
4555,2010-09-24,529,==>
4556,2010-09-24,529,==>
4557,2010-09-24,529,Jade: Land already.
4558,2010-09-24,529,==>
4559,2010-09-25,530,WV?: Survey casualties.
4560,2010-09-25,530,==>
4561,2010-09-25,530,John: Prepare for flight.
4562,2010-09-25,530,==>
4563,2010-09-25,530,==>
4564,2010-09-25,530,John: Return.
4565,2010-09-26,531,==>
4566,2010-09-26,531,==>
4567,2010-09-26,531,John: Dispatch these pests.
4568,2010-09-26,531,John: Examine room.
4569,2010-09-26,531,John: Examine computer.
4570,2010-09-26,531,John: Examine Posters.
4571,2010-09-26,531,==>
4572,2010-09-26,531,Vriska: What's his deal????????
4573,2010-09-26,531,==>
4574,2010-09-26,531,==>
4575,2010-09-26,531,John: Discard sordid receptacle.
4576,2010-09-27,532,John: Exit to balcony.
4577,2010-09-27,532,==>
4578,2010-09-27,532,==>
4579,2010-09-27,532,John: Assail rogue.
4580,2010-09-27,532,==>
4581,2010-09-27,532,John: Look up.
4582,2010-09-27,532,John: Pester someone's server player.
4583,2010-09-28,533,==>
4584,2010-09-28,533,==>
4585,2010-09-29,534,==>
4586,2010-09-29,534,==>
4587,2010-09-29,534,==>
4588,2010-09-29,534,Rose: Investigate.
4589,2010-09-29,534,==>
4590,2010-09-29,534,==>
4591,2010-09-29,534,==>
4592,2010-09-29,534,Rose: Answer.
4593,2010-09-29,534,Rose: Be the troll girl.
4594,2010-09-29,534,Kanaya: Confer with leader.
4595,2010-09-30,535,Kanaya: Troll the Rose human.
4596,2010-09-30,535,Kanaya: Open viewport.
4597,2010-09-30,535,Kanaya: Keep viewing.
4598,2010-09-30,535,==>
4599,2010-09-30,535,==>
4600,2010-09-30,535,==>
4601,2010-09-30,535,Kanaya: View the past.
4602,2010-09-30,535,==>
4603,2010-09-30,535,Kanaya: Enter name.
4604,2010-09-30,535,==>
4605,2010-09-30,535,Kanaya: Troll the John human.
4606,2010-09-30,535,==>
4607,2010-09-30,535,==>
4608,2010-09-30,535,==>
4609,2010-09-30,535,==>
4610,2010-09-30,535,==>
4611,2010-09-30,535,Kanaya: Troll Rose human again.
4612,2010-09-30,535,==>
4613,2010-09-30,535,Kanaya: Explore this human emotion called friendship.
4614,2010-09-30,535,==>
4615,2010-09-30,535,Kanaya: Troll the Dave human.
4616,2010-09-30,535,Kanaya: Have seventh conversation.
4617,2010-10-01,536,Kanaya: Hop to 8=8.
4618,2010-10-01,536,==>
4619,2010-10-01,536,==>
4620,2010-10-01,536,==>
4621,2010-10-01,536,Kanaya: Have eighth conversation.
4622,2010-10-01,536,==>
4623,2010-10-02,537,John: Make backup computer.
4624,2010-10-02,537,John: Reunite with loving fatherly comedian themed laptop.
4625,2010-10-03,538,==>
4626,2010-10-04,539,Kanaya: Have sixteenth conversation.
4627,2010-10-04,539,==>
4628,2010-10-04,539,==>
4629,2010-10-04,539,==>
4630,2010-10-04,539,==>
4631,2010-10-04,539,==>
4632,2010-10-04,539,John: Empty sylladex.
4633,2010-10-04,539,==>
4634,2010-10-05,540,John: Hurry up!
4635,2010-10-05,540,John: Blast off.
4636,2010-10-05,540,==>
4637,2010-10-05,540,John: Pester someone's server player's server player.
4638,2010-10-06,541,Dave: Make a goddamn killing in the LOHACSE.
4639,2010-10-06,541,==>
4640,2010-10-06,541,==>
4641,2010-10-06,541,Dave: Receive transfer from John.
4642,2010-10-07,542,Dave: Answer.
4643,2010-10-12,547,Dave: Be the troll girl.
4644,2010-10-12,547,Terezi: Sniff Skaiaward.
4645,2010-10-12,547,Terezi: Deploy smelloscope.
4646,2010-10-12,547,Terezi: Take a whiff.
4647,2010-10-12,547,==>
4648,2010-10-12,547,==>
4649,2010-10-12,547,Terezi: Return to party.
4650,2010-10-12,547,==>
4651,2010-10-12,547,==>
4652,2010-10-12,547,==>
4653,2010-10-13,548,Terezi: Report news to partytown subscribers.
4654,2010-10-13,548,Terezi: Open memo.
4655,2010-10-13,548,Terezi: Wait for this important thing to happen.
4656,2010-10-13,548,Terezi: Accept transfer.
4657,2010-10-13,548,Terezi: Lick screen.
4658,2010-10-13,548,==>
4659,2010-10-13,548,Terezi: Confer with network administrator.
4660,2010-10-13,548,==>
4661,2010-10-13,548,==>
4662,2010-10-13,548,==>
4663,2010-10-14,549,Terezi: Examine douthchebag.
4664,2010-10-14,549,==>
4665,2010-10-14,549,Terezi: Observe coolkid.
4666,2010-10-14,549,==>
4667,2010-10-14,549,==>
4668,2010-10-14,549,==>
4669,2010-10-14,549,==>
4670,2010-10-14,549,Sollux: Enter name.
4671,2010-10-14,549,==>
4672,2010-10-15,550,Terezi: Troll this awesome coolkid.
4673,2010-10-15,550,Terezi: Be the awesome coolkid.
4674,2010-10-16,551,Dave: Pester Terezi.
4675,2010-10-16,551,Dave: Change into Four Aces Suited.
4676,2010-10-16,551,==>
4677,2010-10-16,551,==>
4678,2010-10-16,551,==>
4679,2010-10-18,553,==>
4680,2010-10-18,553,==>
4681,2010-10-18,553,==>
4682,2010-10-18,553,==>
4683,2010-10-18,553,==>
4684,2010-10-19,554,John: Pester Vriska.
4685,2010-10-19,554,==>
4686,2010-10-19,554,==>
4687,2010-10-19,554,[S] Vriska: Watch street tough maverick with nothing to lose
4688,2010-10-20,555,John: Answer Karkat.
4689,2010-10-20,555,Dave: Answer Karkat.
4690,2010-10-20,555,John and Dave: Respond to memo.
4691,2010-10-24,559,Karkat: Be Past Karkat.
4692,2010-10-25,560,[S] Past Karkat: Wake up.
4693,2010-10-25,560,John: Connect to Jade.
4694,2010-10-25,560,John: Deploy... huh?
4695,2010-10-25,560,==>
4696,2010-10-26,561,==>
4697,2010-10-26,561,==>
4698,2010-10-27,562,==>
4699,2010-10-27,562,==>
4700,2010-10-27,562,==>
4701,2010-10-27,562,==>
4702,2010-10-27,562,==>
4703,2010-10-28,563,==>
4704,2010-10-28,563,Rose: Get hassled.
4705,2010-10-28,563,Rose: Answer Eridan.
4706,2010-10-28,563,==>
4707,2010-10-29,564,==>
4708,2010-10-29,564,Rose: Answer Aradia.
4709,2010-10-29,564,==>
4710,2010-10-29,564,Aradia: Randomly explode.
4711,2010-10-30,565,==>
4712,2010-10-30,565,Rose: Answer Nepeta.
4713,2010-10-30,565,Rose: Summon mystery fellow.
4714,2010-10-30,565,==>
4715,2010-10-30,565,Rose: Give Jaspersprite laptop.
4716,2010-10-30,565,==>
4717,2010-10-30,565,Dave: Get hassled.
4718,2010-10-31,566,Dave: Answer Gamzee.
4719,2010-10-31,566,Gamzee: Watch.
4720,2010-10-31,566,==>
4721,2010-10-31,566,==>
4722,2010-10-31,566,==>
4723,2010-11-01,567,Gamzee: ENGAGE HERO MODE.
4724,2010-11-01,567,==>
4725,2010-11-02,568,Dave: Answer Equius.
4726,2010-11-03,569,Dave: Pull sword out of thing.
4727,2010-11-03,569,==>
4728,2010-11-03,569,==>
4729,2010-11-03,569,==>
4730,2010-11-03,569,==>
4731,2010-11-03,569,Equius: Dry off.
4732,2010-11-03,569,Dave: Take legendary POS.
4733,2010-11-04,570,Dave: Answer Terezi.
4734,2010-11-04,570,==>
4735,2010-11-04,570,Dave: Summon Davesprite.
4736,2010-11-04,570,==>
4737,2010-11-05,571,==>
4738,2010-11-05,571,==>
4739,2010-11-05,571,==>
4740,2010-11-05,571,Davesprite: Defend.
4741,2010-11-08,574,Jack: Examine.
4742,2010-11-08,574,==>
4743,2010-11-08,574,==>
4744,2010-11-08,574,==>
4745,2010-11-08,574,==>
4746,2010-11-08,574,==>
4747,2010-11-08,574,==>
4748,2010-11-10,576,[S] Jade: Wake up.
4749,2010-11-11,577,==>
4750,2010-11-11,577,Jade: Answer.
4751,2010-11-12,578,Jade: Pester Karkat.
4752,2010-11-12,578,Karkat: Open memo.
4753,2010-11-12,578,Jade: Consult reminders.
4754,2010-11-12,578,Jade: Remove reminders.
4755,2010-11-12,578,==>
4756,2010-11-12,578,==>
4757,2010-11-12,578,Jade: Head home.
4758,2010-11-13,579,John: Be the someone who is Jade's server player.
4759,2010-11-13,579,John: Deploy cruxtruder.
4760,2010-11-13,579,==>
4761,2010-11-13,579,==>
4762,2010-11-13,579,John: Deploy totem lathe.
4763,2010-11-13,579,==>
4764,2010-11-13,579,==>
4765,2010-11-13,579,==>
4766,2010-11-13,579,==>
4767,2010-11-14,580,John: Deploy alchemiter.
4768,2010-11-14,580,Jade: Go inside.
4769,2010-11-15,581,==>
4770,2010-11-15,581,==>
4771,2010-11-15,581,==>
4772,2010-11-15,581,==>
4773,2010-11-15,581,==>
4774,2010-11-15,581,==>
4775,2010-11-15,581,==>
4776,2010-11-15,581,==>
4777,2010-11-15,581,John: Open cruxtruder.
4778,2010-11-15,581,==>
4779,2010-11-15,581,==>
4780,2010-11-16,582,==>
4781,2010-11-16,582,==>
4782,2010-11-16,582,==>
4783,2010-11-16,582,==>
4784,2010-11-16,582,==>
4785,2010-11-16,582,==>
4786,2010-11-17,583,==>
4787,2010-11-17,583,Jade: Proceed to stairwell.
4788,2010-11-17,583,John: Yank monster off of thing.
4789,2010-11-17,583,==>
4790,2010-11-18,584,Jade: Go upstairs.
4791,2010-11-18,584,==>
4792,2010-11-18,584,==>
4793,2010-11-18,584,==>
4794,2010-11-19,585,==>
4795,2010-11-19,585,==>
4796,2010-11-19,585,==>
4797,2010-11-19,585,==>
4798,2010-11-19,585,==>
4799,2010-11-19,585,==>
4800,2010-11-19,585,==>
4801,2010-11-19,585,==>
4802,2010-11-20,586,==>
4803,2010-11-20,586,==>
4804,2010-11-20,586,Rose: Answer John.
4805,2010-11-20,586,Jade: Examine punched card.
4806,2010-11-20,586,Jade: Carve totem.
4807,2010-11-20,586,Jade: Pester Dave.
4808,2010-11-20,586,==>
4809,2010-11-21,587,Dave: Visit paradox sister.
4810,2010-11-21,587,==>
4811,2010-11-21,587,==>
4812,2010-11-21,587,==>
4813,2010-11-21,587,==>
4814,2010-11-21,587,Rose: View John.
4815,2010-11-21,587,John: Wake up.
4816,2010-11-21,587,==>
4817,2010-11-21,587,==>
4818,2010-11-21,587,John: Pester Jade.
4819,2010-11-21,587,==>
4820,2010-11-22,588,John: Equip goggles.
4821,2010-11-22,588,John: Answer Rose.
4822,2010-11-22,588,John: Look to your right.
4823,2010-11-22,588,==>
4824,2010-11-22,588,==>
4825,2010-11-22,588,John: Answer the one who hates you.
4826,2010-11-22,588,==>
4827,2010-11-28,594,[S] Jade: Enter.
4828,2010-11-29,595,==>
4829,2010-11-29,595,==>
4830,2010-11-29,595,==>
4831,2010-11-29,595,==>
4832,2010-11-29,595,==>
4833,2010-11-29,595,==>
4834,2010-11-29,595,==>
4835,2010-11-29,595,==>
4836,2010-11-29,595,==>
4837,2010-11-29,595,==>
4838,2010-11-29,595,==>
4839,2010-11-29,595,==>
4840,2010-11-29,595,==>
4841,2010-11-29,595,==>
4842,2010-11-30,596,==>
4843,2010-11-30,596,WV: Examine fourth station.
4844,2010-11-30,596,WV: Examine pumpkin.
4845,2010-11-30,596,WV: Examine ring.
4846,2010-11-30,596,WV: Remember.
4847,2010-11-30,596,==>
4848,2010-11-30,596,==>
4849,2010-11-30,596,==>
4850,2010-11-30,596,WV?: Defend treasure.
4851,2010-11-30,596,==>
4852,2010-11-30,596,John: Wake up again.
4853,2010-12-01,597,==>
4854,2010-12-01,597,==>
4855,2010-12-01,597,WV: Command the thief's apprentice.
4856,2010-12-01,597,"sir john, i have politely returned."
4857,2010-12-01,597,oh dear. the purple text human again?
4858,2010-12-01,597,"what about the green text human, that one was nicer."
4859,2010-12-01,597,"drat. please continue to solicit her graciously, good john."
4860,2010-12-01,597,"why are you on a small rock? are you in peril, sir?"
4861,2010-12-01,597,"the master thief! is that who you are talking to now, john?"
4862,2010-12-01,597,i don't like the gray text knight. it is an unpleasant human
4863,2010-12-01,597,"john, stop talking to the gray text not human immediately."
4864,2010-12-01,597,stop stop stop stop stop stop stop.
4865,2010-12-01,597,WV: Push it.
4866,2010-12-01,597,==>
4867,2010-12-01,597,==>
4868,2010-12-01,597,==>
4869,2010-12-01,597,==>
4870,2010-12-01,597,==>
4871,2010-12-01,597,==>
4872,2010-12-01,597,==>
4873,2010-12-01,597,==>
4874,2010-12-02,598,Apprentice: Answer thief.
4875,2010-12-02,598,==>
4876,2010-12-02,598,==>
4877,2010-12-02,598,"JOHN, I APOLOGIZE IN A MANNERLY WAY FOR MY BIG LETTERS."
4878,2010-12-02,598,BUT I MUST URGE YOU TO ADDRESS THIS DANGER.
4879,2010-12-02,598,WHY DON'T YOU DO THE WINDY THING?
4880,2010-12-02,598,"BOY, YOU'RE BEING VERY STUPID."
4881,2010-12-02,598,DO THE WINDY THING DO THE WINDY THING DO THE WINDY THING
4882,2010-12-02,598,==>
4883,2010-12-03,599,==>
4884,2010-12-03,599,==>
4885,2010-12-03,599,Dave: Snoop.
4886,2010-12-03,599,==>
4887,2010-12-03,599,==>
4888,2010-12-04,600,[S] ==>
4889,2010-12-05,601,==>
4890,2010-12-05,601,==>
4891,2010-12-05,601,Jade: Answer.
4892,2010-12-05,601,==>
4893,2010-12-05,601,==>
4894,2010-12-05,601,==>
4895,2010-12-05,601,Jade: Wake up again.
4896,2010-12-05,601,==>
4897,2010-12-05,601,Jade: Get out of bed.
4898,2010-12-05,601,Jade: Pester John.
4899,2010-12-05,601,Jade: Climb.
4900,2010-12-05,601,Jade: Turn around.
4901,2010-12-06,602,[S] Jade: STRIFE!!!!!!!!!!!!
4902,2010-12-06,602,==>
4903,2010-12-06,602,==>
4904,2010-12-06,602,==>
4905,2010-12-06,602,Jade: Level up!
4906,2010-12-07,603,Jade: Thank best friend.
4907,2010-12-07,603,==>
4908,2010-12-07,603,==>
4909,2010-12-07,603,Greetings.
4910,2010-12-07,603,==>
4911,2010-12-07,603,Don't I know you?
4912,2010-12-07,603,==>
4913,2010-12-07,603,==>
4914,2010-12-07,603,PM: Rule.
4915,2010-12-07,603,==>
4916,2010-12-08,604,WQ: Approach queen.
4917,2010-12-08,604,==>
4918,2010-12-08,604,PM: Appoint royal advisor.
4919,2010-12-08,604,==>
4920,2010-12-08,604,Jade: Return.
4921,2010-12-08,604,==>
4922,2010-12-08,604,Jade: Go upstairs.
4923,2010-12-08,604,Jade: Retrieve lunchtop.
4924,2010-12-08,604,Jade: Answer Dave.
4925,2010-12-08,604,==>
4926,2010-12-08,604,Jade: Deploy laserstation.
4927,2010-12-08,604,Dave: Eject disc.
4928,2010-12-08,604,Dave: Scan.
4929,2010-12-08,604,Dave: Read code.
4930,2010-12-08,604,Dave: Duplicate disc.
4931,2010-12-08,604,Jade: Go downstairs.
4932,2010-12-08,604,Dave: Deploy and upgrade.
4933,2010-12-09,605,Jade: OH GOD HURRY UP AND ALCHEMIZE STUFF GO GO GO.
4934,2010-12-09,605,Dave: Wake up.
4935,2010-12-09,605,Dave: Retrieve shades.
4936,2010-12-09,605,Dave: Answer Rose.
4937,2010-12-09,605,==>
4939,2010-12-10,606,==>
4940,2010-12-10,606,==>
4941,2010-12-10,606,==>
4942,2010-12-10,606,==>
4943,2010-12-10,606,==>
4944,2010-12-10,606,==>
4945,2010-12-10,606,Rose: Answer fairy god troll.
4946,2010-12-10,606,==>
4947,2010-12-10,606,==>
4948,2010-12-11,607,==>
4949,2010-12-11,607,Jade: Answer fairy god troll.
4950,2010-12-11,607,==>
4951,2010-12-11,607,==>
4952,2010-12-11,607,==>
4953,2010-12-11,607,==>
4954,2010-12-11,607,==>
4955,2010-12-11,607,==>
4956,2010-12-12,608,==>
4957,2010-12-12,608,==>
4958,2010-12-12,608,==>
4959,2010-12-12,608,Thief: Tear into Page.
4960,2010-12-12,608,==>
4961,2010-12-12,608,==>
4962,2010-12-12,608,==>
4963,2010-12-12,608,==>
4964,2010-12-12,608,==>
4965,2010-12-13,609,Page: Retrieve arms.
4966,2010-12-13,609,==>
4967,2010-12-13,609,==>
4968,2010-12-13,609,==>
4969,2010-12-13,609,==>
4970,2010-12-13,609,AH: Ride.
4971,2010-12-13,609,Hell yes.
4972,2010-12-13,609,Hell.
4973,2010-12-13,609,Fucking.
4974,2010-12-13,609,Yes.
4975,2010-12-14,610,Heir: Level up.
4976,2010-12-14,610,Air: Cloud up.
4977,2010-12-14,610,==>
4978,2010-12-14,610,==>
4979,2010-12-15,611,[S] John: Enter village.
4980,2010-12-15,611,John: Proceed to Quest Bed.
4981,2010-12-16,612,John: Take legendary nap.
4982,2010-12-16,612,==>
4983,2010-12-16,612,==>
4984,2010-12-16,612,==>
4985,2010-12-16,612,==>
4986,2010-12-16,612,==>
4987,2010-12-16,612,[S] JOHN. RISE UP.
4989,2010-12-19,615,==>
4990,2010-12-19,615,==>
4991,2010-12-19,615,Dave: Pester Terezi.
4992,2010-12-20,616,==>
4993,2010-12-20,616,==>
4994,2010-12-20,616,==>
4995,2010-12-20,616,Dave: Show him your stabs.
4996,2010-12-20,616,==>
4997,2010-12-20,616,==>
4998,2010-12-20,616,==>
4999,2010-12-20,616,==>
5000,2010-12-21,617,==>
5001,2010-12-21,617,==>
5002,2010-12-21,617,==>
5003,2010-12-21,617,KISS HER
5004,2010-12-21,617,KISS THAT GIRL YOU WIMP
5005,2010-12-21,617,AW FER CRYING OUT LOUD
5006,2010-12-21,617,THATS IT
5007,2010-12-21,617,==>
5008,2010-12-21,617,==>
5009,2010-12-21,617,==>
5010,2010-12-21,617,==>
5011,2010-12-21,617,==>
5012,2010-12-21,617,==>
5013,2010-12-22,618,==>
5014,2010-12-22,618,==>
5015,2010-12-22,618,==>
5016,2010-12-22,618,Thief.
5017,2010-12-22,618,==>
5018,2010-12-22,618,==>
5019,2010-12-22,618,==>
5020,2010-12-22,618,==>
5021,2010-12-22,618,Steal his will.
5022,2010-12-22,618,==>
5023,2010-12-22,618,DD: => SWITCH 4
5024,2010-12-22,618,Take her out.
5025,2010-12-22,618,Finish her.
5026,2010-12-22,618,What are you.
5027,2010-12-22,618,==>
5028,2010-12-22,618,==>
5029,2010-12-22,618,==>
5030,2010-12-23,619,"Rise up, Thief."
5031,2010-12-23,619,==>
5032,2010-12-23,619,Snowman: Escape.
5033,2010-12-23,619,==>
5034,2010-12-23,619,WV: Escape.
5035,2010-12-23,619,==>
5036,2010-12-23,619,==>
5037,2010-12-23,619,WV: Examine treasure.
5038,2010-12-23,619,WV: Search for power source.
5039,2010-12-23,619,Jade: Prepare for imminent windfall.
5040,2010-12-23,619,==>
5041,2010-12-24,620,shit. lets be santa
5042,2010-12-24,620,Jade: Draw conksuck boot.
5043,2010-12-24,620,Jade: Deck halls.
5044,2010-12-25,621,Jade: Alchemize.
5045,2010-12-25,621,Jade: Make earmuffs.
5046,2010-12-25,621,Jade: Just draw some earmuffs.
5047,2010-12-25,621,Jade: Combine earmuffs and lunchtop.
5048,2010-12-25,621,Jade: Combine Johnny 5 and lunchtop.
5049,2010-12-25,621,==>
5050,2010-12-25,621,Jade: Combine Iron Man armor and outfit.
5051,2010-12-25,621,==>
5052,2010-12-25,621,Jade: Combine one of grandpa's beauties and outfit.
5053,2010-12-25,621,==>
5054,2010-12-25,621,Jade: Combine Rose's crystal ball and magic cue ball.
5055,2010-12-25,621,==>
5056,2010-12-25,621,Jade: Combine Rose's crystal ball and magic 8 ball.
5057,2010-12-25,621,Jade: Combine crystal ball and glasses.
5058,2010-12-25,621,Jade: Combine sooth specs and lunchtop.
5059,2010-12-25,621,"Jade: Combine furry trophy, lunchtop, and shirt/shoes."
5060,2010-12-25,621,Jade: Combine Dave's Midnight Crew poster and rifle.
5061,2010-12-25,621,Jade: Combine Charles Dutton and squiddle.
5062,2010-12-25,621,==>
5063,2010-12-25,621,Jade: Sketch particle accelerator.
5064,2010-12-25,621,"Jade: Combine rifle, iron lass suit and particle accelerator"
5065,2010-12-25,621,==>
5066,2010-12-25,621,Jade: Combine mummy and MC poster and outfit.
5067,2010-12-25,621,Jade: Combine green sun bedsheets and girl's best friend.
5068,2010-12-25,621,"Jade: Combine dress of eclectica, Felt poster, and 8 ball."
5069,2010-12-25,621,"Jade: Combine mecha, streetsweeper, and iron suit."
5070,2010-12-25,621,==>
5071,2010-12-25,621,Jade: Combine Dutton and sooth specs.
5072,2010-12-25,621,==>
5073,2010-12-25,621,==>
5074,2010-12-28,624,==>
5075,2010-12-28,624,Jade: Answer this douche bag.
5076,2010-12-28,624,Jade: Make this legendary piece of shit.
5077,2010-12-28,624,Jade: Throw LPOS outside with the trash.
5078,2010-12-28,624,==>
5079,2010-12-28,624,==>
5080,2010-12-28,624,==>
5081,2010-12-29,625,==>
5082,2010-12-29,625,Sollux: Answer Aradia.
5083,2010-12-29,625,==>
5084,2010-12-29,625,==>
5085,2010-12-29,625,==>
5086,2010-12-29,625,==>
5087,2010-12-29,625,0_0
5088,2010-12-29,625,==>
5089,2010-12-29,625,Doomed Dave: Wake up.
5090,2010-12-29,625,Doomed Dave: Pester Terezi.
5091,2010-12-29,625,==>
5092,2010-12-29,625,==>
5093,2010-12-29,625,==>
5094,2010-12-29,625,==>
5095,2010-12-29,625,Terezi: Abscond.
5096,2010-12-30,626,Jade: Employ junior compu-sooth spectagoggles.
5097,2010-12-30,626,Jade: View John.
5098,2010-12-30,626,Jade: View Rose.
5099,2010-12-30,626,==>
5100,2010-12-30,626,Jade: View Dave.
5101,2010-12-30,626,Jade: View Davesprite.
5102,2010-12-30,626,==>
5103,2010-12-30,626,Jade: View missing Dave.
5104,2010-12-31,627,Jade: Pester a Dave.
5105,2010-12-31,627,Jade: Do what you're about to do.
5106,2010-12-31,627,Jade: Pester Tavros.
5107,2010-12-31,627,==>
5108,2010-12-31,627,Jade: Go upstairs to laboratory.
5109,2010-12-31,627,Jade: Summon dog.
5110,2010-12-31,627,==>
5111,2010-12-31,627,==>
5112,2010-12-31,627,==>
5113,2010-12-31,627,Jade: Say hello.
5114,2010-12-31,627,==>
5115,2010-12-31,627,==>
5116,2010-12-31,627,==>
5117,2010-12-31,627,==>
5118,2011-01-01,628,Elsewhere...
5119,2011-01-01,628,==>
5120,2011-01-01,628,Lab: Drop.
5121,2011-01-01,628,==>
5122,2011-01-01,628,==>
5123,2011-01-01,628,==>
5124,2011-01-01,628,==>
5125,2011-01-02,629,==>
5126,2011-01-02,629,==>
5127,2011-01-02,629,Lord English: Reveal yourself!!!!!
5128,2011-01-02,629,AH: Don't actually turn out to be LE.
5129,2011-01-02,629,AH: Disrobe.
5130,2011-01-02,629,==>
5131,2011-01-02,629,AH: Retire to study.
5132,2011-01-02,629,AH: Greet Ms. Paint.
5133,2011-01-02,629,AH: Go check out Cal.
5134,2011-01-03,630,AH: Pull up to the old underwood.
5135,2011-01-03,630,AH: Bust out shitty self portrait.
5136,2011-01-03,630,AH: Apply duds.
5137,2011-01-03,630,AH: Begin typing.
5138,2011-01-03,630,Recap 3.
5139,2011-01-03,630,Highlighting all that white text crashed my browser.
5140,2011-01-03,630,==>
5141,2011-01-03,630,==>
5142,2011-01-04,631,==>
5143,2011-01-04,631,==>
5144,2011-01-04,631,==>
5145,2011-01-04,631,==>
5146,2011-01-04,631,==>
5147,2011-01-04,631,==>
5148,2011-01-04,631,==>
5149,2011-01-05,632,==>
5150,2011-01-05,632,Jade: Answer patron troll.
5151,2011-01-05,632,==>
5152,2011-01-06,633,==>
5153,2011-01-07,634,==>
5154,2011-01-07,634,Jade: Examine 4th wall.
5155,2011-01-07,634,Jade: Turn it off.
5156,2011-01-07,634,==>
5157,2011-01-07,634,==>
5158,2011-01-07,634,WV: Build a fort.
5159,2011-01-07,634,Serenity: Go get help.
5160,2011-01-07,634,WQ: Advise Prospitian Monarch.
5161,2011-01-07,634,==>
5162,2011-01-07,634,==>
5163,2011-01-07,634,==>
5164,2011-01-07,634,==>
5165,2011-01-07,634,==>
5166,2011-01-07,634,==>
5167,2011-01-07,634,==>
5168,2011-01-08,635,Serenity: Blink for help furiously!
5169,2011-01-08,635,==>
5170,2011-01-08,635,AR: Prepare to tidy up.
5171,2011-01-08,635,==>
5172,2011-01-09,636,WV: Dream.
5173,2011-01-09,636,==>
5174,2011-01-09,636,==>
5175,2011-01-09,636,==>
5176,2011-01-09,636,==>
5177,2011-01-09,636,==>
5178,2011-01-09,636,==>
5179,2011-01-09,636,==>
5180,2011-01-09,636,==>
5181,2011-01-09,636,==>
5182,2011-01-10,637,==>
5183,2011-01-10,637,==>
5184,2011-01-10,637,==>
5185,2011-01-10,637,==>
5186,2011-01-10,637,==>
5187,2011-01-10,637,==>
5188,2011-01-10,637,==>
5189,2011-01-10,637,==>
5190,2011-01-10,637,==>
5191,2011-01-10,637,==>
5192,2011-01-10,637,==>
5193,2011-01-10,637,==>
5194,2011-01-10,637,==>
5195,2011-01-10,637,==>
5196,2011-01-10,637,==>
5197,2011-01-15,642,[S] Wake.
5198,2011-01-16,643,Tavros: Land already.
5199,2011-01-16,643,==>
5200,2011-01-16,643,==>
5201,2011-01-16,643,Kanaya: View Rose.
5202,2011-01-16,643,==>
5203,2011-01-17,644,Kanaya: Contact future Jade.
5204,2011-01-17,644,Kanaya: Contact past Jade.
5205,2011-01-17,644,==>
5206,2011-01-18,645,==>
5207,2011-01-18,645,==>
5208,2011-01-18,645,==>
5209,2011-01-18,645,==>
5210,2011-01-18,645,Dave: Deploy cloning apparatus.
5211,2011-01-18,645,Jade: Examine.
5212,2011-01-18,645,==>
5213,2011-01-19,646,Dave: Deploy terminal.
5214,2011-01-19,646,==>
5215,2011-01-19,646,Jade: Appearify frog.
5216,2011-01-19,646,Jade: Search for a new frog.
5217,2011-01-19,646,Jade: Clone frog.
5218,2011-01-19,646,Jade: Give him a home.
5219,2011-01-19,646,==>
5220,2011-01-20,647,==>
5221,2011-01-22,649,[S] Kanaya: Return to the core.
5222,2011-01-22,649,==>
5223,2011-01-22,649,==>
5224,2011-01-22,649,==>
5225,2011-01-22,649,==>
5226,2011-01-22,649,==>
5227,2011-01-22,649,==>
5228,2011-01-22,649,==>
5229,2011-01-22,649,==>
5230,2011-01-22,649,==>
5231,2011-01-22,649,==>
5232,2011-01-22,649,==>
5233,2011-01-22,649,==>
5234,2011-01-23,650,==>
5235,2011-01-23,650,==>
5236,2011-01-23,650,==>
5237,2011-01-23,650,==>
5238,2011-01-23,650,==>
5239,2011-01-23,650,==>
5240,2011-01-23,650,==>
5241,2011-01-24,651,==>
5242,2011-01-24,651,==>
5243,2011-01-24,651,==>
5244,2011-01-24,651,==>
5245,2011-01-24,651,==>
5246,2011-01-24,651,==>
5247,2011-01-24,651,==>
5248,2011-01-24,651,Eridan: Abscond.
5249,2011-01-24,651,==>
5250,2011-01-24,651,Karkat: Examine Kanaya.
5251,2011-01-24,651,Karkat: Examine Sollux.
5252,2011-01-24,651,Karkat: Examine Feferi.
5253,2011-01-24,651,Karkat: Examine Kanaya's computer.
5254,2011-01-24,651,Karkat: Highlight.
5255,2011-01-24,651,==>
5256,2011-01-25,652,==>
5257,2011-01-25,652,Karkat: Turn around.
5258,2011-01-25,652,Karkat: Answer.
5259,2011-01-25,652,==>
5260,2011-01-26,653,Karkat: Open memo.
5261,2011-01-26,653,==>
5262,2011-01-26,653,Terezi: Examine Tavros.
5263,2011-01-26,653,==>
5264,2011-01-26,653,Terezi: Investigate.
5265,2011-01-27,654,Terezi: Consider suspects.
5266,2011-01-27,654,Terezi: Sniff around for clues.
5267,2011-01-27,654,==>
5268,2011-01-27,654,Terezi: Inspect noise.
5269,2011-01-27,654,Terezi: Deploy forensics crew.
5270,2011-01-27,654,Terezi: Draw outline.
5271,2011-01-27,654,Terezi: Dust for prints.
5272,2011-01-27,654,==>
5273,2011-01-27,654,==>
5274,2011-01-27,654,==>
5275,2011-01-27,654,==>
5276,2011-01-27,654,Terezi: Get medical report.
5277,2011-01-27,654,==>
5278,2011-01-27,654,Terezi: Prepare to revive.
5279,2011-01-27,654,==>
5280,2011-01-27,654,==>
5281,2011-01-28,655,==>
5282,2011-01-28,655,==>
5283,2011-01-28,655,==>
5284,2011-01-28,655,Karkat and Terezi: Revive.
5285,2011-01-28,655,==>
5286,2011-01-28,655,Rufio: Make him pay.
5287,2011-01-28,655,==>
5288,2011-01-28,655,==>
5289,2011-01-28,655,AH: Revive.
5290,2011-01-28,655,==>
5291,2011-01-28,655,==>
5292,2011-01-30,657,==>
5293,2011-01-30,657,John: Behold puffy oracle.
5294,2011-01-30,657,John: Snap out of it.
5295,2011-01-30,657,John: Take wallet.
5296,2011-01-30,657,John: Read note.
5297,2011-01-30,657,John: Become overwhelmed with responsibility.
5298,2011-01-30,657,John: Check contents of wallet.
5299,2011-01-30,657,WV?: Inspect windy boy's treasure.
5300,2011-01-30,657,==>
5301,2011-01-30,657,WV?: IMBIBE LIKE THE WIND.
5302,2011-01-31,658,John: Empty wallet.
5303,2011-01-31,658,John: Examine contents.
5304,2011-01-31,658,John: Examine photographs.
5305,2011-01-31,658,John: Examine laptop.
5306,2011-01-31,658,John: Clean up this mess.
5307,2011-01-31,658,==>
5308,2011-01-31,658,John: Get in.
5309,2011-01-31,658,John: Buckle up.
5310,2011-01-31,658,WV?: Follow suit.
5311,2011-01-31,658,WV?: Ride.
5312,2011-01-31,658,John: Just do windy thing already.
5313,2011-01-31,658,John and WV?: Ascend.
5314,2011-01-31,658,WE HAVE.
5315,2011-02-01,659,John: Pester Jade.
5316,2011-02-01,659,==>
5317,2011-02-02,660,==>
5318,2011-02-02,660,==>
5319,2011-02-02,660,==>
5320,2011-02-02,660,Karkat: Contact John.
5321,2011-02-02,660,==>
5322,2011-02-02,660,John: Pester Karkat.
5323,2011-02-03,661,Future Karkat: Retreat into lab.
5324,2011-02-03,661,==>
5325,2011-02-03,661,==>
5326,2011-02-03,661,==>
5327,2011-02-03,661,Karkat: Answer Terezi.
5328,2011-02-03,661,Karkat: Examine Sollux.
5329,2011-02-03,661,Karkat: Put teeth back in.
5330,2011-02-03,661,Karkat: Contact Equius.
5331,2011-02-03,661,==>
5332,2011-02-04,662,Terezi: Return to computer lab.
5333,2011-02-04,662,Terezi: Sample sauce.
5334,2011-02-04,662,Terezi: Examine horn pile.
5335,2011-02-04,662,Terezi: Examine body.
5336,2011-02-04,662,Terezi: Examine marks.
5337,2011-02-04,662,==>
5338,2011-02-06,664,[S] Equius: Seek the highb100d.
5339,2011-02-06,664,-->
5340,2011-02-07,665,Gamzee: Subjugglate.
5341,2011-02-07,665,==>
5342,2011-02-07,665,==>
5343,2011-02-07,665,==>
5344,2011-02-07,665,==>
5345,2011-02-07,665,Gamzee: ENGAGE MURDER MODE.
5346,2011-02-07,665,==>
5347,2011-02-07,665,==>
5348,2011-02-07,665,==>
5349,2011-02-07,665,==>
5350,2011-02-07,665,Nepeta: Pounce.
5351,2011-02-07,665,Gamzee: Turn.
5352,2011-02-07,665,Gamzee: Draw Deuce Clubs from strife deck.
5353,2011-02-08,666,==>
5354,2011-02-08,666,==>
5355,2011-02-08,666,==>
5356,2011-02-08,666,==>
5357,2011-02-08,666,==>
5358,2011-02-08,666,honk.
5359,2011-02-08,666,HONK.
5360,2011-02-08,666,honk.
5361,2011-02-08,666,HONK.
5362,2011-02-08,666,honk.
5363,2011-02-08,666,==>
5364,2011-02-08,666,John: Take car.
5365,2011-02-09,667,John: Proceed to castle.
5366,2011-02-09,667,John: Answer.
5367,2011-02-09,667,==>
5368,2011-02-09,667,==>
5369,2011-02-10,668,Terezi: Message Karkat.
5370,2011-02-10,668,Karkat: Examine equipment.
5371,2011-02-10,668,Sollux: Wake up.
5372,2011-02-10,668,==>
5373,2011-02-10,668,==>
5374,2011-02-10,668,==>
5375,2011-02-10,668,==>
5376,2011-02-11,669,Sollux: Pester Terezi.
5377,2011-02-11,669,==>
5378,2011-02-11,669,==>
5379,2011-02-11,669,Dave: Resist great urge to play Bro's Xbox.
5380,2011-02-11,669,Dave: Reset.
5381,2011-02-11,669,Dave: Answer.
5382,2011-02-11,669,==>
5383,2011-02-11,669,==>
5384,2011-02-11,669,==>
5385,2011-02-11,669,==>
5386,2011-02-11,669,==>
5387,2011-02-11,669,==>
5388,2011-02-12,670,==>
5389,2011-02-12,670,==>
5390,2011-02-12,670,==>
5391,2011-02-12,670,==>
5392,2011-02-12,670,==>
5393,2011-02-13,671,John: Prepare to leave castle.
5394,2011-02-13,671,==>
5395,2011-02-13,671,John: 8e cre8tive.
5396,2011-02-13,671,==>
5397,2011-02-13,671,==>
5398,2011-02-13,671,==>
5399,2011-02-13,671,Battlefield: Quake.
5400,2011-02-13,671,==>
5401,2011-02-13,671,==>
5402,2011-02-13,671,==>
5403,2011-02-13,671,==>
5404,2011-02-13,671,==>
5405,2011-02-13,671,==>
5406,2011-02-14,672,Vriska: Read Mindfang's journal.
5407,2011-02-14,672,==>
5408,2011-02-15,673,==>
5409,2011-02-15,673,==>
5410,2011-02-15,673,==>
5411,2011-02-15,673,==>
5412,2011-02-15,673,==>
5413,2011-02-15,673,==>
5414,2011-02-15,673,==>
5415,2011-02-15,673,==>
5416,2011-02-15,673,==>
5417,2011-02-15,673,==>
5418,2011-02-15,673,==>
5419,2011-02-15,673,==>
5420,2011-02-16,674,[S] 3x SHOWDOWN COMBO.
5421,2011-02-17,675,==>
5422,2011-02-17,675,==>
5423,2011-02-17,675,==>
5424,2011-02-17,675,==>
5425,2011-02-17,675,==>
5426,2011-02-17,675,==>
5427,2011-02-17,675,==>
5428,2011-02-17,675,==>
5429,2011-02-17,675,==>
5430,2011-02-18,676,==>
5431,2011-02-18,676,==>
5432,2011-02-18,676,==>
5433,2011-02-18,676,==>
5434,2011-02-18,676,==>
5435,2011-02-18,676,==>
5436,2011-02-18,676,==>
5437,2011-02-18,676,==>
5438,2011-02-19,677,Shades: Descend.
5439,2011-02-19,677,==>
5440,2011-02-19,677,==>
5441,2011-02-19,677,==>
5442,2011-02-19,677,==>
5443,2011-02-19,677,==>
5444,2011-02-19,677,==>
5445,2011-02-19,677,==>
5446,2011-02-19,677,Be Jack Noir.
5447,2011-02-20,678,Jack: Accessorize immediately.
5448,2011-02-20,678,Jack: Take a prize from the lady.
5449,2011-02-20,678,Jack: Trophy binge.
5450,2011-02-20,678,==>
5451,2011-02-20,678,==>
5452,2011-02-20,678,==>
5453,2011-02-21,679,Jack: Sniff out new prey.
5454,2011-02-21,679,Jack: Succumb to unfathomable bloodlust.
5455,2011-02-21,679,Jack: Suppress thoughts of unfathomable Snausages.
5456,2011-02-21,679,==>
5457,2011-02-21,679,==>
5458,2011-02-22,680,Jack: Contact DD?.
5459,2011-02-22,680,DD?: Listen to SS?.
5460,2011-02-22,680,DD?: Contact CD?.
5461,2011-02-22,680,CD?: Listen to DD?.
5462,2011-02-22,680,Jack: Wait.
5463,2011-02-22,680,Be future Jack Noir.
5464,2011-02-22,680,Jack: Wait.
5465,2011-02-22,680,Be Aradia.
5466,2011-02-22,680,Aradia: Release him.
5467,2011-02-23,681,==>
5468,2011-02-23,681,==>
5469,2011-02-23,681,==>
5470,2011-02-23,681,==>
5471,2011-02-23,681,==>
5472,2011-02-23,681,==>
5473,2011-02-23,681,Aradia: Enter bubble.
5474,2011-02-23,681,==>
5475,2011-02-23,681,==>
5476,2011-02-23,681,==>
5477,2011-02-23,681,==>
5478,2011-02-23,681,==>
5479,2011-02-23,681,==>
5480,2011-02-23,681,==>
5481,2011-02-23,681,==>
5482,2011-02-24,682,==>
5483,2011-02-24,682,==>
5484,2011-02-24,682,==>
5485,2011-02-24,682,==>
5486,2011-02-24,682,==>
5487,2011-02-24,682,==>
5488,2011-02-24,682,==>
5489,2011-02-24,682,==>
5490,2011-02-24,682,Aradia: Report discovery.
5491,2011-02-25,683,==>
5492,2011-02-25,683,==>
5493,2011-02-25,683,==>
5494,2011-02-25,683,==>
5495,2011-03-01,687,==>
5496,2011-03-01,687,==>
5497,2011-03-01,687,==>
5498,2011-03-01,687,==>
5499,2011-03-01,687,==>
5500,2011-03-01,687,==>
5501,2011-03-01,687,==>
5502,2011-03-01,687,==>
5503,2011-03-01,687,==>
5504,2011-03-01,687,==>
5505,2011-03-01,687,==>
5506,2011-03-02,688,==>
5507,2011-03-02,688,==>
5508,2011-03-03,689,==>
5509,2011-03-03,689,==>
5510,2011-03-03,689,==>
5511,2011-03-03,689,==>
5512,2011-03-03,689,==>
5513,2011-03-03,689,==>
5514,2011-03-03,689,Be Scratch.
5515,2011-03-03,689,o
5516,2011-03-04,690,o
5517,2011-03-04,690,o
5518,2011-03-04,690,o
5519,2011-03-04,690,o
5520,2011-03-05,691,o
5521,2011-03-05,691,o
5522,2011-03-06,692,o
5523,2011-03-06,692,o
5524,2011-03-06,692,o
5525,2011-03-06,692,o
5526,2011-03-08,694,Be teenage girl from another universe.
5527,2011-03-08,694,Rose: Pester informant.
5528,2011-03-09,695,==>
5529,2011-03-09,695,==>
5530,2011-03-10,696,==>
5531,2011-03-10,696,==>
5532,2011-03-11,697,==>
5533,2011-03-12,698,Rose: Ask.
5534,2011-03-12,698,==>
5535,2011-03-12,698,==>
5536,2011-03-12,698,Rose: Answer.
5537,2011-03-12,698,==>
5538,2011-03-14,700,==>
5539,2011-03-14,700,Seer: Ask.
5540,2011-03-15,701,==>
5541,2011-03-15,701,==>
5542,2011-03-15,701,Rose: Go dark.
5543,2011-03-15,701,==>
5544,2011-03-16,702,Rose: Resist urge to seek revenge.
5545,2011-03-16,702,==>
5546,2011-03-16,702,==>
5547,2011-03-16,702,==>
5548,2011-03-17,703,Big Man: Request time out.
5549,2011-03-17,703,BM: Wreck some havoc.
5550,2011-03-17,703,BM: Request ruler.
5551,2011-03-17,703,==>
5552,2011-03-17,703,==>
5553,2011-03-17,703,==>
5554,2011-03-17,703,==>
5555,2011-03-17,703,==>
5556,2011-03-17,703,==>
5557,2011-03-17,703,==>
5558,2011-03-17,703,"I want to know. Tell me, and please be smug about it."
5559,2011-03-18,704,John: Locate Tumor.
5560,2011-03-18,704,John: Look around.
5561,2011-03-18,704,==>
5562,2011-03-19,705,John: Look inside.
5563,2011-03-19,705,==>
5564,2011-03-19,705,==>
5565,2011-03-19,705,John: Take Tumor.
5566,2011-03-20,706,John: Return to surface.
5567,2011-03-20,706,==>
5568,2011-03-22,708,CD?: Approach locals.
5569,2011-03-22,708,John: Reunite with Liv Tyler.
5570,2011-03-22,708,==>
5571,2011-03-22,708,==>
5572,2011-03-22,708,==>
5573,2011-03-22,708,John: Retrieve tiny hammer.
5574,2011-03-22,708,==>
5575,2011-03-22,708,John: Read note.
5576,2011-03-22,708,==>
5577,2011-03-23,709,John: Hugen hammer.
5578,2011-03-23,709,==>
5579,2011-03-23,709,[S] All: Behold glory of Zillyhoo.
5580,2011-03-24,710,==>
5581,2011-03-24,710,==>
5582,2011-03-24,710,John: Wear the hood. Be the leader.
5583,2011-03-24,710,==>
5584,2011-03-24,710,==>
5585,2011-03-24,710,==>
5586,2011-03-24,710,==>
5587,2011-03-24,710,==>
5588,2011-03-25,711,John: Bid farewell.
5589,2011-03-25,711,==>
5590,2011-03-25,711,==>
5591,2011-03-27,713,==>
5592,2011-03-27,713,==>
5593,2011-03-30,716,John: Approach grimdarkness.
5594,2011-03-30,716,==>
5595,2011-03-30,716,[S] Seer: Descend.
5596,2011-04-02,719,[S] ==>
5597,2011-04-06,723,==>
5598,2011-04-06,723,Dave: Answer.
5599,2011-04-06,723,Dave: Break.
5600,2011-04-06,723,==>
5601,2011-04-06,723,==>
5602,2011-04-06,723,==>
5603,2011-04-07,724,==>
5604,2011-04-09,726,==>
5605,2011-04-09,726,this atrocity cannot go unpunished.
5606,2011-04-09,726,you call it the slammer when you are extra angry at crimes.
5607,2011-04-11,728,but only while i am away from my jurisdiction.
5608,2011-04-11,728,i have other duties to attend to.
5609,2011-04-11,728,i must explode this ridiculously illegal edifice.
5610,2011-04-13,730,==>
5611,2011-04-13,730,==>
5612,2011-04-13,730,==>
5613,2011-04-13,730,==>
5614,2011-04-14,731,Exit.
5615,2011-04-15,732,==>
5616,2011-04-15,732,Keep playing anyway.
5617,2011-04-17,734,[S] Terezi: Proceed.
5618,2011-04-17,734,[S] Terezi: Read note.
5619,2011-04-18,735,Terezi: Wake up.
5620,2011-04-18,735,Terezi: Examine surroundings.
5621,2011-04-18,735,Terezi: Climb stairs.
5622,2011-04-18,735,Terezi: Exit door.
5623,2011-04-19,736,==>
5624,2011-04-19,736,==>
5625,2011-04-19,736,[S] Terezi: Play records.
5626,2011-04-20,737,Terezi: Remove Midnight Crew record.
5627,2011-04-20,737,Terezi: Examine cover.
5628,2011-04-20,737,==>
5629,2011-04-20,737,==>
5630,2011-04-20,737,[S] Terezi: Play tiny record.
5631,2011-04-20,737,==>
5632,2011-04-20,737,Terezi: Captchalogue disc.
5633,2011-04-21,738,Terezi: Examine chests.
5634,2011-04-21,738,Terezi: Open chest.
5635,2011-04-21,738,Terezi: Wear suit.
5636,2011-04-21,738,Terezi: Open other chest.
5637,2011-04-21,738,Terezi: Hug Pyralspite.
5638,2011-04-21,738,==>
5639,2011-04-23,740,==>
5640,2011-04-23,740,Terezi: Look up.
5641,2011-04-23,740,Terezi: Read it.
5642,2011-04-23,740,Terezi: Examine journal entry.
5643,2011-04-27,744,Insert disc 2.
5644,2011-04-30,747,[S] Seer: Ascend.
5645,2011-04-30,747,==>
5646,2011-04-30,747,==>
5647,2011-04-30,747,==>
5648,2011-04-30,747,==>
5649,2011-04-30,747,==>
5650,2011-04-30,747,==>
5651,2011-04-30,747,==>
5652,2011-04-30,747,==>
5653,2011-04-30,747,==>
5654,2011-05-02,749,==>
5655,2011-05-02,749,==>
5656,2011-05-02,749,==>
5657,2011-05-05,752,==>
5658,2011-05-05,752,==>
5659,2011-05-05,752,==>
5660,2011-05-15,762,[S] Flip.
5661,2011-05-16,763,=&gt; =
5662,2011-05-16,763,QÛít„
5663,2011-05-16,763,Vižit dØctor.
5664,2011-05-16,763,[o] Please come in.
5665,2011-05-16,763,[o] Let's have a look at this disc.
5666,2011-05-16,763,"[o] But yes, I can fix it."
5667,2011-05-17,764,[o] Tick.
5668,2011-05-17,764,[o] Tock.
5669,2011-05-17,764,[o] Tick.
5670,2011-05-17,764,[o] Tock.
5671,2011-05-17,764,[o] Both the Seer and the Thief knew this.
5672,2011-05-18,765,[o] Tick.
5673,2011-05-18,765,[o] Tock.
5674,2011-05-18,765,[o] Tick.
5675,2011-05-18,765,[o] Tock.
5676,2011-05-18,765,"[o] It turned out,"
5677,2011-05-18,765,[o] So ends a tale of rivalry.
5678,2011-05-18,765,[o] Tick.
5679,2011-05-18,765,[o] Tock.
5680,2011-05-19,766,[o] Tick.
5681,2011-05-19,766,[o] Tock.
5682,2011-05-19,766,[o] Round Two.
5683,2011-05-20,767,[o] Here we left our human Hero of Light.
5684,2011-05-21,768,"[o] Compelling, but not particularly challenging."
5685,2011-05-21,768,[o] Tick.
5686,2011-05-21,768,[o] I warned her.
5687,2011-05-21,768,[o] Tock.
5688,2011-05-25,772,[o] Moving on.
5689,2011-05-25,772,[o] This outcome was hardly a point of suspense.
5690,2011-05-25,772,[o] How could this moment later come to pass?
5691,2011-05-26,773,[o] And what sort of spectator would you be...
5692,2011-05-26,773,"[o] He'd done nothing to earn martyrdom,"
5693,2011-05-26,773,"[o] Nor had he tasted notoriety,"
5694,2011-05-26,773,"[o] And while I can't give you my assurance,"
5695,2011-05-26,773,[o] But not for lack of a devoted mentor.
5696,2011-05-26,773,"[o] Instead, he got her."
5697,2011-05-27,774,[o] Let's find out.
5698,2011-05-28,775,[o] Tick.
5699,2011-05-28,775,[o] Tock.
5700,2011-05-28,775,[o] Tick.
5701,2011-05-28,775,[o] Tock.
5702,2011-05-28,775,[o] Bonk.
5703,2011-05-30,777,[o] Tick.
5704,2011-05-30,777,[o] Tock.
5705,2011-05-30,777,[o] Tick.
5706,2011-05-30,777,[o] Tock.
5707,2011-05-30,777,[o] Tick.
5708,2011-06-01,779,[o] Tock.
5709,2011-06-01,779,[o] Remember?
5710,2011-06-01,779,[o] Of course.
5711,2011-06-01,779,[o] But the story will.
5712,2011-06-01,779,"[o] And now knowing her position,"
5713,2011-06-01,779,[o] But not without a pair of trophies.
5714,2011-06-01,779,[o] Tick.
5715,2011-06-02,780,[o] Tock.
5716,2011-06-02,780,[o] Tick.
5717,2011-06-02,780,[o] Tock.
5718,2011-06-02,780,[o] Tick.
5719,2011-06-02,780,[o] Tock.
5720,2011-06-02,780,[o] Round two.
5721,2011-06-02,780,[o] The Thief would probably roll her dice.
5722,2011-06-02,780,[o] 8^y
5723,2011-06-04,782,[o] Tick.
5724,2011-06-04,782,[o] Tock.
5725,2011-06-04,782,[o] Tick.
5726,2011-06-05,783,[o] Tock.
5727,2011-06-08,786,"[o] In round two, the Slayer would be not merely compelled,"
5728,2011-06-08,786,[o] Tick.
5729,2011-06-08,786,"[o] While I continue to not be a gambling man,"
5730,2011-06-08,786,[o] Tock.
5731,2011-06-08,786,[o] I wouldn't bet against her.
5732,2011-06-08,786,[o] Moving on.
5733,2011-06-08,786,[o] Tick.
5734,2011-06-08,786,[o] Tock.
5735,2011-06-08,786,[o] Tick.
5736,2011-06-08,786,[o] Tock.
5737,2011-06-08,786,[o] Tick.
5738,2011-06-08,786,[o] Tock.
5739,2011-06-08,786,[o] Tick.
5740,2011-06-10,788,[o] Tock.
5741,2011-06-10,788,[o] Tick.
5742,2011-06-10,788,[o] Tock.
5743,2011-06-10,788,[o] Tick.
5744,2011-06-10,788,[o] Tock.
5745,2011-06-10,788,[o] Tick.
5746,2011-06-11,789,[o] Tock.
5747,2011-06-11,789,[o] Honk.
5748,2011-06-13,791,[o] Honk.
5749,2011-06-13,791,[o] Tick.
5750,2011-06-13,791,[o] Tock.
5751,2011-06-13,791,[S][o] Tick. Tock.
5752,2011-06-14,792,[o] Stop.
5753,2011-06-14,792,[o] Slick... I am serious. Please stop.
5754,2011-06-14,792,[o] Oh my.
5755,2011-06-14,792,"[o] Oh my, oh my, oh my. This will not do at all."
5756,2011-06-14,792,"[o] Pardon me while I adjust the narrow fenestrated wall,"
5757,2011-06-14,792,[o] To redirect the view from this impropriety. Oh goodness.
5758,2011-06-15,793,[o] There.
5759,2011-06-15,793,[o] I am a wonderful chaperone as well as an excellent host.
5760,2011-06-15,793,[S][o] Tick. Tock. Tick...
5761,2011-06-15,793,[o] Stop!!!!!!!!!!!!
5762,2011-06-17,795,"[o] Slick, I can tolerate many things from a guest."
5763,2011-06-17,795,[o] Even atrocious candy bowl etiquette.
5764,2011-06-18,796,[o] BREAK.
5765,2011-06-18,796,[o] HEADS.
5766,2011-06-18,796,[o] And so on.
5767,2011-06-18,796,"[o] You let me down, Slick."
5768,2011-06-20,798,[o] I thought I could rely on you of all people.
5769,2011-06-20,798,[o] To do what it is you do best.
5770,2011-06-20,798,"[o] You are not supposed to kiss her, Mr. Noir."
5771,2011-06-26,804,"[o] Now leave, and never darken my door again."
5772,2011-06-26,804,[o] Will you look at this mess.
5773,2011-07-02,810,[o] This scrapbook is now in hopeless disarray.
5774,2011-07-02,810,[o] Feel free to examine the clippings while I tidy.
5775,2011-07-02,810,[o]
5776,2011-07-02,810,[o] ==>
5777,2011-07-02,810,[o] ==>
5778,2011-07-02,810,[o] ==>
5779,2011-07-02,810,[o] ==>
5780,2011-07-02,810,[o] ==>
5781,2011-07-02,810,[o]
5782,2011-07-02,810,[o] ==>
5783,2011-07-02,810,[o] ==>
5784,2011-07-02,810,[o] ==>
5785,2011-07-02,810,[o] ==>
5786,2011-07-02,810,[o]
5787,2011-07-02,810,[o] ==>
5788,2011-07-02,810,[o] ==>
5789,2011-07-02,810,[o] ==>
5790,2011-07-02,810,[o]
5791,2011-07-02,810,[o] ==>
5792,2011-07-02,810,[o] ==>
5793,2011-07-02,810,[o] ==>
5794,2011-07-02,810,[o]
5795,2011-07-08,816,[o] Try to make sense of this mess yourself.
5796,2011-07-08,816,[o]
5797,2011-07-08,816,[o] ==>
5798,2011-07-08,816,[o] ==>
5799,2011-07-08,816,[o] ==>
5800,2011-07-08,816,[o] ==>
5801,2011-07-08,816,[o] ==>
5802,2011-07-08,816,[o] ==>
5803,2011-07-08,816,[o] ==>
5804,2011-07-08,816,[o] ==>
5805,2011-07-08,816,[o]
5806,2011-07-08,816,[o] ==>
5807,2011-07-08,816,[o] ==>
5808,2011-07-08,816,[o] ==>
5809,2011-07-08,816,[o] ==>
5810,2011-07-08,816,[o] ==>
5811,2011-07-08,816,[o] ==>
5812,2011-07-08,816,[o] ==>
5813,2011-07-08,816,[o] ==>
5814,2011-07-08,816,[o] ==>
5815,2011-07-08,816,[o] ==>
5816,2011-07-08,816,[o] ==>
5817,2011-07-08,816,[o] ==>
5818,2011-07-08,816,[o] ==>
5819,2011-07-08,816,[o] ==>
5820,2011-07-08,816,[o] ==>
5821,2011-07-08,816,[o] ==>
5822,2011-07-08,816,[o] ==>
5823,2011-07-08,816,[o] ==>
5824,2011-07-08,816,[o] ==>
5825,2011-07-08,816,[o] ==>
5826,2011-07-08,816,[o]
5827,2011-07-08,816,[o] ==>
5828,2011-07-08,816,[o]
5829,2011-07-08,816,[o] ==>
5830,2011-07-08,816,[o] ==>
5831,2011-07-08,816,[o] ==>
5832,2011-07-08,816,[o] ==>
5833,2011-07-08,816,[o]
5834,2011-07-08,816,[o] ==>
5835,2011-07-08,816,[o] ==>
5836,2011-07-14,822,"[o] Oh, wonderful. Another interruption."
5837,2011-07-14,822,[o]
5838,2011-07-14,822,[o] ==>
5839,2011-07-14,822,[o] ==>
5840,2011-07-14,822,[o] ==>
5841,2011-07-14,822,[o] ==>
5842,2011-07-14,822,[o] ==>
5843,2011-07-14,822,[o] ==>
5844,2011-07-14,822,[o]
5845,2011-07-14,822,[o] ==>
5846,2011-07-14,822,[o] ==>
5847,2011-07-14,822,[o] ==>
5848,2011-07-14,822,[o] ==>
5849,2011-07-15,823,[o]
5850,2011-07-15,823,[o] ==>
5851,2011-07-15,823,[o] ==>
5852,2011-07-15,823,[S][o] ==>
5853,2011-07-15,823,[o] ==>
5854,2011-07-17,825,[o]
5855,2011-07-17,825,[o] ==>
5856,2011-07-17,825,[o] ==>
5857,2011-07-18,826,[o]
5858,2011-07-18,826,[o] ==>
5859,2011-07-18,826,[o] ==>
5860,2011-07-18,826,[o] ==>
5861,2011-07-18,826,[o] ==>
5862,2011-07-18,826,[o] ==>
5863,2011-07-18,826,[o] ==>
5864,2011-07-18,826,[o] ==>
5865,2011-07-18,826,[o] ==>
5866,2011-07-18,826,[o] ==>
5867,2011-07-18,826,[o] ==>
5868,2011-07-18,826,[o] ==>
5869,2011-07-18,826,[o] ==>
5870,2011-07-18,826,[o] ==>
5871,2011-07-18,826,[o] ==>
5872,2011-07-19,827,[o]
5873,2011-07-19,827,[o] ==>
5874,2011-07-23,831,[o] ==>
5875,2011-07-23,831,[o]
5876,2011-07-23,831,[o] ==>
5877,2011-07-23,831,[o] ==>
5878,2011-07-23,831,[o] ==>
5879,2011-07-23,831,[o] ==>
5880,2011-07-23,831,[o] ==>
5881,2011-07-23,831,[o] ==>
5882,2011-07-23,831,[o] ==>
5883,2011-07-23,831,[o] ==>
5884,2011-07-23,831,[o] ==>
5885,2011-07-23,831,[o] ==>
5886,2011-07-24,832,[o]
5887,2011-07-24,832,[o] ==>
5888,2011-07-25,833,[o]
5889,2011-07-25,833,[o] ==>
5890,2011-07-25,833,[o] ==>
5891,2011-07-25,833,[o] ==>
5892,2011-07-25,833,[o] ==>
5893,2011-07-25,833,[o] ==>
5894,2011-07-25,833,[o] ==>
5895,2011-07-25,833,[o]
5896,2011-07-25,833,[o] ==>
5897,2011-07-25,833,[o] ==>
5898,2011-07-25,833,[o]
5899,2011-07-25,833,[o] ==>
5900,2011-07-25,833,[o] ==>
5901,2011-07-25,833,[o] ==>
5902,2011-08-02,841,[o] ==>
5903,2011-08-02,841,[o]
5904,2011-08-02,841,[o] ==>
5905,2011-08-02,841,[o] ==>
5906,2011-08-02,841,[o] ==>
5907,2011-08-02,841,[o] ==>
5908,2011-08-02,841,[o] ==>
5909,2011-08-02,841,[o] ==>
5910,2011-08-02,841,[o] ==>
5911,2011-08-02,841,[o] ==>
5912,2011-08-02,841,[o] ==>
5913,2011-08-02,841,[o] ==>
5914,2011-08-02,841,[o] ==>
5915,2011-08-02,841,[o] ==>
5916,2011-08-02,841,[o] ==>
5917,2011-08-02,841,[o] ==>
5918,2011-08-02,841,[o] ==>
5919,2011-08-04,843,[o] ==>
5920,2011-08-04,843,[o]
5921,2011-08-04,843,[o] ==>
5922,2011-08-04,843,[o] ==>
5923,2011-08-04,843,[o] ==>
5924,2011-08-04,843,[o] ==>
5925,2011-08-04,843,[o] ==>
5926,2011-08-04,843,[o] ==>
5927,2011-08-06,845,[o]
5928,2011-08-06,845,[o] ==>
5929,2011-08-06,845,[o] ==>
5930,2011-08-06,845,[o] ==>
5931,2011-08-06,845,[o] ==>
5932,2011-08-07,846,[o]
5933,2011-08-07,846,[o] ==>
5934,2011-08-07,846,[o] ==>
5935,2011-08-07,846,[o] ==>
5936,2011-08-08,847,[o] ==>
5937,2011-08-08,847,[o] ==>
5938,2011-08-08,847,[o] ==>
5939,2011-08-08,847,[o] ==>
5940,2011-08-09,848,[o] ==>
5941,2011-08-09,848,[o] ==>
5942,2011-08-09,848,[o] ==>
5943,2011-08-09,848,[o] ==>
5944,2011-08-09,848,[o] ==>
5945,2011-08-09,848,[o] ==>
5946,2011-08-10,849,[o] ==>
5947,2011-08-10,849,[o] ==>
5948,2011-08-10,849,[o] ==>
5949,2011-08-10,849,[o] ==>
5950,2011-08-11,850,[o] ==>
5951,2011-08-11,850,[o] ==>
5952,2011-08-11,850,[o] ==>
5953,2011-08-11,850,[o] ==>
5954,2011-08-12,851,[o] ==>
5955,2011-08-12,851,[o] ==>
5956,2011-08-12,851,[o] ==>
5957,2011-08-13,852,[o] ==>
5958,2011-08-13,852,[o] ==>
5959,2011-08-13,852,[o] ==>
5960,2011-08-15,854,[o] ==>
5961,2011-08-15,854,[o] ==>
5962,2011-08-15,854,[o] ==>
5963,2011-08-15,854,[o] ==>
5964,2011-08-15,854,[o] ==>
5965,2011-08-15,854,[o] ==>
5966,2011-08-16,855,[o] ==>
5967,2011-08-16,855,[o] ==>
5968,2011-08-16,855,[o] ==>
5969,2011-08-16,855,[o] ==>
5970,2011-08-17,856,[o] ==>
5971,2011-08-17,856,[o] ==>
5972,2011-08-17,856,[o] ==>
5973,2011-08-18,857,[o] ==>
5974,2011-08-18,857,[o] ==>
5975,2011-08-18,857,[o] ==>
5976,2011-08-19,858,[o] ==>
5977,2011-08-19,858,[o] ==>
5978,2011-08-19,858,[o] ==>
5979,2011-08-19,858,[o] ==>
5980,2011-08-19,858,[o] ==>
5981,2011-08-19,858,[o] ==>
5982,2011-08-19,858,SNOP
5983,2011-08-20,859,Unsnop.
5984,2011-08-22,861,Insert disc 2.
5985,2011-08-22,861,[S] Attempt rare and highly dangerous 5x SHOWDOWN COMBO.
5986,2011-08-22,861,==>
5987,2011-08-22,861,==>
5988,2011-08-22,861,==>
5989,2011-08-22,861,==>
5990,2011-08-22,861,==>
5991,2011-08-22,861,==>
5992,2011-08-22,861,==>
5993,2011-08-22,861,==>
5994,2011-08-22,861,==>
5995,2011-08-22,861,==>
5996,2011-08-23,862,==>
5997,2011-08-23,862,AH: Close tome.
5998,2011-09-06,876,==>
5999,2011-09-06,876,==>
6000,2011-09-06,876,=>
6001,2011-10-25,925,==
6002,2011-10-25,925,= =>
6003,2011-10-25,925,< =
6004,2011-10-25,925,=   >
6005,2011-10-25,925,=  >=  <<
6006,2011-10-25,925,> > == =
6007,2011-10-25,925,> > == =
6008,2011-10-25,925,= <> >
6009,2011-10-25,925,[S] Cascade.
6010,2011-10-25,925,END OF ACT 5
6011,2011-10-31,931,[S] Begin intermission 2.
6012,2011-11-02,933,==>
6013,2011-11-11,942,[S] ACT 6
6014,2011-11-11,942,==>
6015,2011-11-11,942,Homestuck
6016,2011-11-11,942,Enter name.
6017,2011-11-11,942,Examine room.
6018,2011-11-11,942,Jane: Quickly retrieve arms from chest.
6019,2011-11-11,942,Enter name.
6020,2011-11-11,942,Examine room.
6021,2011-11-12,943,"Jake: Retrieve arms from floor, post-haste!"
6022,2011-11-12,943,Be Jane.
6023,2011-11-12,943,Jane: Examine fetch modus.
6024,2011-11-12,943,Jane: Captchalogue it!
6025,2011-11-12,943,Jane: Get hat.
6026,2011-11-12,943,Jane: Inspect posters.
6027,2011-11-13,944,Jane: Check out other posters.
6028,2011-11-13,944,Jane: Take spoon.
6029,2011-11-13,944,Jane: Examine bunnies.
6030,2011-11-13,944,Jane: Look out window.
6031,2011-11-13,944,==>
6032,2011-11-13,944,==>
6033,2011-11-13,944,==>
6034,2011-11-14,945,Jane: Go to computer.
6035,2011-11-14,945,==>
6036,2011-11-14,945,Jane: Answer Jake.
6037,2011-11-14,945,Jane: Check clock.
6038,2011-11-14,945,Jane: Wait a minute.
6039,2011-11-14,945,Jane: Look around.
6040,2011-11-14,945,Jane: Examine bowlbuster.
6041,2011-11-14,945,Jane: Try flipping switch.
6042,2011-11-15,946,Jane: Back to the window!
6043,2011-11-15,946,Jane: Open chest.
6044,2011-11-15,946,Jane: Answer.
6045,2011-11-16,947,"Jane: Ok, back to the chest."
6046,2011-11-16,947,Jane: Rummage around.
6047,2011-11-16,947,Jane: Dump chest.
6048,2011-11-16,947,Jane: Captchalogue all.
6049,2011-11-16,947,Jane: Inspect books.
6050,2011-11-16,947,Jane: Check out gristwidget.
6051,2011-11-16,947,Jane: Insert hat card.
6052,2011-11-16,947,Jane: Activate.
6053,2011-11-16,947,Jane: Wear tiaratop.
6054,2011-11-17,948,Jane: Continue vigilant window gazing.
6055,2011-11-17,948,==>
6056,2011-11-17,948,Jane: Answer Lalonde.
6057,2011-11-17,948,==>
6058,2011-11-18,949,Jane: Prepare to retrieve mail.
6059,2011-11-18,949,Jane: Don clever disguise.
6060,2011-11-18,949,==>
6061,2011-11-18,949,==>
6062,2011-11-18,949,Jane: Exit.
6063,2011-11-18,949,Be Jake.
6064,2011-11-19,950,Jake: About those arms.
6065,2011-11-19,950,Jake: Examine holster belt.
6066,2011-11-19,950,Jake: Wear it.
6067,2011-11-19,950,"Jake: Ok, forget it."
6068,2011-11-19,950,Jake: Examine bed.
6069,2011-11-19,950,Jake: Examine posters.
6070,2011-11-19,950,Jake: Scope out those blue chicks.
6071,2011-11-19,950,Jake: Make out with all of them.
6072,2011-11-19,950,Jake: Stop kissing stupid poster.
6073,2011-11-19,950,Jake: Examine package.
6074,2011-11-19,950,Jake: Examine bunny.
6075,2011-11-19,950,==>
6076,2011-11-20,951,Jake: Take bunny.
6077,2011-11-20,951,==>
6078,2011-11-20,951,Jake: Examine comics.
6079,2011-11-20,951,Jake: Take comics.
6080,2011-11-20,951,==>
6081,2011-11-20,951,Jake: Answer.
6082,2011-11-21,952,Jake: Unearth more computers.
6083,2011-11-21,952,Jake: Don computers.
6084,2011-11-21,952,Jake: Message your good bro.
6085,2011-11-21,952,==>
6086,2011-11-21,952,Jake: Ditch computers.
6087,2011-11-21,952,Jake: Wear skulltop.
6088,2011-11-21,952,Jake: Pester Jane.
6089,2011-11-21,952,Jake: Go downstairs.
6090,2011-11-22,953,==>
6091,2011-11-22,953,Jake: Answer Strider.
6092,2011-11-22,953,==>
6093,2011-11-22,953,==>
6094,2011-11-22,953,Jake: Exit.
6095,2011-11-22,953,"Ok, I'm done here. Moving on."
6096,2011-11-23,954,Jane: Examine portrait.
6097,2011-11-23,954,Jane: Take a peek into living room.
6098,2011-11-23,954,Jane: Proceed downstairs.
6099,2011-11-23,954,Jane: Go to front door.
6100,2011-11-23,954,Jane: Check window.
6101,2011-11-23,954,Jane: Consult with poppop.
6102,2011-11-23,954,==>
6103,2011-11-24,955,==>
6104,2011-11-24,955,==>
6105,2011-11-24,955,"Jane: On second thought, take his book."
6106,2011-11-24,955,Jane: Retrieve arm.
6107,2011-11-24,955,Jane: Read inscription again.
6108,2011-11-26,957,Jane: Bother Jake.
6109,2011-11-26,957,==>
6110,2011-11-26,957,==>
6111,2011-11-26,957,==>
6112,2011-11-26,957,==>
6113,2011-11-26,957,==>
6114,2011-11-26,957,==>
6115,2011-11-26,957,==>
6116,2011-11-26,957,==>
6117,2011-11-26,957,==>
6118,2011-11-27,958,Jake: Get silly old adventure off to the races.
6119,2011-11-27,958,==>
6120,2011-11-27,958,==>
6121,2011-11-27,958,==>
6122,2011-11-27,958,Jake: Examine pumpkin patch.
6123,2011-11-27,958,==>
6124,2011-11-29,960,Jake: Be completely oblivious to thing in background.
6125,2011-11-29,960,Jake: Answer Lalonde.
6126,2011-11-29,960,==>
6127,2011-11-29,960,Jake: Commence robroquest.
6128,2011-11-29,960,Jake: Turn around.
6129,2011-11-29,960,[S??????] ==>
6130,2011-11-29,960,Jake: Fly through the air shooting two guns at once.
6131,2011-11-29,960,==>
6132,2011-11-29,960,==>
6133,2011-11-29,960,==>
6134,2011-11-30,961,==>
6135,2011-11-30,961,==>
6136,2011-11-30,961,==>
6137,2011-11-30,961,Jane: Implement plan of last resort.
6138,2011-11-30,961,Jane: Activate.
6139,2011-11-30,961,==>
6140,2011-11-30,961,==>
6141,2011-11-30,961,==>
6142,2011-11-30,961,==>
6143,2011-12-01,962,==>
6144,2011-12-01,962,==>
6145,2011-12-01,962,==>
6146,2011-12-01,962,Jake: Exit forest.
6147,2011-12-01,962,Jake: Behold zoological splendor.
6148,2011-12-01,962,Jake: Examine frog temple.
6149,2011-12-01,962,Jake: Look down.
6150,2011-12-01,962,==>
6151,2011-12-01,962,==>
6152,2011-12-01,962,==>
6153,2011-12-01,962,==>
6154,2011-12-02,963,Jane: Assess damage.
6155,2011-12-02,963,Jane: Put head back.
6156,2011-12-02,963,Jane: Answer Strider.
6157,2011-12-04,965,==>
6158,2011-12-04,965,==>
6159,2011-12-04,965,==>
6160,2011-12-05,966,Jane: Command Sebastian to lift fridge.
6161,2011-12-05,966,==>
6162,2011-12-05,966,Jane: Read note.
6163,2011-12-05,966,==>
6164,2011-12-05,966,Jane: Tell Seb to put fridge down.
6165,2011-12-05,966,==>
6166,2011-12-05,966,==>
6167,2011-12-06,967,Jane: Throw down your hat in disgust.
6168,2011-12-06,967,==>
6169,2011-12-06,967,Jane: Level up.
6170,2011-12-06,967,Hat: Level up.
6171,2011-12-07,968,Jake: Run.
6172,2011-12-07,968,==>
6173,2011-12-07,968,==>
6174,2011-12-07,968,==>
6175,2011-12-07,968,[S] ==>
6176,2011-12-07,968,==>
6177,2011-12-07,968,==>
6178,2011-12-09,970,Jane: Run.
6179,2011-12-09,970,==>
6180,2011-12-09,970,==>
6181,2011-12-09,970,==>
6182,2011-12-09,970,[S] Jane: Get mail.
6183,2011-12-09,970,==>
6184,2011-12-09,970,==>
6185,2011-12-09,970,==>
6186,2011-12-09,970,==>
6187,2011-12-09,970,==>
6188,2011-12-09,970,"So, uh... what about all those other kids?"
6189,2011-12-09,970,"No, not quite."
6190,2011-12-09,970,Hussiebot: Check time.
6191,2011-12-10,971,Hussiebot: Hurry!!!
6192,2011-12-10,971,John: Level up.
6193,2011-12-10,971,Jade: Level up.
6194,2011-12-11,972,John and Jade: Reap spoils.
6195,2011-12-11,972,ACT 6 INTERMISSION 1
6196,2011-12-11,972,[A6I1] ==>
6197,2011-12-11,972,[A6I1] ==>
6198,2011-12-11,972,[A6I1] ==>
6199,2011-12-11,972,[A6I1] ==>
6200,2011-12-11,972,[A6I1] ==>
6201,2011-12-11,972,[A6I1] ==>
6202,2011-12-12,973,[A6I1] ==>
6203,2011-12-12,973,[A6I1] ==>
6204,2011-12-12,973,[A6I1] ==>
6205,2011-12-12,973,[A6I1] ==>
6206,2011-12-12,973,[A6I1] ==>
6207,2011-12-12,973,[A6I1] ==>
6208,2011-12-12,973,[A6I1] ==>
6209,2011-12-12,973,[A6I1] ==>
6210,2011-12-12,973,[A6I1] ==>
6211,2011-12-13,974,[A6I1] ==>
6212,2011-12-13,974,[A6I1] ==>
6213,2011-12-13,974,[A6I1] ==>
6214,2011-12-13,974,[A6I1] ==>
6215,2011-12-13,974,[A6I1] ==>
6216,2011-12-13,974,[A6I1] ==>
6217,2011-12-13,974,[A6I1] ==>
6218,2011-12-14,975,[A6I1] ==>
6219,2011-12-14,975,[A6I1] ==>
6220,2011-12-14,975,[A6I1] ==>
6221,2011-12-14,975,[A6I1] ==>
6222,2011-12-14,975,[A6I1] ==>
6223,2011-12-14,975,[A6I1] ==>
6224,2011-12-14,975,[A6I1] ==>
6225,2011-12-15,976,[A6I1] ==>
6226,2011-12-15,976,[A6I1] ==>
6227,2011-12-15,976,[A6I1] ==>
6228,2011-12-15,976,[A6I1] ==>
6229,2011-12-15,976,[A6I1] ==>
6230,2011-12-15,976,[A6I1] ==>
6231,2011-12-15,976,[A6I1] ==>
6232,2011-12-16,977,[A6I1] ==>
6233,2011-12-16,977,[A6I1] ==>
6234,2011-12-16,977,[A6I1] ==>
6235,2011-12-16,977,[A6I1] ==>
6236,2011-12-16,977,[A6I1] ==>
6237,2011-12-17,978,[A6I1] ==>
6238,2011-12-17,978,[A6I1] ==>
6239,2011-12-17,978,[A6I1] ==>
6240,2011-12-17,978,[A6I1] ==>
6241,2011-12-17,978,[A6I1] ==>
6242,2011-12-17,978,[A6I1] ==>
6243,2011-12-17,978,[A6I1] ==>
6244,2011-12-17,978,[A6I1] ==>
6245,2011-12-17,978,[A6I1] ==>
6246,2011-12-18,979,[A6I1] Rose: Level up.
6247,2011-12-18,979,[A6I1] Dave: Level up.
6248,2011-12-18,979,[A6I1] Rose + Dave: Reap spoils.
6249,2011-12-19,980,[A6I1] ==>
6250,2011-12-19,980,[A6I1] ==>
6251,2011-12-19,980,[A6I1] ==>
6252,2011-12-19,980,[A6I1] ==>
6253,2011-12-20,981,[A6I1] ==>
6254,2011-12-20,981,[A6I1] ==>
6255,2011-12-20,981,[A6I1] ==>
6256,2011-12-21,982,[A6I1] ==>
6257,2011-12-21,982,[A6I1] ==>
6258,2011-12-21,982,[A6I1] ==>
6259,2011-12-22,983,[A6I1] ==>
6260,2011-12-22,983,[A6I1] ==>
6261,2011-12-22,983,[A6I1] ==>
6262,2011-12-22,983,[A6I1] ==>
6263,2011-12-22,983,[A6I1] ==>
6264,2011-12-22,983,[A6I1] ==>
6265,2011-12-22,983,[A6I1] ==>
6266,2011-12-22,983,[A6I1] ==>
6267,2011-12-22,983,[A6I1] ==>
6268,2011-12-22,983,[A6I1] ==>
6269,2011-12-22,983,[A6I1] ==>
6270,2011-12-22,983,[A6I1] ==>
6271,2011-12-22,983,[A6I1] ==>
6272,2011-12-23,984,[A6I1] ==>
6273,2011-12-23,984,[S][A6I1] Karkat: Mental breakdown.
6274,2011-12-23,984,[A6I1] ==>
6275,2011-12-24,985,[A6I1] ==>
6276,2011-12-24,985,[A6I1] ==>
6277,2011-12-24,985,[A6I1] ==>
6278,2011-12-24,985,[A6I1] ==>
6279,2011-12-24,985,[A6I1] ==>
6280,2011-12-24,985,[A6I1] ==>
6281,2011-12-24,985,[A6I1] ==>
6282,2011-12-24,985,[A6I1] ==>
6283,2011-12-24,985,[A6I1] ==>
6284,2011-12-24,985,[A6I1] ==>
6285,2011-12-24,985,[A6I1] ==>
6286,2011-12-24,985,[A6I1] ==>
6287,2011-12-24,985,[A6I1] ==>
6288,2011-12-25,986,[A6I1] ==>
6289,2011-12-25,986,[A6I1] ==>
6290,2011-12-29,990,[S] END OF ACT 6 INTERMISSION 1
6291,2011-12-31,992,==>
6292,2011-12-31,992,==>
6293,2011-12-31,992,==>
6294,2011-12-31,992,==>
6295,2011-12-31,992,==>
6296,2011-12-31,992,==>
6297,2011-12-31,992,==>
6298,2011-12-31,992,==>
6299,2011-12-31,992,Jane: Be Jack Noir.
6300,2011-12-31,992,Jack: Get watch.
6301,2011-12-31,992,Jack: Check time.
6302,2011-12-31,992,Jack: Contact Droll.
6303,2012-01-01,993,==>
6304,2012-01-01,993,==>
6305,2012-01-01,993,==>
6306,2012-01-01,993,==>
6307,2012-01-01,993,Jack: Wrap this up.
6308,2012-01-01,993,Jack: Inspect torso.
6309,2012-01-01,993,"Jack: Hit road, blow joint."
6310,2012-01-01,993,==>
6311,2012-01-01,993,==>
6312,2012-01-01,993,Ball: Drop.
6313,2012-01-01,993,==>
6314,2012-01-01,993,==>
6315,2012-01-01,993,==>
6316,2012-01-01,993,==>
6317,2012-01-01,993,==>
6318,2012-01-01,993,==>
6319,2012-01-01,993,==>
6320,2012-01-02,994,ACT 6 ACT 2
6321,2012-01-02,994,Jane: Wake up.
6322,2012-01-02,994,==>
6323,2012-01-02,994,==>
6324,2012-01-02,994,Jane: Turn around.
6325,2012-01-02,994,==>
6326,2012-01-03,995,Jane: Call GCat down from the tree.
6327,2012-01-03,995,==>
6328,2012-01-03,995,==>
6329,2012-01-05,997,Jane: Return to room.
6330,2012-01-05,997,==>
6331,2012-01-05,997,Jane: Contact bffsy.
6332,2012-01-05,997,==>
6333,2012-01-10,1002,==>
6334,2012-01-10,1002,Jane: Look around.
6335,2012-01-10,1002,Jane: Empty sylladex.
6336,2012-01-10,1002,RL: Appearify.
6337,2012-01-11,1003,==>
6338,2012-01-11,1003,Jane: Read Pony Pals.
6339,2012-01-11,1003,Jane: Examine contents.
6340,2012-01-11,1003,Jane: Flip to page 1.
6341,2012-01-11,1003,Jane: Turn page.
6342,2012-01-11,1003,Jane: Just check out the file already.
6343,2012-01-11,1003,==>
6344,2012-01-11,1003,Jane: Install Sburb client.
6345,2012-01-11,1003,Jane: Press enter.
6346,2012-01-11,1003,==>
6347,2012-01-11,1003,==>
6348,2012-01-11,1003,==>
6349,2012-01-11,1003,==>
6350,2012-01-11,1003,==>
6351,2012-01-11,1003,==>
6352,2012-01-11,1003,==>
6353,2012-01-12,1004,==>
6354,2012-01-13,1005,Jane: Answer Di-Stri.
6355,2012-01-13,1005,==>
6356,2012-01-13,1005,==>
6357,2012-01-13,1005,==>
6358,2012-01-13,1005,==>
6359,2012-01-15,1007,==>
6360,2012-01-15,1007,DS: Deploy.
6361,2012-01-15,1007,==>
6362,2012-01-15,1007,Examine placronym.
6363,2012-01-15,1007,Cat: Move tail.
6364,2012-01-15,1007,Examine room.
6365,2012-01-15,1007,Roxy: Wail like an alley cat and blow bubbles in your drink.
6366,2012-01-15,1007,Examine placronym.
6367,2012-01-16,1008,Pony: Wake up.
6368,2012-01-16,1008,Examine room.
6369,2012-01-17,1009,Dirk: Jut your ass and twitch like a proboscis.
6370,2012-01-17,1009,Be Roxy.
6371,2012-01-17,1009,Roxy: Go grab that sweet gun.
6372,2012-01-18,1010,Roxy: Examine dead mutant collection.
6373,2012-01-18,1010,Roxy: Captchalogue one.
6374,2012-01-18,1010,Roxy: Take books.
6375,2012-01-18,1010,Roxy: Examine CotL poster.
6376,2012-01-18,1010,Roxy: Say hi to cat.
6377,2012-01-18,1010,Roxy: Take journals.
6378,2012-01-18,1010,Roxy: Read other book.
6379,2012-01-18,1010,Roxy: Get little ray gun.
6380,2012-01-18,1010,Roxy: You're thirsty.
6381,2012-01-18,1010,Roxy: Sip martini thoughtfully.
6382,2012-01-18,1010,Roxy: Sip martini more thoughtfully than that.
6383,2012-01-18,1010,Roxy: Examine plush pile.
6384,2012-01-18,1010,Roxy: Succumb to unfathomable booze snooze.
6385,2012-01-18,1010,Roxy: Black out.
6386,2012-01-21,1013,[S] Roxy: Sleepwalk.
6387,2012-01-22,1014,Roxy: Wake up.
6388,2012-01-22,1014,Roxy: Answer.
6389,2012-01-23,1015,==>
6390,2012-01-24,1016,Roxy: Flirtlarp.
6391,2012-01-24,1016,Roxy: Answer Jane.
6392,2012-01-25,1017,==>
6393,2012-01-25,1017,==>
6394,2012-01-25,1017,Roxy: Ready appearifier.
6395,2012-01-25,1017,==>
6396,2012-01-25,1017,==>
6397,2012-01-25,1017,Roxy: Aim.
6398,2012-01-25,1017,Roxy: Appearify.
6399,2012-01-25,1017,==>
6400,2012-01-26,1018,==>
6401,2012-01-26,1018,Roxy: Take book.
6402,2012-01-26,1018,==>
6403,2012-01-26,1018,Roxy: Take cat.
6404,2012-01-26,1018,Roxy: Retrieve mutant kitten.
6405,2012-01-26,1018,Roxy: Break bottle.
6406,2012-01-26,1018,Roxy: Clear some space.
6407,2012-01-26,1018,Roxy: Break some glass.
6408,2012-01-27,1019,==>
6409,2012-01-27,1019,Roxy: Jump in.
6410,2012-01-27,1019,==>
6411,2012-01-27,1019,==>
6412,2012-01-28,1020,Roxy: Land already.
6413,2012-01-28,1020,Roxy: Answer.
6414,2012-01-28,1020,==>
6415,2012-01-31,1023,Roxy: Proceed to lab.
6416,2012-01-31,1023,Roxy: Descend.
6417,2012-01-31,1023,Be Dirk.
6418,2012-01-31,1023,Dirk: Go get your sword.
6419,2012-01-31,1023,==>
6420,2012-01-31,1023,Dirk: Give Lil Cal a nervous fist bump.
6421,2012-01-31,1023,==>
6422,2012-01-31,1023,Dirk: Admire fancy santa.
6423,2012-01-31,1023,Dirk: Greet robotic friend.
6424,2012-01-31,1023,Dirk: Examine wardrobe.
6425,2012-01-31,1023,Dirk: Change shirt.
6426,2012-01-31,1023,Dirk: What the hell is that on your arm...
6427,2012-02-01,1024,Dirk: Examine little posters.
6428,2012-02-01,1024,Dirk: Examine puppet/hat pile.
6429,2012-02-01,1024,Dirk: Check out big tv.
6430,2012-02-01,1024,==>
6431,2012-02-01,1024,==>
6432,2012-02-01,1024,Dirk: Examine red microwave.
6433,2012-02-02,1025,Dirk: Captchalogue Geromy plush.
6434,2012-02-02,1025,Dirk: Captchalogue Sweet Bro plush.
6435,2012-02-02,1025,Dirk: Captchalogue Hella Jeff plush.
6436,2012-02-02,1025,Dirk: Take sord.....
6437,2012-02-03,1026,==>
6438,2012-02-03,1026,Dirk: Be dream self.
6439,2012-02-03,1026,Dirk: Examine sleazy Dersite rag.
6440,2012-02-04,1027,==>
6441,2012-02-04,1027,[S] RAP-OFF!!!!!!!!!!
6442,2012-02-04,1027,==>
6443,2012-02-04,1027,Dirk: Act fast.
6444,2012-02-04,1027,==>
6445,2012-02-04,1027,==>
6446,2012-02-04,1027,Dirk: Check on Roxy.
6447,2012-02-04,1027,Dirk: Exit.
6448,2012-02-04,1027,==>
6449,2012-02-06,1029,Dirk: Be waking self again.
6450,2012-02-06,1029,Dirk: Pester Roxy.
6451,2012-02-06,1029,==>
6452,2012-02-06,1029,Dirk: Take actual responsibilities seriously.
6453,2012-02-06,1029,Dirk: Answer Auto-Responder.
6454,2012-02-06,1029,Dirk: Warn Jane.
6455,2012-02-07,1030,==>
6456,2012-02-07,1030,Dirk: Deploy.
6457,2012-02-08,1031,Dirk: Deploy more stuff.
6458,2012-02-08,1031,==>
6459,2012-02-08,1031,==>
6460,2012-02-08,1031,Dirk: Deploy cruxtruder.
6461,2012-02-08,1031,==>
6462,2012-02-08,1031,Jane: Run to study.
6463,2012-02-09,1032,==>
6464,2012-02-09,1032,Dirk: Talk to alien.
6465,2012-02-09,1032,==>
6466,2012-02-11,1034,==>
6467,2012-02-11,1034,Dirk: Go through bedroom door.
6468,2012-02-11,1034,Dirk: Exit.
6469,2012-02-11,1034,"Ok, I already picked both of those characters."
6470,2012-02-14,1037,Jane: Pester shades.
6471,2012-02-14,1037,Jane: Answer Roxy.
6472,2012-02-16,1039,[S] Prince of Heart: Rise up.
6473,2012-02-18,1041,Jake: Level up.
6474,2012-02-19,1042,Jake: Pester Dirk.
6475,2012-02-19,1042,==>
6476,2012-02-19,1042,==>
6477,2012-02-19,1042,Jake: Black out.
6478,2012-02-19,1042,==>
6479,2012-02-19,1042,==>
6480,2012-02-19,1042,==>
6481,2012-02-19,1042,==>
6482,2012-02-19,1042,==>
6483,2012-02-19,1042,==>
6484,2012-02-19,1042,==>
6485,2012-02-19,1042,==>
6486,2012-02-21,1044,Jake: Pester Roxy.
6487,2012-02-21,1044,Jake: Pester Jane.
6488,2012-02-21,1044,==>
6489,2012-02-21,1044,==>
6490,2012-02-21,1044,==>
6491,2012-02-22,1045,==>
6492,2012-02-22,1045,==>
6493,2012-02-22,1045,==>
6494,2012-02-22,1045,==>
6495,2012-02-22,1045,==>
6496,2012-02-22,1045,==>
6497,2012-02-22,1045,==>
6498,2012-02-23,1046,Jack: Finish job.
6499,2012-02-23,1046,Jack: Answer Dignitary.
6500,2012-02-23,1046,==>
6501,2012-02-23,1046,==>
6502,2012-02-25,1048,Roxy: Emerge from fuck deep in meowcats.
6503,2012-02-25,1048,Roxy: Proceed to transmaterializer.
6504,2012-02-25,1048,==>
6505,2012-02-25,1048,==>
6506,2012-02-25,1048,==>
6507,2012-02-25,1048,Roxy: Appearify.
6508,2012-02-25,1048,==>
6509,2012-02-25,1048,Roxy: Collect sample.
6510,2012-02-25,1048,Roxy: Go just sort of pick it up.
6511,2012-02-25,1048,Roxy: Wear the scarf. Be the Rider.
6512,2012-02-25,1048,Roxy: Get to that transmaterializer.
6513,2012-02-26,1049,Roxy: Deploy Frigglish.
6514,2012-02-26,1049,==>
6515,2012-02-26,1049,==>
6516,2012-02-26,1049,Roxy: Send him home.
6517,2012-02-26,1049,[S] Frigglish: Fast forward to Jaspersprite.
6518,2012-02-27,1050,Jaspersprite: Say hi to everybody!
6519,2012-02-27,1050,==>
6520,2012-02-27,1050,==>
6521,2012-02-27,1050,Roxy: Turn around.
6522,2012-02-27,1050,==>
6523,2012-02-27,1050,Roxy: Fire!!!!!
6524,2012-02-28,1051,Roxy: Solicit GCat for assistance.
6525,2012-02-28,1051,==>
6526,2012-02-28,1051,==>
6527,2012-02-28,1051,Roxy: Run!!!!!
6528,2012-02-28,1051,Roxy: Jump in.
6529,2012-02-28,1051,==>
6530,2012-02-28,1051,==>
6531,2012-02-28,1051,==>
6532,2012-02-28,1051,==>
6533,2012-02-28,1051,==>
6534,2012-02-28,1051,==>
6535,2012-02-28,1051,==>
6536,2012-02-28,1051,==>
6537,2012-02-28,1051,==>
6538,2012-02-28,1051,==>
6539,2012-02-28,1051,==>
6540,2012-02-28,1051,==>
6541,2012-02-28,1051,==>
6542,2012-02-28,1051,==>
6543,2012-02-28,1051,==>
6544,2012-03-01,1052,Dirk: Examine fenestrated plane.
6545,2012-03-01,1052,Dirk: Ask Roxy.
6546,2012-03-01,1052,Dirk: Answer.
6547,2012-03-01,1052,==>
6548,2012-03-02,1053,==>
6549,2012-03-03,1054,==>
6550,2012-03-03,1054,Dirk: Retrieve juju.
6551,2012-03-03,1054,==>
6552,2012-03-03,1054,==>
6553,2012-03-03,1054,==>
6554,2012-03-03,1054,Roxy: Abscond.
6555,2012-03-03,1054,==>
6556,2012-03-03,1054,==>
6557,2012-03-03,1054,==>
6558,2012-03-03,1054,Roxy: Run!!!!! Again!!!!!
6559,2012-03-03,1054,==>
6560,2012-03-03,1054,Roxy: Hide!!!!!
6561,2012-03-03,1054,==>
6562,2012-03-04,1055,==>
6563,2012-03-04,1055,==>
6564,2012-03-04,1055,Jane: Examine pre-punched card.
6565,2012-03-08,1059,[S] Jane: Enter.
6566,2012-03-09,1060,==>
6567,2012-03-10,1061,ACT 6 INTERMISSION 2
6568,2012-03-10,1061,[A6I2] ==>
6569,2012-03-10,1061,[A6I2] ==>
6570,2012-03-10,1061,[A6I2] ==>
6571,2012-03-10,1061,[A6I2] ==>
6572,2012-03-10,1061,[A6I2] ==>
6573,2012-03-10,1061,[A6I2] ==>
6574,2012-03-10,1061,[A6I2] ==>
6575,2012-03-10,1061,[A6I2] ==>
6576,2012-03-10,1061,[A6I2] ==>
6577,2012-03-11,1062,[A6I2] ==>
6578,2012-03-11,1062,[A6I2] ==>
6579,2012-03-11,1062,[A6I2] ==>
6580,2012-03-11,1062,[A6I2] ==>
6581,2012-03-11,1062,[A6I2] ==>
6582,2012-03-11,1062,[A6I2] ==>
6583,2012-03-11,1062,[A6I2] ==>
6584,2012-03-11,1062,[A6I2] ==>
6585,2012-03-12,1063,[A6I2] ==>
6586,2012-03-12,1063,[A6I2] ==>
6587,2012-03-12,1063,[A6I2] ==>
6588,2012-03-12,1063,[A6I2] ==>
6589,2012-03-12,1063,[A6I2] ==>
6590,2012-03-13,1064,[A6I2] ==>
6591,2012-03-14,1065,[A6I2] ==>
6592,2012-03-14,1065,[A6I2] ==>
6593,2012-03-14,1065,[A6I2] ==>
6594,2012-03-14,1065,[A6I2] ==>
6595,2012-03-14,1065,[A6I2] ==>
6596,2012-03-14,1065,[A6I2] ==>
6597,2012-03-15,1066,[A6I2] ==>
6598,2012-03-15,1066,[A6I2] ==>
6599,2012-03-15,1066,[A6I2] ==>
6600,2012-03-16,1067,[A6I2] ==>
6601,2012-03-16,1067,[A6I2] ==>
6602,2012-03-16,1067,[A6I2] ==>
6603,2012-03-16,1067,[A6I2] ==>
6604,2012-03-16,1067,[A6I2] ==>
6605,2012-03-16,1067,[A6I2] ==>
6606,2012-03-16,1067,[A6I2] ==>
6607,2012-03-16,1067,[A6I2] ==>
6608,2012-03-16,1067,[A6I2] ==>
6609,2012-03-17,1068,[A6I2] ==>
6610,2012-03-17,1068,[A6I2] ==>
6611,2012-03-18,1069,[A6I2] ==>
6612,2012-03-18,1069,[A6I2] ==>
6613,2012-03-18,1069,[A6I2] ==>
6614,2012-03-18,1069,[A6I2] ==>
6615,2012-03-18,1069,[A6I2] ==>
6616,2012-03-18,1069,[A6I2] ==>
6617,2012-03-18,1069,[A6I2] ==>
6618,2012-03-18,1069,[A6I2] ==>
6619,2012-03-19,1070,[A6I2] ==>
6620,2012-03-19,1070,[A6I2] ==>
6621,2012-03-19,1070,[A6I2] ==>
6622,2012-03-19,1070,[A6I2] ==>
6623,2012-03-19,1070,[A6I2] ==>
6624,2012-03-19,1070,[A6I2] ==>
6625,2012-03-19,1070,[A6I2] ==>
6626,2012-03-19,1070,[A6I2] ==>
6627,2012-03-19,1070,[A6I2] ==>
6628,2012-03-19,1070,[A6I2] ==>
6629,2012-03-20,1071,[A6I2] ==>
6630,2012-03-20,1071,[A6I2] ==>
6631,2012-03-20,1071,[A6I2] ==>
6632,2012-03-20,1071,[A6I2] ==>
6633,2012-03-22,1073,[A6I2] ==>
6634,2012-03-22,1073,[A6I2] ==>
6635,2012-03-22,1073,[A6I2] ==>
6636,2012-03-22,1073,[A6I2] ==>
6637,2012-03-22,1073,[A6I2] ==>
6638,2012-03-22,1073,[A6I2] ==>
6639,2012-03-23,1074,[A6I2] ==>
6640,2012-03-23,1074,[A6I2] ==>
6641,2012-03-23,1074,[A6I2] ==>
6642,2012-03-23,1074,[A6I2] ==>
6643,2012-03-23,1074,[A6I2] ==>
6644,2012-03-23,1074,[A6I2] ==>
6645,2012-03-23,1074,[A6I2] ==>
6646,2012-03-23,1074,[A6I2] ==>
6647,2012-03-23,1074,[A6I2] ==>
6648,2012-03-23,1074,[A6I2] ==>
6649,2012-03-23,1074,[A6I2] ==>
6650,2012-03-23,1074,[A6I2] ==>
6651,2012-03-24,1075,[A6I2] ==>
6652,2012-03-24,1075,[A6I2] ==>
6653,2012-03-24,1075,[A6I2] ==>
6654,2012-03-24,1075,[A6I2] ==>
6655,2012-03-24,1075,[A6I2] ==>
6656,2012-03-24,1075,[A6I2] ==>
6657,2012-03-24,1075,[A6I2] ==>
6658,2012-03-24,1075,[A6I2] ==>
6659,2012-03-24,1075,[A6I2] ==>
6660,2012-03-25,1076,[A6I2] ==>
6661,2012-03-25,1076,[A6I2] ==>
6662,2012-03-25,1076,[A6I2] ==>
6663,2012-03-25,1076,[A6I2] ==>
6664,2012-03-25,1076,[A6I2] ==>
6665,2012-03-25,1076,[A6I2] ==>
6666,2012-03-25,1076,[A6I2] ==>
6667,2012-03-26,1077,[A6I2] ==>
6668,2012-03-26,1077,[A6I2] ==>
6669,2012-03-26,1077,[A6I2] ==>
6670,2012-03-27,1078,[A6I2] ==>
6671,2012-03-27,1078,[A6I2] ==>
6672,2012-03-29,1080,[A6I2] ==>
6673,2012-03-29,1080,[A6I2] ==>
6674,2012-03-29,1080,[A6I2] ==>
6675,2012-03-29,1080,[A6I2] ==>
6676,2012-03-29,1080,[A6I2] ==>
6677,2012-03-29,1080,[A6I2] ==>
6678,2012-03-29,1080,[A6I2] ==>
6679,2012-03-30,1081,[A6I2] ==>
6680,2012-03-30,1081,[A6I2] ==>
6681,2012-03-30,1081,[A6I2] ==>
6682,2012-03-30,1081,[A6I2] ==>
6683,2012-03-30,1081,[A6I2] ==>
6684,2012-03-30,1081,[A6I2] ==>
6685,2012-03-30,1081,[A6I2] ==>
6686,2012-03-30,1081,[A6I2] ==>
6687,2012-03-30,1081,[A6I2] ==>
6688,2012-03-30,1081,[A6I2] ==>
6689,2012-03-30,1081,[A6I2] ==>
6690,2012-03-30,1081,[A6I2] ==>
6691,2012-03-30,1081,[A6I2] ==>
6692,2012-03-30,1081,[A6I2] ==>
6693,2012-03-30,1081,[A6I2] ==>
6694,2012-03-30,1081,[A6I2] ==>
6695,2012-03-30,1081,[A6I2] ==>
6696,2012-03-31,1082,[A6I2] ==>
6697,2012-03-31,1082,[A6I2] ==>
6698,2012-03-31,1082,[A6I2] ==>
6699,2012-03-31,1082,[A6I2] ==>
6700,2012-04-01,1083,[A6I2] ==>
6701,2012-04-01,1083,[A6I2] ==>
6702,2012-04-01,1083,[A6I2] ==>
6703,2012-04-01,1083,[A6I2] ==>
6704,2012-04-01,1083,[A6I2] ==>
6705,2012-04-01,1083,[A6I2] ==>
6706,2012-04-01,1083,[A6I2] ==>
6707,2012-04-02,1084,[A6I2] ==>
6708,2012-04-02,1084,[A6I2] ==>
6709,2012-04-02,1084,[A6I2] ==>
6710,2012-04-02,1084,[A6I2] ==>
6711,2012-04-02,1084,[A6I2] ==>
6712,2012-04-02,1084,[A6I2] ==>
6713,2012-04-02,1084,[A6I2] ==>
6714,2012-04-02,1084,[A6I2] ==>
6715,2012-04-03,1085,[S][A6I2] ???
6716,2012-04-03,1085,END OF ACT 6 INTERMISSION 2
6717,2012-04-13,1095,==>
6718,2012-04-13,1095,==>
6719,2012-04-13,1095,==>
6720,2012-04-14,1096,[S] ACT 6 ACT 3
6721,2012-04-14,1096,--
6722,2012-04-14,1096,--
6723,2012-04-14,1096,--
6724,2012-04-14,1096,==>
6725,2012-04-16,1098,[S] Jane: Proceed.
6726,2012-04-16,1098,--
6727,2012-04-17,1099,[S] Jane: Cautiously approach.
6728,2012-04-18,1100,==>
6729,2012-04-18,1100,Gamzee: Retrieve contraband from chest of whimsy.
6730,2012-04-18,1100,==>
6731,2012-04-18,1100,==>
6732,2012-04-18,1100,==>
6733,2012-04-18,1100,==>
6734,2012-04-18,1100,Jane: Say hello to your new guide.
6735,2012-04-19,1101,==>
6736,2012-04-19,1101,==>
6737,2012-04-19,1101,==>
6738,2012-04-19,1101,==>
6739,2012-04-20,1102,==>
6740,2012-04-20,1102,==>
6741,2012-04-21,1103,Jake: Proceed to time capsule.
6742,2012-04-21,1103,Jake: Regain consciousness.
6743,2012-04-21,1103,Years in the past...
6744,2012-04-21,1103,Jake: Respond.
6745,2012-04-21,1103,==>
6746,2012-04-21,1103,==>
6747,2012-04-22,1104,Jake: Complete brobot.
6748,2012-04-22,1104,==>
6749,2012-04-22,1104,==>
6750,2012-04-22,1104,==>
6751,2012-04-22,1104,==>
6752,2012-04-22,1104,==>
6753,2012-04-22,1104,==>
6754,2012-04-24,1106,==>
6755,2012-04-24,1106,==>
6756,2012-04-24,1106,==>
6757,2012-04-24,1106,==>
6758,2012-04-24,1106,==>
6759,2012-04-24,1106,==>
6760,2012-04-25,1107,==>
6761,2012-04-25,1107,==>
6762,2012-04-25,1107,==>
6763,2012-04-26,1108,==>
6764,2012-04-26,1108,==>
6765,2012-04-26,1108,==>
6766,2012-04-26,1108,==>
6767,2012-04-26,1108,==>
6768,2012-04-26,1108,==>
6769,2012-04-27,1109,==>
6770,2012-04-27,1109,==>
6771,2012-04-27,1109,==>
6772,2012-04-29,1111,==>
6773,2012-04-29,1111,==>
6774,2012-04-29,1111,==>
6775,2012-04-29,1111,==>
6776,2012-04-30,1112,==>
6777,2012-04-30,1112,==>
6778,2012-04-30,1112,Jack: Start Jailbreak Adventure.
6779,2012-04-30,1112,Jack: Attempt to pry open window.
6780,2012-04-30,1112,Jack: Get key.
6781,2012-04-30,1112,==>
6782,2012-04-30,1112,Jack: Get pumpkin.
6783,2012-05-01,1113,Jack: Consume pumpkin.
6784,2012-05-01,1113,Jack: Look out window.
6785,2012-05-01,1113,==>
6786,2012-05-01,1113,Jack: Inspect pumpkin.
6787,2012-05-01,1113,Jack: Take a closer look.
6788,2012-05-01,1113,Jack: Search for carving apparatus.
6789,2012-05-01,1113,Jack: Take pointy thing.
6790,2012-05-01,1113,Jack: Carve pumpkin.
6791,2012-05-01,1113,Jack: Open it.
6792,2012-05-01,1113,==>
6793,2012-05-01,1113,==>
6794,2012-05-01,1113,==>
6795,2012-05-01,1113,Jack: Empty pumpkin on floor.
6796,2012-05-01,1113,Jack: Examine compromising material.
6797,2012-05-01,1113,Jack: Forge blade out of illicit literature.
6798,2012-05-02,1114,Jack: Throw a knife down there to get that guy's attention.
6799,2012-05-02,1114,==>
6800,2012-05-02,1114,Jack: Examine exit.
6801,2012-05-02,1114,Jack: Knock on door.
6802,2012-05-02,1114,Jack: Now.
6803,2012-05-02,1114,==>
6804,2012-05-02,1114,Jack: Use knife to snag one of the keys on the floor.
6805,2012-05-02,1114,==>
6806,2012-05-02,1114,Jack: Beckon other guard over.
6807,2012-05-02,1114,Jack: Convince second guard to pick up keys for you.
6808,2012-05-03,1115,==>
6809,2012-05-03,1115,Jack: Look around room.
6810,2012-05-03,1115,Jack: Welcome guest.
6811,2012-05-03,1115,Jack: Be the other guy.
6812,2012-05-03,1115,Jack: Stop being that guy.
6813,2012-05-03,1115,Jack: Apologize to guard's body.
6814,2012-05-03,1115,Jack: Give guy a proper funeral.
6815,2012-05-03,1115,Jack: Seek alternative casket.
6816,2012-05-03,1115,Jack: Make it fit.
6817,2012-05-03,1115,Jack: Close it up.
6818,2012-05-03,1115,Jack: Bring casket over to receptacle.
6819,2012-05-03,1115,Jack: Pry open panel with knife.
6820,2012-05-03,1115,Jack: Send him off.
6821,2012-05-03,1115,==>
6822,2012-05-04,1116,==>
6823,2012-05-04,1116,Jack: Greet visitor.
6824,2012-05-04,1116,"Jack: Quick, be the other guy again."
6825,2012-05-09,1121,Other guy: Be Jake.
6826,2012-05-09,1121,Jake: Attempt to get a gab in edgeways.
6827,2012-05-10,1122,==>
6828,2012-05-10,1122,==>
6829,2012-05-13,1125,==>
6830,2012-05-13,1125,==>
6831,2012-05-13,1125,==>
6832,2012-05-13,1125,Archagent: Report.
6833,2012-05-13,1125,DD: Report.
6834,2012-05-13,1125,DD: Locate prince.
6835,2012-05-13,1125,DD: Seek help.
6836,2012-05-14,1126,DD: Retrieve extra firepower.
6837,2012-05-14,1126,DD: Mount Dronegorg and ride into battle.
6838,2012-05-14,1126,==>
6839,2012-05-14,1126,==>
6840,2012-05-14,1126,==>
6841,2012-05-14,1126,==>
6842,2012-05-17,1129,[S] DD: Ascend.
6843,2012-05-17,1129,==>
6844,2012-05-17,1129,[S] DD: Ascend more casually.
6845,2012-05-17,1129,==>
6846,2012-05-17,1129,==>
6847,2012-05-18,1130,DD: Unleash awesome powers of ring.
6848,2012-05-18,1130,"DD: Ok, that's cool. Stop being invisible."
6849,2012-05-18,1130,DD: Use Red Miles.
6850,2012-05-18,1130,==>
6851,2012-05-19,1131,Jane: Keep looking for dad.
6852,2012-05-19,1131,==>
6853,2012-05-19,1131,Jane: Investigate clue.
6854,2012-05-19,1131,Jane: Examine note.
6855,2012-05-19,1131,Jane: Get car.
6856,2012-05-19,1131,Jane: Answer.
6857,2012-05-20,1132,Jane: Captchalogue obelisk.
6858,2012-05-20,1132,Jane: Feed it to gristwidget 12000.
6859,2012-05-20,1132,==>
6860,2012-05-20,1132,Jane: Proceed to crypt.
6861,2012-05-20,1132,Jane: Answer again.
6862,2012-05-21,1133,Jane: Pester UU.
6863,2012-05-22,1134,uu: Jeer Dirk.
6864,2012-05-22,1134,==>
6865,2012-05-23,1135,uu: Jeer Past Dirk.
6866,2012-05-23,1135,==>
6867,2012-05-23,1135,==>
6868,2012-05-24,1136,==>
6869,2012-05-24,1136,==>
6870,2012-05-24,1136,==>
6871,2012-05-25,1137,==>
6872,2012-05-25,1137,==>
6873,2012-05-25,1137,uu: Jeer future Dirk.
6874,2012-05-25,1137,uu: Reveal shitty twist.
6875,2012-05-25,1137,==>
6876,2012-05-26,1138,==>
6877,2012-05-26,1138,==>
6878,2012-05-26,1138,==>
6879,2012-05-26,1138,==>
6880,2012-05-26,1138,==>
6881,2012-05-26,1138,==>
6882,2012-05-26,1138,==>
6883,2012-05-27,1139,==>
6884,2012-05-27,1139,==>
6885,2012-05-28,1140,==>
6886,2012-05-29,1141,==>
6887,2012-05-29,1141,==>
6888,2012-05-29,1141,==>
6889,2012-05-29,1141,==>
6890,2012-05-30,1142,==>
6891,2012-05-30,1142,==>
6892,2012-05-31,1143,==>
6893,2012-05-31,1143,==>
6894,2012-05-31,1143,==>
6895,2012-05-31,1143,==>
6896,2012-05-31,1143,==>
6897,2012-05-31,1143,==>
6898,2012-05-31,1143,==>
6899,2012-05-31,1143,==>
6900,2012-06-01,1144,==>
6901,2012-06-01,1144,==>
6902,2012-06-01,1144,==>
6903,2012-06-01,1144,==>
6904,2012-06-01,1144,==>
6905,2012-06-01,1144,==>
6906,2012-06-02,1145,==>
6907,2012-06-02,1145,==>
6908,2012-06-02,1145,==>
6909,2012-06-03,1146,==>
6910,2012-06-03,1146,==>
6911,2012-06-03,1146,==>
6912,2012-06-03,1146,==>
6913,2012-06-03,1146,==>
6914,2012-06-03,1146,Jake: Wake up.
6915,2012-06-03,1146,Jake: Answer.
6916,2012-06-04,1147,Jake: Examine time capsule.
6917,2012-06-04,1147,Jake: Deploy Terry Kiser.
6918,2012-06-04,1147,Jake: Monstrositify something.
6919,2012-06-04,1147,==>
6920,2012-06-04,1147,"Jake: Ok, try out infinitesimalizer."
6921,2012-06-04,1147,Jake: Shrink it.
6922,2012-06-04,1147,Jake: Watch capsule bloom.
6923,2012-06-04,1147,Jake: Check capsule clock.
6924,2012-06-05,1148,Jake: Prepare present for delivery.
6925,2012-06-05,1148,==>
6926,2012-06-05,1148,==>
6927,2012-06-06,1149,[S] Terry: Fast forward to Liv.
6928,2012-06-06,1149,==>
6929,2012-06-08,1151,UU: Cheer uu.
6930,2012-06-08,1151,UU: Defeat uu.
6931,2012-06-08,1151,uu: Jeer UU.
6932,2012-06-08,1151,uu: Defeat UU.
6933,2012-06-08,1151,==>
6934,2012-06-09,1152,Select character.
6935,2012-06-09,1152,Be Jane.
6936,2012-06-09,1152,Jane: Examine door.
6937,2012-06-09,1152,Jane: Answer client shades.
6938,2012-06-09,1152,==>
6939,2012-06-09,1152,Jane: Zoom out.
6940,2012-06-10,1153,==>
6941,2012-06-10,1153,==>
6942,2012-06-10,1153,Jane: Deploy.
6943,2012-06-10,1153,Jane: Follow the rabbit.
6944,2012-06-10,1153,"Jane: ""Transportalize."""
6945,2012-06-10,1153,==>
6946,2012-06-10,1153,==>
6947,2012-06-10,1153,==>
6948,2012-06-10,1153,==>
6949,2012-06-10,1153,==>
6950,2012-06-10,1153,==>
6951,2012-06-10,1153,==>
6952,2012-06-11,1154,Select character.
6953,2012-06-11,1154,Be Jake.
6954,2012-06-11,1154,Jake: Look in hole.
6955,2012-06-11,1154,Jake: Jump down and get that globe.
6956,2012-06-11,1154,Jake: Take it.
6957,2012-06-11,1154,Jake: Answer.
6958,2012-06-11,1154,==>
6959,2012-06-11,1154,==>
6960,2012-06-11,1154,==>
6961,2012-06-11,1154,Jake: Deploy.
6962,2012-06-12,1155,Jake: Transportalize.
6963,2012-06-12,1155,==>
6964,2012-06-12,1155,==>
6965,2012-06-12,1155,==>
6966,2012-06-12,1155,==>
6967,2012-06-12,1155,==>
6968,2012-06-12,1155,==>
6969,2012-06-12,1155,==>
6970,2012-06-13,1156,Select character.
6971,2012-06-13,1156,Be Dirk.
6972,2012-06-13,1156,==>
6973,2012-06-13,1156,==>
6974,2012-06-13,1156,==>
6975,2012-06-13,1156,==>
6976,2012-06-13,1156,==>
6977,2012-06-13,1156,==>
6978,2012-06-14,1157,Select character.
6979,2012-06-14,1157,Be Roxy.
6980,2012-06-14,1157,==>
6981,2012-06-14,1157,Roxy: Answer chumps.
6982,2012-06-15,1158,Roxy: Answer UU.
6983,2012-06-15,1158,==>
6984,2012-06-15,1158,Select character.
6985,2012-06-16,1159,I selected all those characters. Time to move on.
6986,2012-06-16,1159,Roxy: Return home.
6987,2012-06-16,1159,Roxy: Put out fires.
6988,2012-06-16,1159,Roxy: Connect with Jake.
6989,2012-06-16,1159,Roxy: Multitask.
6990,2012-06-16,1159,==>
6991,2012-06-17,1160,==>
6992,2012-06-17,1160,==>
6993,2012-06-17,1160,==>
6994,2012-06-17,1160,==>
6995,2012-06-17,1160,==>
6996,2012-06-17,1160,==>
6997,2012-06-17,1160,==>
6998,2012-06-19,1162,==>
6999,2012-06-19,1162,Calliope: Dehorn.
7000,2012-06-19,1162,Calliope: Examine artwork.
7001,2012-06-19,1162,==>
7002,2012-06-20,1163,Calliope: Examine mess.
7003,2012-06-20,1163,Calliope: Tidy up a little.
7004,2012-06-20,1163,Calliope: Examine box.
7005,2012-06-20,1163,Calliope: See what you've got captchalogued.
7006,2012-06-20,1163,==>
7007,2012-06-20,1163,==>
7008,2012-06-20,1163,Calliope: Check out green tome.
7009,2012-06-20,1163,Calliope: Open it up.
7010,2012-06-20,1163,Calliope: Flip to another page.
7011,2012-06-20,1163,Calliope: Examine black tome.
7012,2012-06-20,1163,Calliope: Open it.
7013,2012-06-20,1163,Calliope: Retrieve wand.
7014,2012-06-20,1163,Calliope: Load wand.
7015,2012-06-20,1163,Calliope: Examine chest.
7016,2012-06-20,1163,Calliope: Let's have a look inside.
7017,2012-06-21,1164,Calliope: Holster magnum.
7018,2012-06-21,1164,Calliope: Examine other chain.
7019,2012-06-21,1164,Calliope: Check out bed.
7020,2012-06-21,1164,Calliope: Remove cover.
7021,2012-06-21,1164,Calliope: Examine ladder.
7022,2012-06-21,1164,Calliope: Exit.
7023,2012-06-21,1164,==>
7024,2012-06-21,1164,==>
7025,2012-06-22,1165,Calliope: Look around one last time.
7026,2012-06-22,1165,==>
7027,2012-06-22,1165,==>
7028,2012-06-22,1165,==>
7029,2012-06-22,1165,==>
7030,2012-06-22,1165,==>
7031,2012-06-22,1165,==>
7032,2012-06-22,1165,==>
7033,2012-06-22,1165,==>
7034,2012-06-22,1165,==>
7035,2012-06-22,1165,==>
7036,2012-06-22,1165,==>
7037,2012-06-26,1169,Select character.
7038,2012-06-26,1169,Be Jane.
7039,2012-06-26,1169,==>
7040,2012-06-26,1169,==>
7041,2012-06-26,1169,==>
7042,2012-06-26,1169,==>
7043,2012-06-26,1169,==>
7044,2012-06-26,1169,==>
7045,2012-06-26,1169,==>
7046,2012-06-26,1169,==>
7047,2012-06-26,1169,==>
7048,2012-06-26,1169,==>
7049,2012-06-26,1169,==>
7050,2012-06-26,1169,==>
7051,2012-06-26,1169,Be Jake.
7052,2012-06-26,1169,==>
7053,2012-06-26,1169,==>
7054,2012-06-26,1169,==>
7055,2012-06-26,1169,==>
7056,2012-06-26,1169,==>
7057,2012-06-26,1169,==>
7058,2012-06-26,1169,==>
7059,2012-06-26,1169,==>
7060,2012-06-26,1169,==>
7061,2012-06-26,1169,==>
7062,2012-06-26,1169,==>
7063,2012-06-26,1169,==>
7064,2012-06-26,1169,==>
7065,2012-06-26,1169,==>
7066,2012-06-26,1169,==>
7067,2012-06-26,1169,==>
7068,2012-06-26,1169,==>
7069,2012-06-26,1169,==>
7070,2012-06-26,1169,==>
7071,2012-06-26,1169,==>
7072,2012-06-26,1169,==>
7073,2012-06-26,1169,==>
7074,2012-06-26,1169,==>
7075,2012-06-26,1169,==>
7076,2012-06-26,1169,Be Roxy.
7077,2012-06-26,1169,==>
7078,2012-06-26,1169,==>
7079,2012-06-26,1169,==>
7080,2012-06-26,1169,==>
7081,2012-06-26,1169,==>
7082,2012-06-26,1169,==>
7083,2012-06-26,1169,==>
7084,2012-06-26,1169,==>
7085,2012-06-26,1169,==>
7086,2012-06-26,1169,==>
7087,2012-06-26,1169,Be Dirk.
7088,2012-06-26,1169,==>
7089,2012-06-26,1169,==>
7090,2012-06-26,1169,==>
7091,2012-06-26,1169,==>
7092,2012-06-26,1169,==>
7093,2012-06-26,1169,==>
7094,2012-06-26,1169,==>
7095,2012-06-26,1169,==>
7096,2012-06-26,1169,==>
7097,2012-06-26,1169,==>
7098,2012-06-26,1169,==>
7099,2012-06-26,1169,==>
7100,2012-06-26,1169,==>
7101,2012-06-26,1169,==>
7102,2012-06-26,1169,==>
7103,2012-06-27,1170,I clicked on all those kids. Now what?
7104,2012-06-28,1171,Dream Dirk: Dream.
7105,2012-06-28,1171,==>
7106,2012-06-28,1171,==>
7107,2012-06-28,1171,==>
7108,2012-06-28,1171,==>
7109,2012-06-28,1171,==>
7110,2012-06-28,1171,==>
7111,2012-06-28,1171,==>
7112,2012-06-28,1171,==>
7113,2012-06-28,1171,==>
7114,2012-06-28,1171,==>
7115,2012-06-28,1171,==>
7116,2012-06-29,1172,==>
7117,2012-06-29,1172,==>
7118,2012-06-29,1172,==>
7119,2012-06-30,1173,==>
7120,2012-06-30,1173,==>
7121,2012-06-30,1173,==>
7122,2012-06-30,1173,==>
7123,2012-06-30,1173,==>
7124,2012-06-30,1173,Calliope: Sleep.
7125,2012-06-30,1173,==>
7126,2012-06-30,1173,==>
7127,2012-06-30,1173,==>
7128,2012-06-30,1173,==>
7129,2012-06-30,1173,==>
7130,2012-06-30,1173,==>
7131,2012-06-30,1173,==>
7132,2012-06-30,1173,==>
7133,2012-06-30,1173,==>
7134,2012-07-01,1174,==>
7135,2012-07-01,1174,==>
7136,2012-07-01,1174,==>
7137,2012-07-01,1174,Dirk: Wake.
7138,2012-07-09,1182,[S] Dirk: Synchronize.
7139,2012-07-09,1182,==>
7140,2012-07-09,1182,==>
7141,2012-07-09,1182,==>
7142,2012-07-09,1182,==>
7143,2012-07-09,1182,==>
7144,2012-07-09,1182,==>
7145,2012-07-09,1182,==>
7146,2012-07-09,1182,==>
7147,2012-07-09,1182,==>
7148,2012-07-09,1182,==>
7149,2012-07-09,1182,==>
7150,2012-07-09,1182,==>
7151,2012-07-09,1182,==>
7152,2012-07-09,1182,[S] Dirk: Unite.
7153,2012-07-18,1191,==>
7154,2012-07-18,1191,==>
7155,2012-07-18,1191,==>
7156,2012-07-18,1191,==>
7157,2012-07-18,1191,==>
7158,2012-07-18,1191,Sawtooth: Enter.
7159,2012-07-18,1191,Squarewave: Enter.
7160,2012-07-18,1191,"Jane, Dirk, Jake, Roxy: Enter."
7161,2012-07-28,1201,[S] Caliborn: Enter.
7162,2012-07-29,1202,==>
7163,2012-08-31,1235,[S] ACT 6 INTERMISSION 3
7164,2012-09-07,1242,[A6I3] ==>
7165,2012-09-07,1242,[A6I3] ==>
7166,2012-09-07,1242,[A6I3] ==>
7167,2012-09-07,1242,[A6I3] ==>
7168,2012-09-07,1242,[A6I3] ==>
7169,2012-09-07,1242,[A6I3] ==>
7170,2012-09-07,1242,[A6I3] ==>
7171,2012-09-07,1242,[A6I3] ==>
7172,2012-09-08,1243,[A6I3] ==>
7173,2012-09-08,1243,[A6I3] ==>
7174,2012-09-08,1243,[A6I3] ==>
7175,2012-09-08,1243,[A6I3] ==>
7176,2012-09-08,1243,[A6I3] ==>
7177,2012-09-08,1243,[A6I3] ==>
7178,2012-09-09,1244,[A6I3] ==>
7179,2012-09-09,1244,[A6I3] ==>
7180,2012-09-09,1244,[A6I3] ==>
7181,2012-09-09,1244,[A6I3] ==>
7182,2012-09-09,1244,[A6I3] ==>
7183,2012-09-09,1244,[A6I3] ==>
7184,2012-09-09,1244,[A6I3] ==>
7185,2012-09-09,1244,[A6I3] ==>
7186,2012-09-09,1244,[A6I3] ==>
7187,2012-09-09,1244,[A6I3] ==>
7188,2012-09-12,1247,[A6I3] ==>
7189,2012-09-12,1247,[A6I3] ==>
7190,2012-09-12,1247,[A6I3] ==>
7191,2012-09-12,1247,[A6I3] ==>
7192,2012-09-12,1247,[A6I3] ==>
7193,2012-09-13,1248,[A6I3] ==>
7194,2012-09-13,1248,[A6I3] ==>
7195,2012-09-16,1251,[A6I3] ==>
7196,2012-09-16,1251,[A6I3] ==>
7197,2012-09-16,1251,[A6I3] ==>
7198,2012-09-16,1251,[A6I3] ==>
7199,2012-09-19,1254,[A6I3] ==>
7200,2012-09-19,1254,[A6I3] ==>
7201,2012-09-19,1254,[A6I3] ==>
7202,2012-09-19,1254,[A6I3] ==>
7203,2012-09-19,1254,[A6I3] ==>
7204,2012-09-19,1254,[A6I3] ==>
7205,2012-09-21,1256,[A6I3] ==>
7206,2012-09-21,1256,[A6I3] ==>
7207,2012-09-21,1256,[A6I3] ==>
7208,2012-09-24,1259,[S][A6I3] ==>
7209,2012-09-25,1260,[A6I3] ==>
7210,2012-09-26,1261,[A6I3] ==>
7211,2012-09-26,1261,[A6I3] ==>
7212,2012-09-26,1261,[A6I3] ==>
7213,2012-09-26,1261,[A6I3] ==>
7214,2012-09-26,1261,[A6I3] ==>
7215,2012-09-26,1261,[A6I3] ==>
7216,2012-09-26,1261,[A6I3] ==>
7217,2012-09-26,1261,[A6I3] ==>
7218,2012-09-27,1262,[A6I3] ==>
7219,2012-09-27,1262,[A6I3] ==>
7220,2012-09-27,1262,[A6I3] ==>
7221,2012-09-27,1262,[A6I3] ==>
7222,2012-09-27,1262,[A6I3] ==>
7223,2012-09-27,1262,[A6I3] ==>
7224,2012-09-27,1262,[A6I3] ==>
7225,2012-09-27,1262,[A6I3] ==>
7226,2012-09-27,1262,[A6I3] ==>
7227,2012-09-27,1262,[A6I3] ==>
7228,2012-09-27,1262,[A6I3] ==>
7229,2012-09-28,1263,[A6I3] ==>
7230,2012-09-28,1263,[A6I3] ==>
7231,2012-09-28,1263,[A6I3] ==>
7232,2012-09-28,1263,[A6I3] ==>
7233,2012-09-28,1263,[A6I3] ==>
7234,2012-09-29,1264,[A6I3] ==>
7235,2012-09-29,1264,[A6I3] ==>
7236,2012-09-29,1264,[A6I3] ==>
7237,2012-09-30,1265,[A6I3] ==>
7238,2012-09-30,1265,[A6I3] ==>
7239,2012-09-30,1265,[A6I3] ==>
7240,2012-09-30,1265,[A6I3] ==>
7241,2012-10-01,1266,[A6I3] ==>
7242,2012-10-01,1266,[A6I3] ==>
7243,2012-10-01,1266,[A6I3] ==>
7244,2012-10-01,1266,[A6I3] ==>
7245,2012-10-01,1266,[A6I3] ==>
7246,2012-10-01,1266,[A6I3] ==>
7247,2012-10-01,1266,[A6I3] ==>
7248,2012-10-01,1266,[A6I3] ==>
7249,2012-10-01,1266,[A6I3] ==>
7250,2012-10-01,1266,[A6I3] ==>
7251,2012-10-01,1266,[A6I3] ==>
7252,2012-10-01,1266,[A6I3] ==>
7253,2012-10-01,1266,[A6I3] ==>
7254,2012-10-02,1267,[A6I3] ==>
7255,2012-10-02,1267,[A6I3] ==>
7256,2012-10-02,1267,[A6I3] ==>
7257,2012-10-02,1267,[A6I3] ==>
7258,2012-10-03,1268,[A6I3] ==>
7259,2012-10-03,1268,[A6I3] ==>
7260,2012-10-03,1268,[A6I3] ==>
7261,2012-10-04,1269,[A6I3] ==>
7262,2012-10-04,1269,[A6I3] ==>
7263,2012-10-04,1269,[A6I3] ==>
7264,2012-10-04,1269,[A6I3] ==>
7265,2012-10-06,1271,[A6I3] ==>
7266,2012-10-06,1271,[A6I3] ==>
7267,2012-10-06,1271,[A6I3] ==>
7268,2012-10-08,1273,[A6I3] ==>
7269,2012-10-09,1274,[A6I3] ==>
7270,2012-10-09,1274,[A6I3] ==>
7271,2012-10-09,1274,[A6I3] ==>
7272,2012-10-09,1274,[A6I3] ==>
7273,2012-10-09,1274,[S][A6I3] ==>
7274,2012-10-09,1274,[S][A6I3] ==>
7275,2012-10-09,1274,[S][A6I3] ==>
7276,2012-10-11,1276,[S][A6I3] ==>
7277,2012-10-11,1276,[S][A6I3] ==>
7278,2012-10-11,1276,[A6I3] ==>
7279,2012-10-11,1276,[A6I3] ==>
7280,2012-10-11,1276,[A6I3] ==>
7281,2012-10-11,1276,[A6I3] ==>
7282,2012-10-11,1276,[A6I3] ==>
7283,2012-10-12,1277,[A6I3] ==>
7284,2012-10-12,1277,[A6I3] ==>
7285,2012-10-14,1279,[A6I3] ==>
7286,2012-10-14,1279,[A6I3] ==>
7287,2012-10-14,1279,[A6I3] ==>
7288,2012-10-15,1280,[A6I3] ==>
7289,2012-10-15,1280,[A6I3] ==>
7290,2012-10-15,1280,[A6I3] ==>
7291,2012-10-19,1284,[A6I3] ==>
7292,2012-10-19,1284,[A6I3] ==>
7293,2012-10-19,1284,[A6I3] ==>
7294,2012-10-19,1284,[A6I3] ==>
7295,2012-10-19,1284,[A6I3] ==>
7296,2012-10-20,1285,[A6I3] ==>
7297,2012-10-20,1285,[A6I3] ==>
7298,2012-10-22,1287,[S][A6I3] ==>
7299,2012-10-23,1288,[A6I3] ==>
7300,2012-10-23,1288,[A6I3] ==>
7301,2012-10-23,1288,[A6I3] ==>
7302,2012-10-23,1288,[A6I3] ==>
7303,2012-10-23,1288,[A6I3] ==>
7304,2012-10-25,1290,[A6I3] ==>
7305,2012-10-25,1290,[A6I3] ==>
7306,2012-10-25,1290,[A6I3] ==>
7307,2012-10-25,1290,[A6I3] ==>
7308,2012-10-25,1290,[A6I3] ==>
7309,2012-10-25,1290,[A6I3] ==>
7310,2012-10-25,1290,[A6I3] ==>
7311,2012-10-26,1291,[A6I3] ==>
7312,2012-10-26,1291,[A6I3] ==>
7313,2012-10-26,1291,[A6I3] ==>
7314,2012-10-26,1291,[A6I3] ==>
7315,2012-10-26,1291,[A6I3] ==>
7316,2012-10-26,1291,[A6I3] ==>
7317,2012-10-26,1291,[A6I3] ==>
7318,2012-10-26,1291,[A6I3] ==>
7319,2012-10-26,1291,[A6I3] ==>
7320,2012-10-26,1291,[A6I3] ==>
7321,2012-10-26,1291,[A6I3] ==>
7322,2012-10-27,1292,[A6I3] ==>
7323,2012-10-27,1292,[A6I3] ==>
7324,2012-10-27,1292,[A6I3] ==>
7325,2012-10-27,1292,[A6I3] ==>
7326,2012-10-27,1292,[S][A6I3] ==>
7327,2012-11-03,1299,[S][A6I3] MINISTRIFE!!!
7328,2012-11-03,1299,[A6I3] ==>
7329,2012-11-03,1299,[A6I3] ==>
7330,2012-11-03,1299,[A6I3] ==>
7331,2012-11-03,1299,[A6I3] ==>
7332,2012-11-03,1299,[A6I3] ==>
7333,2012-11-03,1299,[A6I3] ==>
7334,2012-11-03,1299,[A6I3] ==>
7335,2012-11-03,1299,[A6I3] ==>
7336,2012-11-03,1299,[A6I3] ==>
7337,2012-11-03,1299,END OF ACT 6 INTERMISSION 3
7338,2012-11-12,1308,[S] ACT 6 ACT 4
7339,2012-11-12,1308,==>
7340,2012-11-14,1310,[S] ==>
7341,2012-11-14,1310,ACT 6 INTERMISSION 4
7342,2012-11-14,1310,[A6I4] ==>
7343,2012-11-14,1310,[A6I4] ==>
7344,2012-11-14,1310,[A6I4] ==>
7345,2012-11-14,1310,[A6I4] ==>
7346,2012-11-14,1310,[A6I4] ==>
7347,2012-11-14,1310,[A6I4] ==>
7348,2012-11-14,1310,[A6I4] ==>
7349,2012-11-15,1311,[A6I4] ==>
7350,2012-11-15,1311,[A6I4] ==>
7351,2012-11-15,1311,[A6I4] ==>
7352,2012-11-15,1311,[A6I4] ==>
7353,2012-11-15,1311,[A6I4] ==>
7354,2012-11-15,1311,[A6I4] ==>
7355,2012-11-15,1311,[A6I4] ==>
7356,2012-11-15,1311,[A6I4] ==>
7357,2012-11-15,1311,[A6I4] ==>
7358,2012-11-15,1311,[A6I4] ==>
7359,2012-11-16,1312,[A6I4] ==>
7360,2012-11-16,1312,[A6I4] ==>
7361,2012-11-16,1312,[A6I4] ==>
7362,2012-11-16,1312,[A6I4] ==>
7363,2012-11-16,1312,[A6I4] ==>
7364,2012-11-16,1312,[A6I4] ==>
7365,2012-11-17,1313,[A6I4] ==>
7366,2012-11-17,1313,[A6I4] ==>
7367,2012-11-18,1314,[A6I4] ==>
7368,2012-11-18,1314,[A6I4] ==>
7369,2012-11-18,1314,[A6I4] ==>
7370,2012-11-18,1314,[A6I4] ==>
7371,2012-11-18,1314,[S][A6I4] ==>
7372,2012-11-19,1315,[S][A6I4] ==>
7373,2012-11-19,1315,[S][A6I4] ==>
7374,2012-11-19,1315,[S][A6I4] ==>
7375,2012-11-20,1316,[A6I4] ==>
7376,2012-11-20,1316,[A6I4] ==>
7377,2012-11-20,1316,[A6I4] ==>
7378,2012-11-20,1316,[A6I4] ==>
7379,2012-11-20,1316,[A6I4] ==>
7380,2012-11-20,1316,[A6I4] ==>
7381,2012-11-21,1317,[A6I4] ==>
7382,2012-11-21,1317,[A6I4] ==>
7383,2012-11-21,1317,[A6I4] ==>
7384,2012-11-21,1317,[A6I4] ==>
7385,2012-11-21,1317,[S][A6I4] ==>
7386,2012-11-22,1318,[A6I4] ==>
7387,2012-11-22,1318,[A6I4] ==>
7388,2012-11-22,1318,[A6I4] ==>
7389,2012-11-22,1318,[A6I4] ==>
7390,2012-11-23,1319,[A6I4] ==>
7391,2012-11-23,1319,[A6I4] ==>
7392,2012-11-25,1321,[A6I4] ==>
7393,2012-11-25,1321,[A6I4] ==>
7394,2012-11-25,1321,[S!][A6I4] ==>
7395,2012-11-25,1321,[!!!][A6I4] ==>
7396,2012-11-26,1322,[A6I4] ==>
7397,2012-11-26,1322,[A6I4] ==>
7398,2012-11-26,1322,[A6I4] ==>
7399,2012-11-26,1322,[A6I4] ==>
7400,2012-11-26,1322,[A6I4] ==>
7401,2012-11-26,1322,[A6I4] ==>
7402,2012-11-27,1323,[A6I4] ==>
7403,2012-11-27,1323,[A6I4] ==>
7404,2012-11-27,1323,[A6I4] ==>
7405,2012-11-27,1323,[A6I4] ==>
7406,2012-11-27,1323,[A6I4] ==>
7407,2012-11-27,1323,[A6I4] ==>
7408,2012-11-27,1323,[A6I4] ==>
7409,2012-11-27,1323,[A6I4] ==>
7410,2012-11-27,1323,[A6I4] ==>
7411,2012-11-27,1323,END OF ACT 6 INTERMISSION 4
7412,2012-11-28,1324,[S] ACT 6 ACT 5
7413,2012-11-29,1325,Jake: Examine incoming message.
7414,2012-11-29,1325,==>
7415,2012-11-29,1325,==>
7416,2012-11-29,1325,Jake: Solicit profound wisdom from your friendly guide.
7417,2012-11-30,1326,==>
7418,2012-11-30,1326,==>
7419,2012-11-30,1326,==>
7420,2012-11-30,1326,Jake: Pester Jane.
7421,2012-12-02,1328,Jane: Answer.
7422,2012-12-02,1328,==>
7423,2012-12-02,1328,==>
7424,2012-12-02,1328,==>
7425,2012-12-02,1328,==>
7426,2012-12-02,1328,==>
7427,2012-12-03,1329,==>
7428,2012-12-03,1329,==>
7429,2012-12-03,1329,==>
7430,2012-12-03,1329,==>
7431,2012-12-03,1329,==>
7432,2012-12-03,1329,==>
7433,2012-12-04,1330,==>
7434,2012-12-04,1330,==>
7435,2012-12-04,1330,==>
7436,2012-12-04,1330,Jane: Abscond.
7437,2012-12-05,1331,==>
7438,2012-12-05,1331,==>
7439,2012-12-05,1331,==>
7440,2012-12-05,1331,==>
7441,2012-12-05,1331,==>
7442,2012-12-05,1331,==>
7443,2012-12-05,1331,==>
7444,2012-12-05,1331,==>
7445,2012-12-05,1331,==>
7446,2012-12-06,1332,Jane: Ollie outie.
7447,2012-12-06,1332,==>
7448,2012-12-06,1332,==>
7449,2012-12-06,1332,==>
7450,2012-12-06,1332,==>
7451,2012-12-07,1333,Jane: Answer.
7452,2012-12-07,1333,==>
7453,2012-12-07,1333,==>
7454,2012-12-09,1335,==>
7455,2012-12-09,1335,==>
7456,2012-12-09,1335,==>
7457,2012-12-09,1335,Jane: Keep absconding.
7458,2012-12-09,1335,==>
7459,2012-12-10,1336,DD: Examine sleazy Dersite rag.
7460,2012-12-10,1336,==>
7461,2012-12-10,1336,==>
7462,2012-12-10,1336,DD: Observe Nobles.
7463,2012-12-10,1336,==>
7464,2012-12-11,1337,DD: Check on prisoner.
7465,2012-12-11,1337,==>
7466,2012-12-11,1337,DD: Proceed to solitary confinement suite.
7467,2012-12-11,1337,==>
7468,2012-12-12,1338,DD: Ask what prisoner is doing.
7469,2012-12-12,1338,==>
7470,2012-12-13,1339,==>
7471,2012-12-13,1339,==>
7472,2012-12-13,1339,Years in the future...
7473,2012-12-13,1339,==>
7474,2012-12-14,1340,==>
7475,2012-12-14,1340,==>
7476,2012-12-14,1340,Roxy: Examine wizardfic journal.
7477,2012-12-14,1340,Roxy: Open to random page.
7478,2012-12-14,1340,Roxy: Jump ahead a little.
7479,2012-12-14,1340,Roxy: Skip to the end.
7480,2012-12-15,1341,Roxy: Doint write whilt dronk.
7481,2012-12-15,1341,==>
7482,2012-12-15,1341,Roxy: Answer UU.
7483,2012-12-15,1341,==>
7484,2012-12-15,1341,Roxy: Look out window.
7485,2012-12-15,1341,==>
7486,2012-12-15,1341,==>
7487,2012-12-15,1341,==>
7488,2012-12-15,1341,==>
7489,2012-12-15,1341,==>
7490,2012-12-15,1341,==>
7491,2012-12-15,1341,==>
7492,2012-12-15,1341,==>
7493,2012-12-15,1341,Roxy: Say hello.
7494,2012-12-15,1341,==>
7495,2012-12-16,1342,==>
7496,2012-12-16,1342,Roxy: Exit room.
7497,2012-12-16,1342,Roxy: Examine painting.
7498,2012-12-16,1342,==>
7499,2012-12-16,1342,==>
7500,2012-12-16,1342,Roxy: Continue.
7501,2012-12-16,1342,==>
7502,2012-12-16,1342,==>
7503,2012-12-16,1342,==>
7504,2012-12-17,1343,Roxy: Go through.
7505,2012-12-17,1343,==>
7506,2012-12-17,1343,==>
7507,2012-12-17,1343,==>
7508,2012-12-17,1343,==>
7509,2012-12-17,1343,==>
7510,2012-12-17,1343,==>
7511,2012-12-17,1343,==>
7512,2012-12-17,1343,==>
7513,2012-12-17,1343,Roxy: Turn around.
7514,2012-12-18,1344,==>
7515,2012-12-18,1344,==>
7516,2012-12-20,1346,==>
7517,2012-12-20,1346,==>
7518,2012-12-20,1346,==>
7519,2012-12-20,1346,==>
7520,2012-12-20,1346,Roxy: Turn around again.
7521,2012-12-20,1346,==>
7522,2012-12-21,1347,==>
7523,2012-12-21,1347,==>
7524,2012-12-21,1347,==>
7525,2012-12-21,1347,==>
7526,2012-12-21,1347,Roxy: Succumb to powerful anti-sleep majyyks.
7527,2012-12-21,1347,Roxy: Examine folder.
7528,2012-12-22,1348,Roxy: Inspect briefing.
7529,2012-12-22,1348,==>
7530,2012-12-22,1348,Roxy: Examine door.
7531,2012-12-22,1348,==>
7532,2012-12-22,1348,==>
7533,2012-12-22,1348,Roxy: Examine gift.
7534,2012-12-22,1348,CD: Do happy umbrella dance.
7535,2012-12-23,1349,Roxy: Pester Dirk.
7536,2012-12-23,1349,==>
7537,2012-12-23,1349,==>
7538,2012-12-25,1351,==>
7539,2012-12-25,1351,==>
7540,2012-12-25,1351,==>
7541,2012-12-25,1351,==>
7542,2012-12-25,1351,==>
7543,2012-12-25,1351,==>
7544,2012-12-25,1351,==>
7545,2012-12-25,1351,==>
7546,2012-12-25,1351,==>
7547,2012-12-25,1351,==>
7548,2012-12-25,1351,==>
7549,2012-12-25,1351,==>
7550,2012-12-25,1351,==>
7551,2012-12-25,1351,==>
7552,2012-12-25,1351,==>
7553,2012-12-26,1352,Dirk: Fuck it.
7554,2012-12-26,1352,Shades: Descend.
7555,2012-12-26,1352,[S] Ride.
7556,2012-12-27,1353,Dirk: Solicit profound wisdom from your friendly guide.
7557,2012-12-27,1353,==>
7558,2012-12-29,1355,Roxy: Pester Jake.
7559,2012-12-29,1355,==>
7560,2012-12-29,1355,==>
7561,2012-12-29,1355,==>
7562,2012-12-29,1355,==>
7563,2012-12-29,1355,==>
7564,2012-12-29,1355,==>
7565,2012-12-29,1355,==>
7566,2012-12-29,1355,==>
7567,2012-12-30,1356,Jake: Answer.
7568,2012-12-30,1356,==>
7569,2012-12-30,1356,"Jake: Ok, answer this guy instead."
7570,2012-12-30,1356,==>
7571,2012-12-30,1356,==>
7572,2012-12-31,1357,==>
7573,2013-01-02,1359,==>
7574,2013-01-02,1359,==>
7575,2013-01-02,1359,==>
7576,2013-01-02,1359,==>
7577,2013-01-03,1360,==>
7578,2013-01-03,1360,==>
7579,2013-01-03,1360,==>
7580,2013-01-03,1360,==>
7581,2013-01-03,1360,==>
7582,2013-01-03,1360,==>
7583,2013-01-04,1361,Jane: Return home.
7584,2013-01-04,1361,Jane: Reminisce.
7585,2013-01-04,1361,Jane: Solicit profound wisdom from hallway Cera.
7586,2013-01-04,1361,Jane: Give Cera beagle puss.
7587,2013-01-05,1362,Jane: Enter room.
7588,2013-01-05,1362,Jane: Examine wall Tobias.
7589,2013-01-05,1362,Jane: Examine wall Swanson.
7590,2013-01-05,1362,==>
7591,2013-01-05,1362,Jane: Answer.
7592,2013-01-05,1362,==>
7593,2013-01-05,1362,==>
7594,2013-01-05,1362,"Jane: ... Answer, you guess."
7595,2013-01-05,1362,==>
7596,2013-01-05,1362,==>
7597,2013-01-05,1362,==>
7598,2013-01-05,1362,==>
7599,2013-01-06,1363,Roxy: Pester Jane.
7600,2013-01-06,1363,==>
7601,2013-01-06,1363,==>
7602,2013-01-08,1365,Jane: Alchemize Calliope's juju.
7603,2013-01-08,1365,==>
7604,2013-01-08,1365,Jane: Alchemize Caliborn's juju.
7605,2013-01-09,1366,==>
7606,2013-01-09,1366,Jane: Examine jujus.
7607,2013-01-09,1366,==>
7608,2013-01-09,1366,==>
7609,2013-01-09,1366,==>
7610,2013-01-09,1366,==>
7611,2013-01-09,1366,[S] Jane: Engage.
7612,2013-01-10,1367,[S] Jane: Blast off.
7613,2013-01-11,1368,END OF ACT 6 ACT 5 ACT 1
7614,2013-01-11,1368,[S] ACT 6 ACT 5 ACT 2
7615,2013-01-11,1368,==>
7616,2013-01-12,1369,==>
7617,2013-01-12,1369,==>
7618,2013-01-12,1369,==>
7619,2013-01-12,1369,==>
7620,2013-01-12,1369,==>
7621,2013-01-12,1369,==>
7622,2013-01-12,1369,==>
7623,2013-01-12,1369,==>
7624,2013-01-12,1369,==>
7625,2013-01-12,1369,==>
7626,2013-01-13,1370,[S] ==>
7627,2013-01-14,1371,==>
7628,2013-01-14,1371,==>
7629,2013-01-14,1371,==>
7630,2013-01-15,1372,==>
7631,2013-01-15,1372,==>
7632,2013-01-15,1372,==>
7633,2013-01-16,1373,==>
7634,2013-01-16,1373,==>
7635,2013-01-16,1373,==>
7636,2013-01-16,1373,==>
7637,2013-01-16,1373,==>
7638,2013-01-16,1373,==>
7639,2013-01-16,1373,==>
7640,2013-01-17,1374,[S] ==>
7641,2013-01-17,1374,==>
7642,2013-01-17,1374,==>
7643,2013-01-18,1375,==>
7644,2013-01-18,1375,==>
7645,2013-01-18,1375,==>
7646,2013-01-18,1375,==>
7647,2013-01-18,1375,==>
7648,2013-01-19,1376,==>
7649,2013-01-19,1376,==>
7650,2013-01-19,1376,==>
7651,2013-01-20,1377,==>
7652,2013-01-20,1377,==>
7653,2013-01-21,1378,==>
7654,2013-01-21,1378,==>
7655,2013-01-21,1378,==>
7656,2013-01-21,1378,==>
7657,2013-01-21,1378,==>
7658,2013-01-21,1378,==>
7659,2013-01-23,1380,[S] ==>
7660,2013-01-23,1380,==>
7661,2013-01-23,1380,==>
7662,2013-01-23,1380,==>
7663,2013-01-24,1381,[S] Tricksters: Alchemize.
7664,2013-01-25,1382,[S] ==>
7665,2013-01-25,1382,==>
7666,2013-01-25,1382,==>
7667,2013-01-25,1382,==>
7668,2013-01-25,1382,==>
7669,2013-01-25,1382,==>
7670,2013-01-25,1382,==>
7671,2013-01-25,1382,==>
7672,2013-01-25,1382,==>
7673,2013-01-25,1382,"Oh, oh! Do a fancy santa."
7674,2013-01-25,1382,==>
7675,2013-01-25,1382,==>
7676,2013-01-26,1383,[S] WHEEEEEEEEEEE!
7677,2013-01-26,1383,[S] HA HA HA! HE HE HE! HO HO HO!
7678,2013-01-26,1383,GO BACK TO ACT 6 ACT 5 ACT 1.
7679,2013-01-27,1384,==>
7680,2013-01-27,1384,[FUCK YOU!] ==>
7681,2013-01-28,1385,==>
7682,2013-01-28,1385,==>
7683,2013-01-28,1385,Caliborn: Break glass.
7684,2013-01-28,1385,==>
7685,2013-01-28,1385,==>
7686,2013-01-28,1385,==>
7687,2013-01-28,1385,[S] Caliborn + Gamzee: Engage.
7688,2013-01-28,1385,==> ==>
7689,2013-01-28,1385,==> ==>
7690,2013-01-28,1385,==> ==>
7691,2013-01-28,1385,==> ==>
7692,2013-01-28,1385,==> ==>
7693,2013-01-28,1385,==> ==>
7694,2013-01-30,1387,==> ==>
7695,2013-01-30,1387,==> ==>
7696,2013-01-30,1387,==> ==>
7697,2013-01-30,1387,==> ==>
7698,2013-01-30,1387,==> ==>
7699,2013-01-30,1387,==> ==>
7700,2013-02-02,1390,==> ==>
7701,2013-02-02,1390,==> ==>
7702,2013-02-02,1390,==> ==>
7703,2013-02-02,1390,==> ==>
7704,2013-02-02,1390,==> ==>
7705,2013-02-02,1390,==> ==>
7706,2013-02-02,1390,==> ==>
7707,2013-02-02,1390,==> ==>
7708,2013-02-02,1390,==> ==>
7709,2013-02-02,1390,==> ==>
7710,2013-02-02,1390,==> ==>
7711,2013-02-02,1390,==> ==>
7712,2013-02-02,1390,==> ==>
7713,2013-02-02,1390,==> ==>
7714,2013-02-02,1390,==> ==>
7715,2013-02-02,1390,==> ==>
7716,2013-02-02,1390,==> ==>
7717,2013-02-02,1390,==> ==>
7718,2013-02-02,1390,==> ==>
7719,2013-02-02,1390,==> ==>
7720,2013-02-02,1390,==> ==>
7721,2013-02-02,1390,==> ==>
7722,2013-02-06,1394,==> ==>
7723,2013-02-06,1394,==> ==>
7724,2013-02-06,1394,==> ==>
7725,2013-02-06,1394,==> ==>
7726,2013-02-06,1394,==> ==>
7727,2013-02-06,1394,==> ==>
7728,2013-02-06,1394,==> ==>
7729,2013-02-06,1394,==> ==>
7730,2013-02-06,1394,==> ==>
7731,2013-02-06,1394,==> ==>
7732,2013-02-06,1394,==> ==>
7733,2013-02-06,1394,==> ==>
7734,2013-02-06,1394,==> ==>
7735,2013-02-06,1394,==> ==>
7736,2013-02-06,1394,==> ==>
7737,2013-02-06,1394,==> ==>
7738,2013-02-06,1394,==> ==>
7739,2013-02-06,1394,==> ==>
7740,2013-02-06,1394,==> ==>
7741,2013-02-06,1394,==> ==>
7742,2013-02-06,1394,==> ==>
7743,2013-02-06,1394,==> ==>
7744,2013-02-08,1396,==> ==>
7745,2013-02-08,1396,==> ==>
7746,2013-02-08,1396,==> ==>
7747,2013-02-08,1396,==> ==>
7748,2013-02-08,1396,==> ==>
7749,2013-02-08,1396,==> ==>
7750,2013-02-09,1397,==> ==>
7751,2013-02-09,1397,==> ==>
7752,2013-02-09,1397,==> ==>
7753,2013-02-09,1397,==> ==>
7754,2013-02-09,1397,==> ==>
7755,2013-02-09,1397,==> ==>
7756,2013-02-09,1397,==> ==>
7757,2013-02-09,1397,==> ==>
7758,2013-02-09,1397,==> ==>
7759,2013-02-09,1397,==> ==>
7760,2013-02-09,1397,==> ==>
7761,2013-02-09,1397,==> ==>
7762,2013-02-09,1397,==> ==>
7763,2013-02-09,1397,==> ==>
7764,2013-02-10,1398,==> ==>
7765,2013-02-10,1398,==> ==>
7766,2013-02-10,1398,==> ==>
7767,2013-02-10,1398,==> ==>
7768,2013-02-10,1398,==> ==>
7769,2013-02-10,1398,==> ==>
7770,2013-02-10,1398,==> ==>
7771,2013-02-10,1398,==> ==>
7772,2013-02-10,1398,==> ==>
7773,2013-02-10,1398,==> ==>
7774,2013-02-10,1398,==> ==>
7775,2013-02-10,1398,==> ==>
7776,2013-02-10,1398,==> ==>
7777,2013-02-10,1398,==> ==>
7778,2013-02-10,1398,==> ==>
7779,2013-02-10,1398,==> ==>
7780,2013-02-10,1398,==> ==>
7781,2013-02-10,1398,==> ==>
7782,2013-02-10,1398,==> ==>
7783,2013-02-10,1398,==> ==>
7784,2013-02-16,1404,)(IC: Spring trap x2 combo.
7785,2013-02-16,1404,==> ==>
7786,2013-02-16,1404,==> ==>
7787,2013-02-16,1404,==> ==>
7788,2013-02-16,1404,==> ==>
7789,2013-02-16,1404,==> ==>
7790,2013-02-16,1404,==> ==>
7791,2013-02-16,1404,==> ==>
7792,2013-02-16,1404,==> ==>
7793,2013-02-16,1404,==> ==>
7794,2013-02-16,1404,==> ==>
7795,2013-02-16,1404,==> ==>
7796,2013-02-16,1404,==> ==>
7797,2013-02-16,1404,==> ==>
7798,2013-02-16,1404,==> ==>
7799,2013-02-16,1404,==> ==>
7800,2013-02-16,1404,==> ==>
7801,2013-02-16,1404,==> ==>
7802,2013-02-16,1404,==> ==>
7803,2013-02-16,1404,==> ==>
7804,2013-02-16,1404,==> ==>
7805,2013-02-16,1404,==> ==>
7806,2013-02-16,1404,==> ==>
7807,2013-02-16,1404,==> ==>
7808,2013-02-16,1404,==> ==>
7809,2013-02-16,1404,==> ==>
7810,2013-02-16,1404,==> ==>
7811,2013-02-16,1404,==> ==>
7812,2013-02-16,1404,==> ==>
7813,2013-02-16,1404,==> ==>
7814,2013-02-16,1404,==> ==>
7815,2013-02-16,1404,==> ==>
7816,2013-02-16,1404,==> ==>
7817,2013-02-16,1404,==> ==>
7818,2013-02-16,1404,==> ==>
7819,2013-02-16,1404,==> ==>
7820,2013-02-16,1404,==> ==>
7821,2013-02-16,1404,==> ==>
7822,2013-02-16,1404,==> ==>
7823,2013-02-16,1404,==> ==>
7824,2013-02-16,1404,==> ==>
7825,2013-02-16,1404,==> ==>
7826,2013-02-16,1404,END OF ACT 6 ACT 5
7827,2013-02-17,1405,ACT 6 INTERMISSION 5
7828,2013-02-17,1405,[A6I5] ==>
7829,2013-02-17,1405,[A6I5] ==>
7830,2013-02-17,1405,[A6I5] ==>
7831,2013-02-17,1405,[A6I5] ==>
7832,2013-02-17,1405,[A6I5] ==>
7833,2013-02-17,1405,[A6I5] ==>
7834,2013-02-17,1405,[A6I5] ==>
7835,2013-02-18,1406,[A6I5] ==>
7836,2013-02-18,1406,[A6I5] ==>
7837,2013-02-18,1406,[A6I5] ==>
7838,2013-02-19,1407,[A6I5] ==>
7839,2013-02-19,1407,ACT 6 INTERMISSION 5 INTERMISSION 1
7840,2013-02-19,1407,END OF ACT 6 INTERMISSION 5 INTERMISSION 1
7841,2013-02-20,1408,[A6I5] ==>
7842,2013-02-20,1408,[A6I5] ==>
7843,2013-02-20,1408,[A6I5] ==>
7844,2013-02-20,1408,[A6I5] ==>
7845,2013-02-20,1408,[A6I5] ==>
7846,2013-02-21,1409,ACT 6 INTERMISSION 5 INTERMISSION 2
7847,2013-02-21,1409,END OF ACT 6 INTERMISSION 5 INTERMISSION 2
7848,2013-02-21,1409,[A6I5] ==>
7849,2013-02-22,1410,[A6I5] ==>
7850,2013-02-22,1410,[A6I5] ==>
7851,2013-02-22,1410,[A6I5] ==>
7852,2013-02-22,1410,[A6I5] ==>
7853,2013-02-25,1413,[A6I5] ==>
7854,2013-02-25,1413,[A6I5] ==>
7855,2013-02-25,1413,[A6I5] ==>
7856,2013-02-26,1414,[A6I5] ==>
7857,2013-02-26,1414,[A6I5] ==>
7858,2013-02-27,1415,[A6I5] ==>
7859,2013-02-27,1415,[A6I5] ==>
7860,2013-02-27,1415,[A6I5] ==>
7861,2013-03-08,1424,[A6I5] ==>
7862,2013-03-08,1424,[A6I5] ==>
7863,2013-03-08,1424,[A6I5] ==>
7864,2013-03-08,1424,[A6I5] ==>
7865,2013-03-08,1424,[A6I5] ==>
7866,2013-03-08,1424,[A6I5] ==>
7867,2013-03-08,1424,[A6I5] ==>
7868,2013-03-08,1424,[A6I5] ==>
7869,2013-03-09,1425,[A6I5] ==>
7870,2013-03-09,1425,[A6I5] ==>
7871,2013-03-09,1425,[A6I5] ==>
7872,2013-03-09,1425,[A6I5] ==>
7873,2013-03-09,1425,[A6I5] ==>
7874,2013-03-09,1425,[A6I5] ==>
7875,2013-03-09,1425,[A6I5] ==>
7876,2013-03-09,1425,[A6I5] ==>
7877,2013-03-10,1426,[A6I5] ==>
7878,2013-03-10,1426,[A6I5] ==>
7879,2013-03-10,1426,[A6I5] ==>
7880,2013-03-10,1426,[A6I5] ==>
7881,2013-03-10,1426,[S][A6I5] BEGIN INTERFISHIN
7882,2013-03-12,1428,[A6I5] END OF INTERFISHIN
7883,2013-03-12,1428,[A6I5] ==>
7884,2013-03-12,1428,[A6I5] ==>
7885,2013-03-12,1428,[A6I5] ==>
7886,2013-03-12,1428,[A6I5] ==>
7887,2013-03-12,1428,[A6I5] ==>
7888,2013-03-12,1428,[A6I5] ==>
7889,2013-03-12,1428,[A6I5] ==>
7890,2013-03-14,1430,[A6I5] ==>
7891,2013-03-14,1430,[A6I5] ==>
7892,2013-03-14,1430,[A6I5] ==>
7893,2013-03-14,1430,[A6I5] ==>
7894,2013-03-14,1430,[A6I5] ==>
7895,2013-03-14,1430,[A6I5] ==>
7896,2013-03-14,1430,[A6I5] ==>
7897,2013-03-14,1430,[S][A6I5] ==>
7898,2013-03-16,1432,[A6I5] ==>
7899,2013-03-16,1432,[A6I5] ==>
7900,2013-03-16,1432,[A6I5] ==>
7901,2013-03-16,1432,[A6I5] ==>
7902,2013-03-16,1432,[A6I5] ==>
7903,2013-03-16,1432,[A6I5] ==>
7904,2013-03-16,1432,[A6I5] ==>
7905,2013-03-16,1432,[A6I5] ==>
7906,2013-03-16,1432,[A6I5] ==>
7907,2013-03-16,1432,[A6I5] ==>
7908,2013-03-17,1433,[A6I5] ==>
7909,2013-03-17,1433,[A6I5] ==>
7910,2013-03-17,1433,[A6I5] ==>
7911,2013-03-17,1433,[A6I5] ==>
7912,2013-03-17,1433,[A6I5] ==>
7913,2013-03-17,1433,[A6I5] ==>
7914,2013-03-17,1433,[A6I5] ==>
7915,2013-03-18,1434,[A6I5] ==>
7916,2013-03-18,1434,[A6I5] ==>
7917,2013-03-19,1435,[A6I5] ==>
7918,2013-03-19,1435,[A6I5] ==>
7919,2013-03-21,1437,[A6I5] ==>
7920,2013-03-21,1437,[A6I5] ==>
7921,2013-03-21,1437,[A6I5] ==>
7922,2013-03-21,1437,ACT 6 INTERMISSION 5 INTERMISSION 3
7923,2013-03-21,1437,END OF ACT 6 INTERMISSION 5 INTERMISSION 3
7924,2013-03-21,1437,[A6I5] ==>
7925,2013-03-22,1438,[A6I5] ==>
7926,2013-03-22,1438,[A6I5] ==>
7927,2013-03-22,1438,[A6I5] ==>
7928,2013-03-22,1438,[A6I5] ==>
7929,2013-03-22,1438,[A6I5] ==>
7930,2013-03-22,1438,[A6I5] ==>
7931,2013-03-24,1440,[A6I5] ==>
7932,2013-03-24,1440,[A6I5] ==>
7933,2013-03-24,1440,[A6I5] ==>
7934,2013-03-24,1440,[A6I5] ==>
7935,2013-03-24,1440,[A6I5] ==>
7936,2013-03-24,1440,[A6I5] ==>
7937,2013-03-24,1440,[A6I5] ==>
7938,2013-03-24,1440,[A6I5] ==>
7939,2013-03-24,1440,[A6I5] ==>
7940,2013-03-25,1441,[A6I5] ==>
7941,2013-03-25,1441,[A6I5] ==>
7942,2013-03-25,1441,[A6I5] ==>
7943,2013-03-25,1441,[A6I5] ==>
7944,2013-03-25,1441,[A6I5] ==>
7945,2013-03-25,1441,[A6I5] ==>
7946,2013-03-25,1441,[A6I5] ==>
7947,2013-03-27,1443,[A6I5] ==>
7948,2013-03-27,1443,[A6I5] ==>
7949,2013-03-27,1443,[A6I5] ==>
7950,2013-03-27,1443,[A6I5] ==>
7951,2013-03-28,1444,[A6I5] ==>
7952,2013-03-28,1444,[A6I5] ==>
7953,2013-03-28,1444,[A6I5] ==>
7954,2013-03-28,1444,[A6I5] ==>
7955,2013-03-28,1444,[A6I5] ==>
7956,2013-03-29,1445,[A6I5] ==>
7957,2013-03-29,1445,[A6I5] ==>
7958,2013-03-31,1447,[A6I5] ==>
7959,2013-03-31,1447,[A6I5] ==>
7960,2013-03-31,1447,[A6I5] ==>
7961,2013-03-31,1447,[A6I5] ==>
7962,2013-03-31,1447,[A6I5] ==>
7963,2013-03-31,1447,[A6I5] ==>
7964,2013-03-31,1447,[A6I5] ==>
7965,2013-04-01,1448,ACT 6 INTERMISSION 5 INTERMISSION 4
7966,2013-04-01,1448,[S] END OF ACT 6 INTERMISSION 5 INTERMISSION 4
7967,2013-04-01,1448,[A6I5] ==>
7968,2013-04-02,1449,[A6I5] ==>
7969,2013-04-02,1449,[A6I5] ==>
7970,2013-04-02,1449,[A6I5] ==>
7971,2013-04-02,1449,[A6I5] ==>
7972,2013-04-02,1449,[A6I5] ==>
7973,2013-04-02,1449,[S][A6I5] ==>
7974,2013-04-02,1449,[A6I5] ==>
7975,2013-04-02,1449,[A6I5] ==>
7976,2013-04-02,1449,[A6I5] ==>
7977,2013-04-02,1449,[A6I5] Be Viceroy Bubbles Von Salamancer.
7978,2013-04-03,1450,[A6I5] VBVS: Do a silly dance.
7979,2013-04-03,1450,[A6I5] VBVS: Retrieve arms from robe.
7980,2013-04-03,1450,[A6I5] VBVS: Summon undead army.
7981,2013-04-04,1451,[A6I5] VBVS: Bonebone! Bonebone!!!
7982,2013-04-04,1451,[A6I5] VBVS: Shield young amphibious ears from profanity.
7983,2013-04-04,1451,[A6I5] ==>
7984,2013-04-04,1451,[A6I5] ==>
7985,2013-04-04,1451,[A6I5] ==>
7986,2013-04-04,1451,[A6I5] ==>
7987,2013-04-04,1451,[A6I5] ==>
7988,2013-04-04,1451,[A6I5] ==>
7989,2013-04-04,1451,[A6I5] ==>
7990,2013-04-04,1451,[A6I5] ==>
7991,2013-04-04,1451,[A6I5] ==>
7992,2013-04-05,1452,[A6I5] ==>
7993,2013-04-05,1452,[A6I5] ==>
7994,2013-04-05,1452,[A6I5] ==>
7995,2013-04-05,1452,[A6I5] ==>
7996,2013-04-05,1452,[A6I5] ==>
7997,2013-04-05,1452,[A6I5] ==>
7998,2013-04-05,1452,[A6I5] ==>
7999,2013-04-05,1452,[A6I5] ==>
8000,2013-04-05,1452,[A6I5] ==>
8001,2013-04-05,1452,[A6I5] ==>
8002,2013-04-05,1452,[A6I5] ==>
8003,2013-04-05,1452,[A6I5] ==>
8004,2013-04-05,1452,[A6I5] ==>
8005,2013-04-05,1452,[A6I5] ==>
8006,2013-04-05,1452,[A6I5] ==>
8007,2013-04-05,1452,[A6I5] ==>
8008,2013-04-06,1453,[A6I5] ==>
8009,2013-04-06,1453,[A6I5] ==>
8010,2013-04-06,1453,[A6I5] ==>
8011,2013-04-06,1453,ACT 6 INTERMISSION 5 INTERMISSION 5
8012,2013-04-07,1454,END OF ACT 6 INTERMISSION 5 INTERMISSION 5
8013,2013-04-07,1454,[A6I5] SS: Gaze over balcony at horizon.
8014,2013-04-07,1454,[A6I5] SS: Inspect green torso.
8015,2013-04-07,1454,[A6I5] SS: Take wand.
8016,2013-04-07,1454,[A6I5] SS: Investigate.
8017,2013-04-07,1454,[A6I5] SS: Equip.
8018,2013-04-07,1454,[A6I5] SS: Search for English.
8019,2013-04-07,1454,[A6I5] SS: Interrogate Ms. Paint.
8020,2013-04-07,1454,[A6I5] SS: Inquire about personals.
8021,2013-04-07,1454,[A6I5] SS: Follow.
8022,2013-04-08,1455,[A6I5] Ms. Paint: Retrieve personals.
8023,2013-04-08,1455,[A6I5] SS: Inspect personals.
8024,2013-04-08,1455,[A6I5] SS: Take doll.
8025,2013-04-08,1455,[A6I5] SS: Pull pins.
8026,2013-04-08,1455,[A6I5] SS: Command minions.
8027,2013-04-08,1455,[A6I5] SS: Consult with brains of operation.
8028,2013-04-08,1455,[A6I5] Crowbar: Lead gang back to hideout.
8029,2013-04-08,1455,[A6I5] SS: Go through 5th wall.
8030,2013-04-08,1455,[A6I5] SS: Exit this weird little girl's room.
8031,2013-04-08,1455,[A6I5] Crowbar: Keep leading the way.
8032,2013-04-08,1455,[A6I5] SS: After you.
8033,2013-04-08,1455,[A6I5] SS: Open door.
8034,2013-04-08,1455,[A6I5] SS: ...
8035,2013-04-08,1455,[A6I5] SS: Never mind.
8036,2013-04-08,1455,[A6I5] Crowbar: Proceed.
8037,2013-04-08,1455,[A6I5] Crowbar: Show Slick exit.
8038,2013-04-08,1455,[A6I5] SS: Punch clock.
8039,2013-04-08,1455,[A6I5] SS: Wasn't there a guy with an oven?
8040,2013-04-08,1455,[A6I5] SS: Everybody in.
8041,2013-04-09,1456,[A6I5] SS: Take oven.
8042,2013-04-09,1456,"[A6I5] SS: Wait, before you go..."
8043,2013-04-09,1456,[A6I5] SS: Exit.
8044,2013-04-09,1456,[A6I5] ==>
8045,2013-04-09,1456,[A6I5] ==>
8046,2013-04-09,1456,[A6I5] ==>
8047,2013-04-09,1456,[A6I5] ==>
8048,2013-04-09,1456,[A6I5] ==>
8049,2013-04-09,1456,[A6I5] ==>
8050,2013-04-09,1456,[A6I5] ==>
8051,2013-04-10,1457,[A6I5] ==>
8052,2013-04-10,1457,[A6I5] ==>
8053,2013-04-10,1457,[A6I5] ==>
8054,2013-04-10,1457,[A6I5] ==>
8055,2013-04-10,1457,[A6I5] ==>
8056,2013-04-10,1457,[A6I5] ==>
8057,2013-04-10,1457,[A6I5] ==>
8058,2013-04-10,1457,[A6I5] ==>
8059,2013-04-10,1457,[A6I5] ==>
8060,2013-04-10,1457,[A6I5] ==>
8061,2013-04-10,1457,[A6I5] ==>
8062,2013-04-10,1457,[A6I5] ==>
8063,2013-04-10,1457,[A6I5] ==>
8064,2013-04-10,1457,[A6I5] ==>
8065,2013-04-10,1457,[A6I5] ==>
8066,2013-04-10,1457,[A6I5] ==>
8067,2013-04-10,1457,[A6I5] ==>
8068,2013-04-10,1457,[A6I5] ==>
8069,2013-04-10,1457,[A6I5] ==>
8070,2013-04-10,1457,[A6I5] ==>
8071,2013-04-10,1457,[A6I5] ==>
8072,2013-04-10,1457,[A6I5] ==>
8073,2013-04-10,1457,[A6I5] ==>
8074,2013-04-10,1457,[A6I5] ==>
8075,2013-04-10,1457,[A6I5] ==>
8076,2013-04-10,1457,[A6I5] ==>
8077,2013-04-10,1457,[A6I5] ==>
8078,2013-04-10,1457,[A6I5] ==>
8079,2013-04-10,1457,[A6I5] ==>
8080,2013-04-10,1457,[A6I5] ==>
8081,2013-04-10,1457,[A6I5] ==>
8082,2013-04-10,1457,[A6I5] ==>
8083,2013-04-10,1457,[A6I5] ==>
8084,2013-04-10,1457,[A6I5] ==>
8085,2013-04-10,1457,[A6I5] ==>
8086,2013-04-10,1457,[A6I5] ==>
8087,2013-04-10,1457,[A6I5] ==>
8088,2013-04-10,1457,[A6I5] ==>
8089,2013-04-10,1457,[A6I5] ==>
8090,2013-04-10,1457,[A6I5] ==>
8091,2013-04-10,1457,[A6I5] ==>
8092,2013-04-11,1458,ACT 6 INTERMISSION 5 INTERMISSION 6
8093,2013-04-11,1458,[A6I5I6] ==>
8094,2013-04-11,1458,[A6I5I6] ==>
8095,2013-04-11,1458,[A6I5I6] ==>
8096,2013-04-11,1458,[A6I5I6] ==>
8097,2013-04-11,1458,[A6I5I6] ==>
8098,2013-04-11,1458,[A6I5I6] ==>
8099,2013-04-11,1458,[A6I5I6] ==>
8100,2013-04-11,1458,[A6I5I6] ==>
8101,2013-04-11,1458,[A6I5I6] ==>
8102,2013-04-11,1458,[A6I5I6] ==>
8103,2013-04-11,1458,[A6I5I6] ==>
8104,2013-04-11,1458,[A6I5I6] ==>
8105,2013-04-11,1458,[A6I5I6] ==>
8106,2013-04-11,1458,END OF ACT 6 INTERMISSION 5 INTERMISSION 6
8107,2013-04-11,1458,[A6I5] ==>
8108,2013-04-11,1458,[A6I5] ==>
8109,2013-04-11,1458,[A6I5] ==>
8110,2013-04-11,1458,[A6I5] ==>
8111,2013-04-11,1458,[A6I5] ==>
8112,2013-04-11,1458,[A6I5] ==>
8113,2013-04-11,1458,[A6I5] ==>
8114,2013-04-11,1458,[A6I5] ==>
8115,2013-04-11,1458,[A6I5] ==>
8116,2013-04-11,1458,[A6I5] ==>
8117,2013-04-11,1458,[A6I5] ==>
8118,2013-04-11,1458,[A6I5] ==>
8119,2013-04-11,1458,[A6I5] ==>
8120,2013-04-11,1458,[A6I5] ==>
8121,2013-04-11,1458,[A6I5] ==>
8122,2013-04-11,1458,[A6I5] ==>
8123,2013-04-11,1458,[A6I5] ==>
8124,2013-04-12,1459,[A6I5] ==>
8125,2013-04-12,1459,[A6I5] ==>
8126,2013-04-12,1459,[A6I5] ==>
8127,2013-04-12,1459,[A6I5] ==>
8128,2013-04-12,1459,[A6I5] ==>
8129,2013-04-12,1459,[A6I5] ==>
8130,2013-04-12,1459,[A6I5] ==>
8131,2013-04-13,1460,[S][A6I5] ==>
8132,2013-04-13,1460,[A6I5] ==>
8133,2013-04-13,1460,[A6I5] ==>
8134,2013-04-13,1460,[A6I5] ==>
8135,2013-04-13,1460,END OF ACT 6 INTERMISSION 5
8136,2013-04-13,1460,==>
8137,2013-04-14,1461,==>
8138,2013-04-14,1461,==>
8139,2013-04-14,1461,Insert disc three.
8140,2013-04-14,1461,==>
8141,2013-04-14,1461,==>
8142,2013-04-14,1461,==>
8143,2013-06-12,1520,[S] ACT 6 ACT 6
8144,2013-06-12,1520,HOMOSUCK.
8145,2013-06-12,1520,HERE IS WHAT REALLY MATTERS.
8146,2013-06-12,1520,THEN HE STARTED CLIMBING THE GOD TIERS.
8147,2013-06-12,1520,WITH EACH GOD TIER HE CLIMBED.
8148,2013-06-12,1520,BUT THERE WAS ONE BADGE HE GOT.
8149,2013-06-12,1520,IN MY DREAM. I AM THIS CHERUB.
8150,2013-06-12,1520,I DOUBT IT.
8151,2013-06-12,1520,MALE: EXAMINE ROOM.
8152,2013-06-12,1520,MALE: DO SOME STUFF.
8153,2013-06-12,1520,MALE: GO OPEN THAT CHEST.
8154,2013-06-12,1520,MALE: HIDE INSIDE CHEST.
8155,2013-06-12,1520,MALE: GO OVER THERE.
8156,2013-06-12,1520,MALE: DO A DANCE ON THE SHAPE.
8157,2013-06-12,1520,IT IS HAPPENING AT YOUR EXPENSE!
8158,2013-06-12,1520,THIS IS JUST A CLEVER TRICK THOUGH.
8159,2013-06-12,1520,MALE: EXERCISE FREEDOM TO LEAVE ROOM.
8160,2013-06-12,1520,MALE: LEAVE BUILDING.
8161,2013-06-12,1520,MALE: BOGGLE VACANTLY AT THESE SHENANIGANS.
8162,2013-06-12,1520,I AM ALMOST CERTAIN CHERUB SHAKESPEARE SAID THAT.
8163,2013-06-12,1520,"ANYWAY, BACK TO THE STORY."
8164,2013-06-12,1520,MALE: GET MURDERED BY EXPLOSION.
8165,2013-06-12,1520,CONFIRM THE KILL.
8166,2013-06-12,1520,THE END. OF ACT 1.
8167,2013-06-12,1520,VILLAINOUS LAUGHTER: HAPPEN.
8168,2013-06-12,1520,what was that.
8169,2013-06-12,1520,==>
8170,2013-06-12,1520,==>
8171,2013-06-12,1520,==>
8172,2013-06-12,1520,==>
8173,2013-06-13,1521,==>
8174,2013-06-13,1521,==>
8175,2013-06-13,1521,==>
8176,2013-06-13,1521,==>
8177,2013-06-13,1521,==>
8178,2013-06-14,1522,[S] ACT 6 ACT 6 INTERMISSION 1
8179,2013-06-14,1522,[A6A6I1] ====>
8180,2013-06-14,1522,[A6A6I1] ====>
8181,2013-06-14,1522,[A6A6I1] ====>
8182,2013-06-14,1522,[A6A6I1] ====>
8183,2013-06-14,1522,[A6A6I1] ====>
8184,2013-06-15,1523,[A6A6I1] ====>
8185,2013-06-15,1523,[A6A6I1] ====>
8186,2013-06-15,1523,[A6A6I1] ====>
8187,2013-06-15,1523,[A6A6I1] ====>
8188,2013-06-15,1523,[A6A6I1] ====>
8189,2013-06-15,1523,[A6A6I1] ====>
8190,2013-06-15,1523,[A6A6I1] ====>
8191,2013-06-17,1525,[A6A6I1] ====>
8192,2013-06-17,1525,[A6A6I1] ====>
8193,2013-06-17,1525,[A6A6I1] ====>
8194,2013-06-17,1525,[A6A6I1] ====>
8195,2013-06-17,1525,[A6A6I1] ====>
8196,2013-06-18,1526,[A6A6I1] ====>
8197,2013-06-18,1526,[A6A6I1] ====>
8198,2013-06-18,1526,[A6A6I1] ====>
8199,2013-06-19,1527,[A6A6I1] ====>
8200,2013-06-19,1527,[A6A6I1] ====>
8201,2013-06-19,1527,[A6A6I1] ====>
8202,2013-06-19,1527,[A6A6I1] ====>
8203,2013-06-19,1527,[A6A6I1] ====>
8204,2013-06-19,1527,[A6A6I1] ====>
8205,2013-06-19,1527,[A6A6I1] ====>
8206,2013-06-19,1527,[A6A6I1] ====>
8207,2013-06-19,1527,[A6A6I1] ====>
8208,2013-06-19,1527,[A6A6I1] ====>
8209,2013-06-19,1527,[A6A6I1] ====>
8210,2013-06-19,1527,[A6A6I1] ====>
8211,2013-06-19,1527,[A6A6I1] ====>
8212,2013-06-19,1527,[A6A6I1] ====>
8213,2013-06-19,1527,[A6A6I1] ====>
8214,2013-06-19,1527,[A6A6I1] ====>
8215,2013-06-21,1529,[A6A6I1] ====>
8216,2013-06-21,1529,[A6A6I1] ====>
8217,2013-06-21,1529,[A6A6I1] ====>
8218,2013-06-21,1529,[A6A6I1] ====>
8219,2013-06-22,1530,[A6A6I1] ====>
8220,2013-06-22,1530,[A6A6I1] ====>
8221,2013-06-22,1530,[A6A6I1] ====>
8222,2013-06-22,1530,[A6A6I1] ====>
8223,2013-06-22,1530,[A6A6I1] ====>
8224,2013-06-30,1538,[A6A6I1] ====>
8225,2013-06-30,1538,[A6A6I1] ====>
8226,2013-06-30,1538,[A6A6I1] ====>
8227,2013-06-30,1538,[A6A6I1] ====>
8228,2013-06-30,1538,[A6A6I1] ====>
8229,2013-06-30,1538,[A6A6I1] ====>
8230,2013-06-30,1538,[A6A6I1] ====>
8231,2013-07-02,1540,[A6A6I1] ====>
8232,2013-07-02,1540,[A6A6I1] ====>
8233,2013-07-02,1540,[A6A6I1] ====>
8234,2013-07-02,1540,[A6A6I1] ====>
8235,2013-07-02,1540,[A6A6I1] ====>
8236,2013-07-02,1540,[A6A6I1] ====>
8237,2013-07-02,1540,[A6A6I1] ====>
8238,2013-07-03,1541,[A6A6I1] ====>
8239,2013-07-03,1541,[A6A6I1] ====>
8240,2013-07-03,1541,[A6A6I1] ====>
8241,2013-07-03,1541,[A6A6I1] ====>
8242,2013-07-03,1541,[A6A6I1] ====>
8243,2013-07-11,1549,[A6A6I1] ====>
8244,2013-07-11,1549,[A6A6I1] ====>
8245,2013-07-11,1549,[A6A6I1] ====>
8246,2013-07-11,1549,[A6A6I1] ====>
8247,2013-07-11,1549,[A6A6I1] ====>
8248,2013-07-11,1549,[A6A6I1] ====>
8249,2013-07-12,1550,[A6A6I1] ====>
8250,2013-07-12,1550,[A6A6I1] ====>
8251,2013-07-12,1550,[A6A6I1] ====>
8252,2013-07-12,1550,[A6A6I1] ====>
8253,2013-07-12,1550,[A6A6I1] ====>
8254,2013-07-13,1551,[A6A6I1] ====>
8255,2013-07-13,1551,[A6A6I1] ====>
8256,2013-07-13,1551,[A6A6I1] ====>
8257,2013-07-13,1551,[A6A6I1] ====>
8258,2013-07-13,1551,[A6A6I1] ====>
8259,2013-07-13,1551,[A6A6I1] ====>
8260,2013-07-13,1551,[A6A6I1] ====>
8261,2013-07-13,1551,[A6A6I1] ====>
8262,2013-07-14,1552,[A6A6I1] ====>
8263,2013-07-14,1552,[A6A6I1] ====>
8264,2013-07-14,1552,[A6A6I1] ====>
8265,2013-07-14,1552,[A6A6I1] ====>
8266,2013-07-15,1553,[A6A6I1] ====>
8267,2013-07-15,1553,[A6A6I1] ====>
8268,2013-07-15,1553,[A6A6I1] ====>
8269,2013-07-15,1553,[A6A6I1] ====>
8270,2013-07-15,1553,[A6A6I1] ====>
8271,2013-07-15,1553,[A6A6I1] ====>
8272,2013-07-15,1553,[A6A6I1] ====>
8273,2013-07-15,1553,[A6A6I1] ====>
8274,2013-07-15,1553,[A6A6I1] ====>
8275,2013-07-15,1553,[A6A6I1] ====>
8276,2013-07-30,1568,[A6A6I1] ====>
8277,2013-07-30,1568,[A6A6I1] ====>
8278,2013-07-30,1568,[A6A6I1] ====>
8279,2013-07-31,1569,[A6A6I1] ====>
8280,2013-07-31,1569,[A6A6I1] ====>
8281,2013-07-31,1569,[A6A6I1] ====>
8282,2013-08-02,1571,[A6A6I1] ====>
8283,2013-08-02,1571,[A6A6I1] ====>
8284,2013-08-02,1571,[A6A6I1] ====>
8285,2013-08-03,1572,[A6A6I1] ====>
8286,2013-08-03,1572,[A6A6I1] ====>
8287,2013-08-03,1572,[A6A6I1] ====>
8288,2013-08-04,1573,[A6A6I1] ====>
8289,2013-08-04,1573,[A6A6I1] ====>
8290,2013-08-04,1573,[A6A6I1] ====>
8291,2013-08-04,1573,[A6A6I1] ====>
8292,2013-08-04,1573,[A6A6I1] ====>
8293,2013-08-04,1573,[A6A6I1] ====>
8294,2013-08-04,1573,[A6A6I1] ====>
8295,2013-08-05,1574,[A6A6I1] ====>
8296,2013-08-05,1574,[A6A6I1] ====>
8297,2013-08-06,1575,[A6A6I1] ====>
8298,2013-08-06,1575,[A6A6I1] ====>
8299,2013-08-07,1576,[A6A6I1] ====>
8300,2013-08-07,1576,[S][A6A6I1] ====>
8301,2013-08-07,1576,[A6A6I1] ====>
8302,2013-08-07,1576,[A6A6I1] ====>
8303,2013-08-07,1576,[A6A6I1] ====>
8304,2013-08-08,1577,[A6A6I1] ====>
8305,2013-08-10,1579,[A6A6I1] ====>
8306,2013-08-10,1579,[A6A6I1] ====>
8307,2013-08-10,1579,[A6A6I1] ====>
8308,2013-08-10,1579,[A6A6I1] ====>
8309,2013-08-10,1579,[A6A6I1] ====>
8310,2013-08-10,1579,[A6A6I1] ====>
8311,2013-08-10,1579,[A6A6I1] ====>
8312,2013-08-10,1579,[A6A6I1] ====>
8313,2013-08-10,1579,[A6A6I1] ====>
8314,2013-08-10,1579,[A6A6I1] ====>
8315,2013-08-10,1579,[A6A6I1] ====>
8316,2013-08-11,1580,[A6A6I1] ====>
8317,2013-08-11,1580,[A6A6I1] ====>
8318,2013-08-11,1580,[A6A6I1] ====>
8319,2013-08-11,1580,[A6A6I1] ====>
8320,2013-08-13,1582,[A6A6I1] ====>
8321,2013-08-13,1582,[A6A6I1] ====>
8322,2013-08-13,1582,[A6A6I1] ====>
8323,2013-08-13,1582,[A6A6I1] ====>
8324,2013-08-13,1582,[A6A6I1] ====>
8325,2013-08-13,1582,[A6A6I1] ====>
8326,2013-08-13,1582,[A6A6I1] ====>
8327,2013-08-13,1582,[A6A6I1] ====>
8328,2013-08-13,1582,[A6A6I1] ====>
8329,2013-08-13,1582,[A6A6I1] ====>
8330,2013-08-13,1582,[A6A6I1] ====>
8331,2013-08-13,1582,[A6A6I1] ====>
8332,2013-08-13,1582,[A6A6I1] ====>
8333,2013-08-14,1583,[A6A6I1] ====>
8334,2013-08-14,1583,[A6A6I1] ====>
8335,2013-08-14,1583,[A6A6I1] ====>
8336,2013-08-14,1583,[A6A6I1] ====>
8337,2013-08-16,1585,[A6A6I1] ====>
8338,2013-08-16,1585,[A6A6I1] ====>
8339,2013-08-16,1585,[A6A6I1] ====>
8340,2013-08-16,1585,[A6A6I1] ====>
8341,2013-08-16,1585,[A6A6I1] ====>
8342,2013-08-16,1585,[A6A6I1] ====>
8343,2013-08-19,1588,[A6A6I1] ====>
8344,2013-08-19,1588,[A6A6I1] ====>
8345,2013-08-19,1588,[A6A6I1] ====>
8346,2013-08-19,1588,[A6A6I1] ====>
8347,2013-08-21,1590,[A6A6I1] ====>
8348,2013-08-21,1590,[A6A6I1] ====>
8349,2013-08-21,1590,[A6A6I1] ====>
8350,2013-08-21,1590,[A6A6I1] ====>
8351,2013-08-21,1590,[A6A6I1] ====>
8352,2013-08-22,1591,[A6A6I1] ====>
8353,2013-08-22,1591,[A6A6I1] ====>
8354,2013-08-22,1591,[A6A6I1] ====>
8355,2013-08-22,1591,[A6A6I1] ====>
8356,2013-08-22,1591,[A6A6I1] ====>
8357,2013-08-24,1593,[A6A6I1] ====>
8358,2013-08-24,1593,[A6A6I1] ====>
8359,2013-08-24,1593,[A6A6I1] ====>
8360,2013-08-24,1593,[A6A6I1] ====>
8361,2013-08-25,1594,[A6A6I1] ====>
8362,2013-08-25,1594,[A6A6I1] ====>
8363,2013-08-25,1594,[A6A6I1] ====>
8364,2013-08-25,1594,[A6A6I1] ====>
8365,2013-08-25,1594,[A6A6I1] ====>
8366,2013-08-27,1596,[A6A6I1] ====>
8367,2013-08-27,1596,[A6A6I1] ====>
8368,2013-08-27,1596,[A6A6I1] ====>
8369,2013-08-27,1596,[A6A6I1] ====>
8370,2013-08-27,1596,[A6A6I1] ====>
8371,2013-08-27,1596,[A6A6I1] ====>
8372,2013-08-27,1596,[A6A6I1] ====>
8373,2013-08-27,1596,[A6A6I1] ====>
8374,2013-08-27,1596,[A6A6I1] ====>
8375,2013-08-29,1598,ACT 6 ACT 6 ACT 2
8376,2013-08-29,1598,BE A DIFFERENT MALE.
8377,2013-08-29,1598,HE HAS EXCEPTIONAL TASTE IN PUPPETS.
8378,2013-08-29,1598,ALPHA MALE: CALL FOR BACKUP.
8379,2013-08-29,1598,SEND IN THE BITCHES.
8380,2013-08-29,1598,ACTUALLY. LET'S INVITE A COUPLE MORE TO THE PARTY.
8381,2013-08-29,1598,ALPHA MALE: BEGIN GAME.
8382,2013-08-29,1598,==>
8383,2013-08-29,1598,==>
8384,2013-08-29,1598,==>
8385,2013-08-29,1598,==>
8386,2013-08-29,1598,==>
8387,2013-08-29,1598,==>
8388,2013-08-29,1598,==>
8389,2013-08-30,1599,DISREGARD THE UNIMPORTANT MALE GHOST BEHIND THE CURTAIN.
8390,2013-08-30,1599,LET'S CONTINUE.
8391,2013-08-30,1599,ALPHA MALE: GO OUTSIDE.
8392,2013-08-30,1599,ALPHA MALE: BE ON ROOF.
8393,2013-08-30,1599,SUDDENLY. THERE IS A DRAMATIC CHANGE.
8394,2013-08-30,1599,I DON'T RECALL WHAT HIS LAND WAS THOUGH.
8395,2013-08-30,1599,"WOW, YES. SO GOOD."
8396,2013-08-31,1600,ALPHA MALE: WHISTLE FOR STALLIONS.
8397,2013-08-31,1600,STALLIONS: DESCEND.
8398,2013-08-31,1600,MOUNT STEEDS.
8399,2013-08-31,1600,STEEDS: RIDE.
8400,2013-08-31,1600,==>
8401,2013-08-31,1600,==>
8402,2013-08-31,1600,==>
8403,2013-08-31,1600,==>
8404,2013-08-31,1600,==>
8405,2013-08-31,1600,==>
8406,2013-08-31,1600,==>
8407,2013-08-31,1600,==>
8408,2013-08-31,1600,==>
8409,2013-08-31,1600,==>
8410,2013-08-31,1600,==>
8411,2013-08-31,1600,==>
8412,2013-08-31,1600,==>
8413,2013-08-31,1600,THE ALPHA MALE IS ACCOSTED BY A PACK OF WILD FOES.
8414,2013-09-01,1601,ALPHA MALE: RECEIVE BOON FROM YOUR CREATOR.
8415,2013-09-01,1601,OPEN CHEST.
8416,2013-09-01,1601,WITH YOUR TRUSTY SMUT. FORGE A SWORD.
8417,2013-09-01,1601,STRIKE THE WITCH.
8418,2013-09-01,1601,YOUR NOBLE MOUNT ABSORBS MOST OF THE DAMAGE THOUGH.
8419,2013-09-01,1601,THE WITCH ALSO DIES FROM HER INJURIES.
8420,2013-09-01,1601,AS A RESULT OF ALL THAT. THE ROBOT GOES CRAZY.
8421,2013-09-01,1601,ALPHA MALE: RECEIVE SPOILS.
8422,2013-09-01,1601,STORY RECTANGLE: ZOOM IN ON RAUNCHY SEDUCTION.
8423,2013-09-01,1601,==>
8424,2013-09-01,1601,==>
8425,2013-09-01,1601,==>
8426,2013-09-02,1602,IT SEEMS THE ALPHA MALE HAS BEEN SLAIN.
8427,2013-09-02,1602,TIME TRAVEL KEEPS HAPPENING!
8428,2013-09-02,1602,THE DUDE PILE. DOESN'T STOP. FROM GETTING TALLER.
8429,2013-09-02,1602,THAT'S THE END OF HOMOSUCK. ACT. UH.
8430,2013-09-02,1602,THANK YOU FOR SUBSCRIBING TO MY STORY.
8431,2013-09-02,1602,ACT 6 ACT 6 INTERMISSION 2
8432,2013-09-02,1602,[A6A6I2] ====>
8433,2013-09-02,1602,[A6A6I2] ====>
8434,2013-09-02,1602,[A6A6I2] ====>
8435,2013-09-02,1602,[A6A6I2] ====>
8436,2013-09-02,1602,[A6A6I2] ====>
8437,2013-09-02,1602,[A6A6I2] ====>
8438,2013-09-02,1602,[A6A6I2] ====>
8439,2013-09-02,1602,[A6A6I2] ====>
8440,2013-09-03,1603,[A6A6I2] ====>
8441,2013-09-03,1603,[A6A6I2] ====>
8442,2013-09-03,1603,[A6A6I2] ====>
8443,2013-09-03,1603,[A6A6I2] ====>
8444,2013-09-03,1603,[A6A6I2] ====>
8445,2013-09-03,1603,[A6A6I2] ====>
8446,2013-09-03,1603,[A6A6I2] ====>
8447,2013-09-03,1603,[A6A6I2] ====>
8448,2013-09-03,1603,[A6A6I2] ====>
8449,2013-09-03,1603,[A6A6I2] ====>
8450,2013-09-03,1603,[A6A6I2] ====>
8451,2013-09-03,1603,[A6A6I2] ====>
8452,2013-09-03,1603,[S][A6A6I2] ====>
8453,2013-09-03,1603,[A6A6I2] ====>
8454,2013-09-04,1604,[A6A6I2] ====>
8455,2013-09-04,1604,[A6A6I2] ====>
8456,2013-09-04,1604,[A6A6I2] ====>
8457,2013-09-04,1604,[A6A6I2] ====>
8458,2013-09-04,1604,[A6A6I2] ====>
8459,2013-09-04,1604,[A6A6I2] ====>
8460,2013-09-04,1604,[A6A6I2] ====>
8461,2013-09-04,1604,[A6A6I2] ====>
8462,2013-09-04,1604,[A6A6I2] ====>
8463,2013-09-04,1604,[A6A6I2] ====>
8464,2013-09-04,1604,[A6A6I2] ====>
8465,2013-09-04,1604,[A6A6I2] ====>
8466,2013-09-05,1605,[A6A6I2] ====>
8467,2013-09-05,1605,[A6A6I2] ====>
8468,2013-09-05,1605,[A6A6I2] ====>
8469,2013-09-05,1605,[A6A6I2] ====>
8470,2013-09-05,1605,[A6A6I2] ====>
8471,2013-09-05,1605,[A6A6I2] ====>
8472,2013-09-05,1605,[A6A6I2] ====>
8473,2013-09-05,1605,[A6A6I2] ====>
8474,2013-09-05,1605,[A6A6I2] ====>
8475,2013-09-05,1605,[A6A6I2] ====>
8476,2013-09-07,1607,[A6A6I2] ====>
8477,2013-09-07,1607,[A6A6I2] ====>
8478,2013-09-07,1607,[A6A6I2] ====>
8479,2013-09-07,1607,[A6A6I2] ====>
8480,2013-09-07,1607,[A6A6I2] ====>
8481,2013-09-07,1607,[A6A6I2] ====>
8482,2013-09-07,1607,[A6A6I2] ====>
8483,2013-09-07,1607,[A6A6I2] ====>
8484,2013-09-07,1607,[A6A6I2] ====>
8485,2013-09-07,1607,[A6A6I2] ====>
8486,2013-09-07,1607,[A6A6I2] ====>
8487,2013-09-07,1607,[A6A6I2] ====>
8488,2013-09-07,1607,[A6A6I2] ====>
8489,2013-09-07,1607,[A6A6I2] ====>
8490,2013-09-07,1607,[A6A6I2] ====>
8491,2013-09-08,1608,[A6A6I2] ====>
8492,2013-09-08,1608,[A6A6I2] ====>
8493,2013-09-08,1608,[A6A6I2] ====>
8494,2013-09-08,1608,[A6A6I2] ====>
8495,2013-09-08,1608,[A6A6I2] ====>
8496,2013-09-08,1608,[A6A6I2] ====>
8497,2013-09-08,1608,[A6A6I2] ====>
8498,2013-09-08,1608,[A6A6I2] ====>
8499,2013-09-08,1608,[A6A6I2] ====>
8500,2013-09-09,1609,[A6A6I2] ====>
8501,2013-09-09,1609,[A6A6I2] ====>
8502,2013-09-09,1609,[A6A6I2] ====>
8503,2013-09-09,1609,[A6A6I2] ====>
8504,2013-09-09,1609,[A6A6I2] ====>
8505,2013-09-09,1609,[A6A6I2] ====>
8506,2013-09-09,1609,[A6A6I2] ====>
8507,2013-09-09,1609,[A6A6I2] ====>
8508,2013-09-09,1609,[A6A6I2] ====>
8509,2013-09-09,1609,[A6A6I2] ====>
8510,2013-09-09,1609,[A6A6I2] ====>
8511,2013-09-09,1609,[A6A6I2] ====>
8512,2013-09-10,1610,[A6A6I2] ====>
8513,2013-09-10,1610,[A6A6I2] ====>
8514,2013-09-10,1610,[A6A6I2] ====>
8515,2013-09-10,1610,[A6A6I2] ====>
8516,2013-09-10,1610,[A6A6I2] ====>
8517,2013-09-11,1611,[A6A6I2] ====>
8518,2013-09-11,1611,[A6A6I2] ====>
8519,2013-09-11,1611,[A6A6I2] ====>
8520,2013-09-11,1611,[A6A6I2] ====>
8521,2013-09-11,1611,[A6A6I2] ====>
8522,2013-09-11,1611,[A6A6I2] ====>
8523,2013-09-11,1611,[A6A6I2] ====>
8524,2013-09-11,1611,[A6A6I2] ====>
8525,2013-09-13,1613,[A6A6I2] ====>
8526,2013-09-13,1613,[A6A6I2] ====>
8527,2013-09-13,1613,[A6A6I2] ====>
8528,2013-09-13,1613,[A6A6I2] ====>
8529,2013-09-13,1613,[A6A6I2] ====>
8530,2013-09-13,1613,[A6A6I2] ====>
8531,2013-09-13,1613,[A6A6I2] ====>
8532,2013-09-13,1613,[A6A6I2] ====>
8533,2013-09-13,1613,[A6A6I2] ====>
8534,2013-09-13,1613,[A6A6I2] ====>
8535,2013-09-13,1613,[A6A6I2] ====>
8536,2013-09-13,1613,[A6A6I2] ====>
8537,2013-09-13,1613,[A6A6I2] ====>
8538,2013-09-13,1613,[A6A6I2] ====>
8539,2013-09-13,1613,[A6A6I2] ====>
8540,2013-09-13,1613,[A6A6I2] ====>
8541,2013-09-13,1613,[A6A6I2] ====>
8542,2013-09-14,1614,[A6A6I2] ====>
8543,2013-09-14,1614,[A6A6I2] ====>
8544,2013-09-14,1614,[A6A6I2] ====>
8545,2013-09-14,1614,[A6A6I2] ====>
8546,2013-09-14,1614,[A6A6I2] ====>
8547,2013-09-14,1614,[A6A6I2] ====>
8548,2013-09-14,1614,[A6A6I2] ====>
8549,2013-09-14,1614,[A6A6I2] ====>
8550,2013-09-14,1614,[A6A6I2] ====>
8551,2013-09-14,1614,[A6A6I2] ====>
8552,2013-09-14,1614,[S][A6A6I2] ====>
8553,2013-09-14,1614,[A6A6I2] ====>
8554,2013-09-14,1614,[A6A6I2] ====>
8555,2013-09-14,1614,[A6A6I2] ====>
8556,2013-09-14,1614,[A6A6I2] ====>
8557,2013-09-15,1615,[A6A6I2] ====>
8558,2013-09-15,1615,[A6A6I2] ====>
8559,2013-09-15,1615,[A6A6I2] ====>
8560,2013-09-15,1615,[A6A6I2] ====>
8561,2013-09-15,1615,[A6A6I2] ====>
8562,2013-09-15,1615,[A6A6I2] ====>
8563,2013-09-15,1615,[A6A6I2] ====>
8564,2013-09-15,1615,[A6A6I2] ====>
8565,2013-09-15,1615,[A6A6I2] ====>
8566,2013-09-16,1616,[A6A6I2] ====>
8567,2013-09-16,1616,[A6A6I2] ====>
8568,2013-09-16,1616,[A6A6I2] ====>
8569,2013-09-16,1616,[A6A6I2] ====>
8570,2013-09-17,1617,[A6A6I2] ====>
8571,2013-09-17,1617,[A6A6I2] ====>
8572,2013-09-17,1617,[A6A6I2] ====>
8573,2013-09-17,1617,[A6A6I2] ====>
8574,2013-09-17,1617,[A6A6I2] ====>
8575,2013-09-17,1617,[A6A6I2] ====>
8576,2013-09-17,1617,[A6A6I2] ====>
8577,2013-09-17,1617,[A6A6I2] ====>
8578,2013-09-17,1617,[A6A6I2] ====>
8579,2013-09-17,1617,[A6A6I2] ====>
8580,2013-09-17,1617,[A6A6I2] ====>
8581,2013-09-17,1617,[A6A6I2] ====>
8582,2013-09-17,1617,[A6A6I2] ====>
8583,2013-09-17,1617,[A6A6I2] ====>
8584,2013-09-18,1618,[A6A6I2] ====>
8585,2013-09-18,1618,[A6A6I2] ====>
8586,2013-09-18,1618,[A6A6I2] ====>
8587,2013-09-18,1618,[A6A6I2] ====>
8588,2013-09-18,1618,[A6A6I2] ====>
8589,2013-09-18,1618,[A6A6I2] ====>
8590,2013-09-18,1618,[A6A6I2] ====>
8591,2013-09-18,1618,[A6A6I2] ====>
8592,2013-09-18,1618,[A6A6I2] ====>
8593,2013-09-18,1618,[A6A6I2] ====>
8594,2013-09-18,1618,[A6A6I2] ====>
8595,2013-09-18,1618,[A6A6I2] ====>
8596,2013-09-19,1619,[A6A6I2] ====>
8597,2013-09-19,1619,[A6A6I2] ====>
8598,2013-09-19,1619,[A6A6I2] ====>
8599,2013-09-19,1619,[A6A6I2] ====>
8600,2013-09-20,1620,[A6A6I2] ====>
8601,2013-09-20,1620,[A6A6I2] ====>
8602,2013-09-20,1620,[A6A6I2] ====>
8603,2013-09-20,1620,[A6A6I2] ====>
8604,2013-09-20,1620,[A6A6I2] ====>
8605,2013-09-20,1620,[A6A6I2] ====>
8606,2013-09-20,1620,[A6A6I2] ====>
8607,2013-09-20,1620,[A6A6I2] ====>
8608,2013-09-20,1620,[A6A6I2] ====>
8609,2013-09-20,1620,[A6A6I2] ====>
8610,2013-09-20,1620,[A6A6I2] ====>
8611,2013-09-20,1620,[A6A6I2] ====>
8612,2013-09-20,1620,[A6A6I2] ====>
8613,2013-09-21,1621,[A6A6I2] ====>
8614,2013-09-21,1621,[A6A6I2] ====>
8615,2013-09-22,1622,[A6A6I2] ====>
8616,2013-09-22,1622,[A6A6I2] ====>
8617,2013-09-22,1622,[A6A6I2] ====>
8618,2013-09-22,1622,[A6A6I2] ====>
8619,2013-09-22,1622,[A6A6I2] ====>
8620,2013-09-22,1622,[A6A6I2] ====>
8621,2013-09-22,1622,[A6A6I2] ====>
8622,2013-09-22,1622,[A6A6I2] ====>
8623,2013-09-22,1622,[A6A6I2] ====>
8624,2013-09-22,1622,[A6A6I2] ====>
8625,2013-09-22,1622,[A6A6I2] ====>
8626,2013-09-22,1622,[A6A6I2] ====>
8627,2013-09-24,1624,[A6A6I2] ====>
8628,2013-09-24,1624,[A6A6I2] ====>
8629,2013-09-24,1624,[A6A6I2] ====>
8630,2013-09-24,1624,[A6A6I2] ====>
8631,2013-09-24,1624,[A6A6I2] ====>
8632,2013-09-24,1624,[A6A6I2] ====>
8633,2013-09-24,1624,[A6A6I2] ====>
8634,2013-09-24,1624,[A6A6I2] ====>
8635,2013-09-24,1624,[A6A6I2] ====>
8636,2013-09-24,1624,[A6A6I2] ====>
8637,2013-09-24,1624,[A6A6I2] ====>
8638,2013-09-25,1625,[A6A6I2] ====>
8639,2013-09-25,1625,[A6A6I2] ====>
8640,2013-09-28,1628,[A6A6I2] ====>
8641,2013-09-28,1628,[A6A6I2] ====>
8642,2013-09-28,1628,[A6A6I2] ====>
8643,2013-09-28,1628,[A6A6I2] ====>
8644,2013-09-28,1628,[A6A6I2] ====>
8645,2013-09-28,1628,[A6A6I2] ====>
8646,2013-09-28,1628,[A6A6I2] ====>
8647,2013-10-01,1631,[A6A6I2] ====>
8648,2013-10-01,1631,[A6A6I2] ====>
8649,2013-10-01,1631,[A6A6I2] ====>
8650,2013-10-03,1633,[A6A6I2] ====>
8651,2013-10-03,1633,[A6A6I2] ====>
8652,2013-10-03,1633,[A6A6I2] ====>
8653,2013-10-03,1633,[A6A6I2] ====>
8654,2013-10-03,1633,[A6A6I2] ====>
8655,2013-10-03,1633,[A6A6I2] ====>
8656,2013-10-04,1634,[A6A6I2] ====>
8657,2013-10-04,1634,[A6A6I2] ====>
8658,2013-10-04,1634,[A6A6I2] ====>
8659,2013-10-04,1634,[A6A6I2] ====>
8660,2013-10-04,1634,[A6A6I2] ====>
8661,2013-10-04,1634,[A6A6I2] ====>
8662,2013-10-04,1634,[A6A6I2] ====>
8663,2013-10-04,1634,[A6A6I2] ====>
8664,2013-10-04,1634,[A6A6I2] ====>
8665,2013-10-04,1634,[A6A6I2] ====>
8666,2013-10-04,1634,[A6A6I2] ====>
8667,2013-10-04,1634,[A6A6I2] ====>
8668,2013-10-04,1634,[A6A6I2] ====>
8669,2013-10-07,1637,[A6A6I2] ====>
8670,2013-10-07,1637,[A6A6I2] ====>
8671,2013-10-07,1637,[A6A6I2] ====>
8672,2013-10-07,1637,[A6A6I2] ====>
8673,2013-10-07,1637,[A6A6I2] ====>
8674,2013-10-07,1637,[A6A6I2] ====>
8675,2013-10-07,1637,[A6A6I2] ====>
8676,2013-10-07,1637,[A6A6I2] ====>
8677,2013-10-07,1637,[A6A6I2] ====>
8678,2013-10-07,1637,[A6A6I2] ====>
8679,2013-10-07,1637,[A6A6I2] ====>
8680,2013-10-07,1637,[A6A6I2] ====>
8681,2013-10-07,1637,[A6A6I2] ====>
8682,2013-10-07,1637,[A6A6I2] ====>
8683,2013-10-07,1637,[A6A6I2] ====>
8684,2013-10-07,1637,[A6A6I2] ====>
8685,2013-10-07,1637,[A6A6I2] ====>
8686,2013-10-07,1637,[A6A6I2] ====>
8687,2013-10-07,1637,[A6A6I2] ====>
8688,2013-10-07,1637,[A6A6I2] ====>
8689,2013-10-07,1637,[A6A6I2] ====>
8690,2013-10-07,1637,[A6A6I2] ====>
8691,2013-10-07,1637,[A6A6I2] ====>
8692,2013-10-07,1637,[A6A6I2] ====>
8693,2013-10-07,1637,[A6A6I2] ====>
8694,2013-10-07,1637,[A6A6I2] ====>
8695,2013-10-11,1641,[A6A6I2] ====>
8696,2013-10-11,1641,[A6A6I2] ====>
8697,2013-10-11,1641,[A6A6I2] ====>
8698,2013-10-11,1641,[A6A6I2] ====>
8699,2013-10-11,1641,[A6A6I2] ====>
8700,2013-10-11,1641,[A6A6I2] ====>
8701,2013-10-11,1641,[A6A6I2] ====>
8702,2013-10-11,1641,[A6A6I2] ====>
8703,2013-10-11,1641,[A6A6I2] ====>
8704,2013-10-11,1641,[A6A6I2] ====>
8705,2013-10-11,1641,[A6A6I2] ====>
8706,2013-10-11,1641,[A6A6I2] ====>
8707,2013-10-11,1641,[A6A6I2] ====>
8708,2013-10-11,1641,[A6A6I2] ====>
8709,2013-10-11,1641,[A6A6I2] ====>
8710,2013-10-11,1641,[A6A6I2] ====>
8711,2013-10-11,1641,[A6A6I2] ====>
8712,2013-10-11,1641,[A6A6I2] ====>
8713,2013-10-11,1641,[A6A6I2] ====>
8714,2013-10-11,1641,[A6A6I2] ====>
8715,2013-10-11,1641,[A6A6I2] ====>
8716,2013-10-11,1641,[A6A6I2] ====>
8717,2013-10-11,1641,[A6A6I2] ====>
8718,2013-10-11,1641,[A6A6I2] ====>
8719,2013-10-11,1641,[A6A6I2] ====>
8720,2013-10-11,1641,[A6A6I2] ====>
8721,2013-10-11,1641,[A6A6I2] ====>
8722,2013-10-11,1641,[A6A6I2] ====>
8723,2013-10-16,1646,[A6A6I2] ====>
8724,2013-10-16,1646,[A6A6I2] ====>
8725,2013-10-16,1646,[A6A6I2] ====>
8726,2013-10-16,1646,[A6A6I2] ====>
8727,2013-10-16,1646,[A6A6I2] ====>
8728,2013-10-16,1646,[A6A6I2] ====>
8729,2013-10-16,1646,[A6A6I2] ====>
8730,2013-10-16,1646,[A6A6I2] ====>
8731,2013-10-16,1646,[A6A6I2] ====>
8732,2013-10-16,1646,[A6A6I2] ====>
8733,2013-10-16,1646,[A6A6I2] ====>
8734,2013-10-16,1646,[A6A6I2] ====>
8735,2013-10-16,1646,[A6A6I2] ====>
8736,2013-10-16,1646,[A6A6I2] ====>
8737,2013-10-16,1646,[A6A6I2] ====>
8738,2013-10-16,1646,[A6A6I2] ====>
8739,2013-10-16,1646,[A6A6I2] ====>
8740,2013-10-16,1646,[A6A6I2] ====>
8741,2013-10-16,1646,[A6A6I2] ====>
8742,2013-10-16,1646,[A6A6I2] ====>
8743,2013-10-16,1646,[A6A6I2] ====>
8744,2013-10-16,1646,[A6A6I2] ====>
8745,2013-10-16,1646,[A6A6I2] ====>
8746,2013-10-16,1646,[A6A6I2] ====>
8747,2013-10-16,1646,[A6A6I2] ====>
8748,2013-10-16,1646,[A6A6I2] ====>
8749,2013-10-16,1646,[A6A6I2] ====>
8750,2013-10-16,1646,[A6A6I2] ====>
8751,2013-10-16,1646,[A6A6I2] ====>
8752,2013-10-16,1646,[A6A6I2] ====>
8753,2014-10-17,2012,ACT 6 ACT 6 ACT 3
8754,2014-10-18,2013,YOUR UNIMPATIENCE HAS BEEN APPRECIATED.
8755,2014-10-18,2013,YES!!!!!!!!!!!
8756,2014-10-18,2013,HOW DID I DO SUCH A SENSATIONAL FEAT? YOU ASK.
8757,2014-10-18,2013,THIS FACT IS CALLED A *GAME CHANGER*.
8758,2014-10-18,2013,KRABKRAB. HONK FRIEND. CAPE DOUCHE.
8759,2014-10-18,2013,SMELLY HORSE MAN. OTHER GUY. BULL HORN WIMP.
8760,2014-10-18,2013,AND LEST WE FORGET. A SALTY ARRAY. OF MISCELLANEOUS BITCHES.
8761,2014-10-18,2013,OH. ALSO. THE BEFORE TROLLS. IN CASE OF EMERGENCY
8762,2014-10-18,2013,BUT THESE PORTRAITS ARE NOW A MOOT POINT.
8763,2014-10-18,2013,"BEHOLD, MY EXCLUSIVE PRIVATE GALLERY."
8764,2014-10-18,2013,"OK, THAT'S ENOUGH ADMIRATION. BACK TO OUR STORY."
8765,2014-10-18,2013,YOU MAY RECOLLECT. THAT THIS BLUSHING BISHONEN DREAM BOAT.
8766,2014-10-18,2013,OH MY. WHAT HAVE WE HERE?
8767,2014-10-18,2013,OK. I KNOW WHAT YOU'RE THINKING.
8768,2014-10-18,2013,BUT HEAR ME OUT!
8769,2014-10-18,2013,I MUST SAY. THE ARTISTIC PLOY. IS INGENIOUS.
8770,2014-10-18,2013,MAGICAL IN ITS FORBIDDENALITY.
8771,2014-10-18,2013,"OH, BUT WHAT'S THIS?"
8772,2014-10-18,2013,IT'S NONE OTHER. THAN WHAT'S HER FACE.
8773,2014-10-18,2013,7. GETTING MURDERED IN DRAWINGS.
8774,2014-10-18,2013,"WELL, WELL, WELL, WELL. WHAT HAVE WE HERE?"
8775,2014-10-18,2013,"""IDIOT GIRL NUMBER WHATEVER"" LIKES:"
8776,2014-10-18,2013,"7. NOT BEING WORTH ANYTHING. (A.K.A. ""WORTHLESS"")"
8777,2014-10-18,2013,"HERE COMES ANOTHER PRIME O.C. OF MINE, HOT OFF THE PRESS."
8778,2014-10-18,2013,AS FOLLOWS:
8779,2014-10-18,2013,IT THINK WE'VE WASTED ENOUGH TIME ON THESE NOBODIES.
8780,2014-10-18,2013,UH OH. HERE HE COMES.
8781,2014-10-18,2013,DAAAAAAAAAAAMN.
8782,2014-10-18,2013,SERIOUSLY. CAN I GET A GOD DAMN?
8783,2014-10-18,2013,"ALSO, HOW ABOUT A HAT?"
8784,2014-10-18,2013,BIG MAN: HOLLER FOR YOUR WOMAN.
8785,2014-10-18,2013,GODDESS OF MANGA: BOW DOWN.
8786,2014-10-19,2014,SOMETHING IS A MISS.
8787,2014-10-19,2014,HIS EYES ARE SUPPOSED TO FLICKER ABOUT.
8788,2014-10-19,2014,...........
8789,2014-10-19,2014,...........
8790,2014-10-19,2014,...........
8791,2014-10-19,2014,...........
8792,2014-10-19,2014,...........
8793,2014-10-19,2014,...........
8794,2014-10-19,2014,...........
8795,2014-10-19,2014,...........
8796,2014-10-19,2014,...........
8797,2014-10-19,2014,...........
8798,2014-10-19,2014,...........
8799,2014-10-19,2014,LADIES AND GENTLEMEN. WE HAVE A HATER.
8800,2014-10-19,2014,GAME OVER KID.
8801,2014-10-25,2020,[S] GAME OVER.
8802,2014-10-25,2020,ACT 6 ACT 6 INTERMISSION 3 (Already in progress)
8803,2014-10-26,2021,[A6A6I3] ====>
8804,2014-10-26,2021,[A6A6I3] ====>
8805,2014-10-26,2021,[A6A6I3] ====>
8806,2014-10-26,2021,[A6A6I3] ====>
8807,2014-10-26,2021,[A6A6I3] ====>
8808,2014-10-26,2021,[A6A6I3] ====>
8809,2014-10-26,2021,[A6A6I3] ====>
8810,2014-10-26,2021,[A6A6I3] ====>
8811,2014-10-26,2021,[A6A6I3] ====>
8812,2014-10-26,2021,[A6A6I3] ====>
8813,2014-10-26,2021,[A6A6I3] ====>
8814,2014-10-26,2021,[A6A6I3] ====>
8815,2014-10-26,2021,[A6A6I3] ====>
8816,2014-10-26,2021,[A6A6I3] ====>
8817,2014-10-26,2021,[A6A6I3] ====>
8818,2014-10-26,2021,[A6A6I3] ====>
8819,2014-10-26,2021,[A6A6I3] ====>
8820,2014-10-26,2021,[A6A6I3] ====>
8821,2014-11-02,2028,ACT 6 ACT 6 ACT 4
8822,2014-11-02,2028,...........
8823,2014-11-02,2028,THIS IS THE WORST THING THAT'S EVER HAPPENED TO ME.
8824,2014-11-02,2028,"AS SUCH, I MUST ADMIT."
8825,2014-11-02,2028,THIS IS MY NADIR.
8826,2014-11-02,2028,"I BUST MY CHERUB HUMP FOR YOU ""PEOPLE""."
8827,2014-11-02,2028,UNGRATEFULTUDE.
8828,2014-11-02,2028,I KNOW WHAT THE CRUX TO THIS HORRIBLE PROBLEM IS.
8829,2014-11-02,2028,"SURE, SOME OF THEIR LIES HAVE SOME CORRECT QUALITIES."
8830,2014-11-02,2028,MY TRUE PASSION. IS TELLING STORIES.
8831,2014-11-02,2028,I BLEED THE BLOOD.
8832,2014-11-02,2028,I SWEAT THE STUFF.
8833,2014-11-02,2028,AND I WEEP THE TEARS.
8834,2014-11-02,2028,OF A POET.
8835,2014-11-02,2028,AND LIKE ANY BEAUTIFUL ART POET.
8836,2014-11-02,2028,ADDITIONAL ANGLES.
8837,2014-11-02,2028,AND AGAIN I WILL RISE.
8838,2014-11-02,2028,AND SO I BIDE MY TIME.
8839,2014-11-02,2028,BUT THE THING IS.
8840,2014-11-02,2028,AND SO I WILL NEED YOU TO PLUNGE YOUR GRUBBY FISTS.
8841,2014-11-02,2028,THE SAVVY CASH GIVER WILL ALSO BE PLEASED TO KNOW.
8842,2014-11-02,2028,PLEASE STAND BY VERY IMPATIENTLY.
8843,2014-11-02,2028,"[S] BYE FOREVER, ALMOST."
8844,2014-11-03,2029,ACT 6 ACT 6 INTERMISSION 4
8845,2014-11-03,2029,[A6A6I4] ====>
8846,2014-11-03,2029,[A6A6I4] ====>
8847,2014-11-03,2029,[A6A6I4] ====>
8848,2014-11-03,2029,[A6A6I4] ====>
8849,2014-11-03,2029,[A6A6I4] ====>
8850,2014-11-03,2029,[A6A6I4] ====>
8851,2014-11-03,2029,[A6A6I4] ====>
8852,2014-11-03,2029,[A6A6I4] ====>
8853,2014-11-05,2031,[A6A6I4] ====>
8854,2014-11-05,2031,[A6A6I4] ====>
8855,2014-11-05,2031,[A6A6I4] ====>
8856,2014-11-05,2031,[A6A6I4] ====>
8857,2014-11-05,2031,[A6A6I4] ====>
8858,2014-11-05,2031,[A6A6I4] ====>
8859,2014-11-05,2031,[A6A6I4] ====>
8860,2014-11-05,2031,[A6A6I4] ====>
8861,2014-11-05,2031,[A6A6I4] ====>
8862,2014-11-05,2031,[A6A6I4] ====>
8863,2014-11-05,2031,[A6A6I4] ====>
8864,2014-11-05,2031,[A6A6I4] ====>
8865,2014-11-07,2033,[A6A6I4] ====>
8866,2014-11-07,2033,[A6A6I4] ====>
8867,2014-11-07,2033,[A6A6I4] ====>
8868,2014-11-07,2033,[A6A6I4] ====>
8869,2014-11-07,2033,[A6A6I4] ====>
8870,2014-11-07,2033,[A6A6I4] ====>
8871,2014-11-07,2033,[A6A6I4] ====>
8872,2014-11-07,2033,[A6A6I4] ====>
8873,2014-11-07,2033,[A6A6I4] ====>
8874,2014-11-07,2033,[A6A6I4] ====>
8875,2014-11-07,2033,[A6A6I4] ====>
8876,2014-11-07,2033,[A6A6I4] ====>
8877,2014-11-07,2033,[A6A6I4] ====>
8878,2014-11-07,2033,[A6A6I4] ====>
8879,2014-11-07,2033,[A6A6I4] ====>
8880,2014-11-07,2033,[A6A6I4] ====>
8881,2014-11-07,2033,[A6A6I4] ====>
8882,2014-11-07,2033,[A6A6I4] ====>
8883,2014-11-07,2033,[A6A6I4] ====>
8884,2014-11-10,2036,[A6A6I4] ====>
8885,2014-11-10,2036,[A6A6I4] ====>
8886,2014-11-10,2036,[A6A6I4] ====>
8887,2014-11-10,2036,[A6A6I4] ====>
8888,2014-11-10,2036,[A6A6I4] ====>
8889,2014-11-10,2036,[A6A6I4] ====>
8890,2014-11-10,2036,[A6A6I4] ====>
8891,2014-11-10,2036,[A6A6I4] ====>
8892,2014-11-10,2036,[A6A6I4] ====>
8893,2014-11-10,2036,[A6A6I4] ====>
8894,2014-11-10,2036,[A6A6I4] ====>
8895,2014-11-10,2036,[A6A6I4] ====>
8896,2014-11-10,2036,[A6A6I4] ====>
8897,2014-11-10,2036,[A6A6I4] ====>
8898,2014-11-10,2036,[A6A6I4] ====>
8899,2014-11-10,2036,[A6A6I4] ====>
8900,2014-11-10,2036,[A6A6I4] ====>
8901,2014-11-10,2036,[A6A6I4] ====>
8902,2014-11-10,2036,[A6A6I4] ====>
8903,2014-11-10,2036,[A6A6I4] ====>
8904,2014-11-10,2036,[A6A6I4] ====>
8905,2014-11-10,2036,[A6A6I4] ====>
8906,2014-11-10,2036,[A6A6I4] ====>
8907,2014-11-12,2038,[A6A6I4] ====>
8908,2014-11-12,2038,[A6A6I4] ====>
8909,2014-11-12,2038,[A6A6I4] ====>
8910,2014-11-12,2038,[A6A6I4] ====>
8911,2014-11-12,2038,[A6A6I4] ====>
8912,2014-11-12,2038,[A6A6I4] ====>
8913,2014-11-12,2038,[A6A6I4] ====>
8914,2014-11-12,2038,[A6A6I4] ====>
8915,2014-11-12,2038,[A6A6I4] ====>
8916,2014-11-12,2038,[A6A6I4] ====>
8917,2014-11-12,2038,[A6A6I4] ====>
8918,2014-11-12,2038,[A6A6I4] ====>
8919,2014-11-12,2038,[A6A6I4] ====>
8920,2014-11-12,2038,[A6A6I4] ====>
8921,2014-11-12,2038,[A6A6I4] ====>
8922,2014-11-14,2040,[A6A6I4] ====>
8923,2014-11-14,2040,[A6A6I4] ====>
8924,2014-11-14,2040,[A6A6I4] ====>
8925,2014-11-14,2040,[A6A6I4] ====>
8926,2014-11-14,2040,[A6A6I4] ====>
8927,2014-11-14,2040,[A6A6I4] ====>
8928,2014-11-14,2040,[A6A6I4] ====>
8929,2014-11-17,2043,[A6A6I4] ====>
8930,2014-11-17,2043,[A6A6I4] ====>
8931,2014-11-17,2043,[A6A6I4] ====>
8932,2014-11-17,2043,[A6A6I4] ====>
8933,2014-11-17,2043,[A6A6I4] ====>
8934,2014-11-17,2043,[A6A6I4] ====>
8935,2014-11-17,2043,[A6A6I4] ====>
8936,2014-11-17,2043,[A6A6I4] ====>
8937,2014-11-19,2045,[A6A6I4] ====>
8938,2014-11-19,2045,[A6A6I4] ====>
8939,2014-11-19,2045,[A6A6I4] ====>
8940,2014-11-19,2045,[A6A6I4] ====>
8941,2014-11-19,2045,[A6A6I4] ====>
8942,2014-11-19,2045,[A6A6I4] ====>
8943,2014-11-19,2045,[A6A6I4] ====>
8944,2014-11-19,2045,[A6A6I4] ====>
8945,2014-11-19,2045,[A6A6I4] ====>
8946,2014-11-19,2045,[A6A6I4] ====>
8947,2014-11-19,2045,[A6A6I4] ====>
8948,2014-11-19,2045,[A6A6I4] ====>
8949,2014-11-19,2045,[A6A6I4] ====>
8950,2014-11-19,2045,[A6A6I4] ====>
8951,2014-11-19,2045,[A6A6I4] ====>
8952,2014-11-19,2045,[A6A6I4] ====>
8953,2014-11-19,2045,[A6A6I4] ====>
8954,2014-11-19,2045,[A6A6I4] ====>
8955,2014-11-19,2045,[A6A6I4] ====>
8956,2014-11-19,2045,[A6A6I4] ====>
8957,2014-11-19,2045,[A6A6I4] ====>
8958,2014-11-19,2045,[A6A6I4] ====>
8959,2014-11-21,2047,[A6A6I4] ====>
8960,2014-11-21,2047,[A6A6I4] ====>
8961,2014-11-21,2047,[A6A6I4] ====>
8962,2014-11-21,2047,[A6A6I4] ====>
8963,2014-11-21,2047,[A6A6I4] ====>
8964,2014-11-21,2047,[A6A6I4] ====>
8965,2014-11-21,2047,[A6A6I4] ====>
8966,2014-11-21,2047,[A6A6I4] ====>
8967,2014-11-21,2047,[A6A6I4] ====>
8968,2014-11-21,2047,[A6A6I4] ====>
8969,2014-11-21,2047,[A6A6I4] ====>
8970,2014-11-21,2047,[A6A6I4] ====>
8971,2014-11-21,2047,[A6A6I4] ====>
8972,2014-11-21,2047,[A6A6I4] ====>
8973,2014-11-21,2047,[A6A6I4] ====>
8974,2014-11-21,2047,[A6A6I4] ====>
8975,2014-11-21,2047,[A6A6I4] ====>
8976,2014-11-21,2047,[A6A6I4] ====>
8977,2014-11-21,2047,[A6A6I4] ====>
8978,2014-11-24,2050,[A6A6I4] ====>
8979,2014-11-24,2050,[A6A6I4] ====>
8980,2014-11-24,2050,[A6A6I4] ====>
8981,2014-11-24,2050,[A6A6I4] ====>
8982,2014-11-24,2050,[A6A6I4] ====>
8983,2014-11-24,2050,[A6A6I4] ====>
8984,2014-11-24,2050,[A6A6I4] ====>
8985,2014-11-24,2050,[A6A6I4] ====>
8986,2014-11-24,2050,[S][A6A6I4] ====>
8987,2014-11-26,2052,[A6A6I4] ====>
8988,2014-11-26,2052,[A6A6I4] ====>
8989,2014-11-26,2052,[A6A6I4] ====>
8990,2014-11-26,2052,[A6A6I4] ====>
8991,2014-11-26,2052,[A6A6I4] ====>
8992,2014-11-26,2052,[A6A6I4] ====>
8993,2014-11-26,2052,[A6A6I4] ====>
8994,2014-11-26,2052,[A6A6I4] ====>
8995,2014-11-26,2052,[A6A6I4] ====>
8996,2014-11-26,2052,[A6A6I4] ====>
8997,2014-11-26,2052,[A6A6I4] ====>
8998,2014-11-28,2054,[S][A6A6I4] ====>
8999,2014-12-01,2057,[A6A6I4] ====>
9000,2014-12-01,2057,[S][A6A6I4] ====>
9001,2014-12-01,2057,[S][A6A6I4] ====>
9002,2014-12-03,2059,[A6A6I4] ====>
9003,2014-12-03,2059,[A6A6I4] ====>
9004,2014-12-03,2059,[A6A6I4] ====>
9005,2014-12-03,2059,[A6A6I4] ====>
9006,2014-12-03,2059,[A6A6I4] ====>
9007,2014-12-03,2059,[A6A6I4] ====>
9008,2014-12-03,2059,[A6A6I4] ====>
9009,2014-12-03,2059,[A6A6I4] ====>
9010,2014-12-03,2059,[A6A6I4] ====>
9011,2014-12-05,2061,[A6A6I4] ====>
9012,2014-12-05,2061,[A6A6I4] ====>
9013,2014-12-05,2061,[A6A6I4] ====>
9014,2014-12-05,2061,[A6A6I4] ====>
9015,2014-12-05,2061,[A6A6I4] ====>
9016,2014-12-05,2061,[A6A6I4] ====>
9017,2014-12-05,2061,[A6A6I4] ====>
9018,2014-12-05,2061,[A6A6I4] ====>
9019,2014-12-05,2061,[A6A6I4] ====>
9020,2014-12-05,2061,[A6A6I4] ====>
9021,2014-12-05,2061,[A6A6I4] ====>
9022,2014-12-05,2061,[A6A6I4] ====>
9023,2014-12-05,2061,[A6A6I4] ====>
9024,2014-12-05,2061,[A6A6I4] ====>
9025,2014-12-05,2061,[A6A6I4] ====>
9026,2014-12-08,2064,[A6A6I4] ====>
9027,2014-12-08,2064,[A6A6I4] ====>
9028,2014-12-08,2064,[A6A6I4] ====>
9029,2014-12-08,2064,[A6A6I4] ====>
9030,2014-12-08,2064,[A6A6I4] ====>
9031,2014-12-08,2064,[A6A6I4] ====>
9032,2014-12-08,2064,[A6A6I4] ====>
9033,2014-12-08,2064,[A6A6I4] ====>
9034,2014-12-08,2064,[A6A6I4] ====>
9035,2014-12-08,2064,[A6A6I4] ====>
9036,2014-12-08,2064,[A6A6I4] ====>
9037,2014-12-08,2064,[A6A6I4] ====>
9038,2014-12-08,2064,[A6A6I4] ====>
9039,2014-12-08,2064,[A6A6I4] ====>
9040,2014-12-08,2064,[A6A6I4] ====>
9041,2014-12-08,2064,[A6A6I4] ====>
9042,2014-12-08,2064,[A6A6I4] ====>
9043,2014-12-08,2064,[A6A6I4] ====>
9044,2014-12-08,2064,[A6A6I4] ====>
9045,2014-12-08,2064,[A6A6I4] ====>
9046,2014-12-08,2064,[A6A6I4] ====>
9047,2014-12-08,2064,[A6A6I4] ====>
9048,2014-12-08,2064,[A6A6I4] ====>
9049,2014-12-08,2064,[A6A6I4] ====>
9050,2014-12-08,2064,[A6A6I4] ====>
9051,2014-12-10,2066,[A6A6I4] ====>
9052,2014-12-10,2066,[A6A6I4] ====>
9053,2014-12-10,2066,[A6A6I4] ====>
9054,2014-12-10,2066,[A6A6I4] ====>
9055,2014-12-10,2066,[A6A6I4] ====>
9056,2014-12-10,2066,[A6A6I4] ====>
9057,2014-12-10,2066,[A6A6I4] ====>
9058,2014-12-10,2066,[???????]
9059,2014-12-10,2066,[A6A6I4] ====>
9060,2014-12-10,2066,[A6A6I4] ====>
9061,2014-12-10,2066,[A6A6I4] ====>
9062,2014-12-10,2066,[A6A6I4] ====>
9063,2014-12-12,2068,[A6A6I4] ====>
9064,2014-12-12,2068,[A6A6I4] ====>
9065,2014-12-12,2068,[A6A6I4] ====>
9066,2014-12-12,2068,[A6A6I4] ====>
9067,2014-12-12,2068,[A6A6I4] ====>
9068,2014-12-12,2068,[A6A6I4] ====>
9069,2014-12-12,2068,[A6A6I4] ====>
9070,2014-12-12,2068,[A6A6I4] ====>
9071,2014-12-15,2071,[A6A6I4] ====>
9072,2014-12-15,2071,[A6A6I4] ====>
9073,2014-12-15,2071,[A6A6I4] ====>
9074,2014-12-15,2071,[A6A6I4] ====>
9075,2014-12-15,2071,[A6A6I4] ====>
9076,2014-12-15,2071,[A6A6I4] ====>
9077,2014-12-15,2071,[A6A6I4] ====>
9078,2014-12-15,2071,[A6A6I4] ====>
9079,2014-12-15,2071,[A6A6I4] ====>
9080,2014-12-15,2071,[A6A6I4] ====>
9081,2014-12-15,2071,[A6A6I4] ====>
9082,2014-12-15,2071,[A6A6I4] ====>
9083,2014-12-15,2071,[A6A6I4] ====>
9084,2014-12-15,2071,[A6A6I4] ====>
9085,2014-12-15,2071,[A6A6I4] ====>
9086,2014-12-15,2071,[A6A6I4] ====>
9087,2014-12-15,2071,[A6A6I4] ====>
9088,2014-12-17,2073,[A6A6I4] ====>
9089,2014-12-17,2073,[A6A6I4] ====>
9090,2014-12-17,2073,[A6A6I4] ====>
9091,2014-12-17,2073,[A6A6I4] ====>
9092,2014-12-17,2073,[A6A6I4] ====>
9093,2014-12-17,2073,[A6A6I4] ====>
9094,2014-12-17,2073,[A6A6I4] ====>
9095,2014-12-17,2073,[A6A6I4] ====>
9096,2014-12-17,2073,[A6A6I4] ====>
9097,2014-12-17,2073,[A6A6I4] ====>
9098,2014-12-17,2073,[A6A6I4] ====>
9099,2014-12-17,2073,[A6A6I4] ====>
9100,2014-12-17,2073,[A6A6I4] ====>
9101,2014-12-17,2073,[A6A6I4] ====>
9102,2014-12-17,2073,[A6A6I4] ====>
9103,2014-12-17,2073,[A6A6I4] ====>
9104,2014-12-17,2073,[A6A6I4] ====>
9105,2014-12-17,2073,[A6A6I4] ====>
9106,2014-12-19,2075,[A6A6I4] ====>
9107,2014-12-19,2075,[A6A6I4] ====>
9108,2014-12-19,2075,[A6A6I4] ====>
9109,2014-12-19,2075,[???????]
9110,2014-12-19,2075,[A6A6I4] ====>
9111,2014-12-19,2075,[A6A6I4] ====>
9112,2014-12-19,2075,[A6A6I4] ====>
9113,2014-12-19,2075,[A6A6I4] ====>
9114,2014-12-19,2075,[A6A6I4] ====>
9115,2014-12-19,2075,[A6A6I4] ====>
9116,2014-12-19,2075,[A6A6I4] ====>
9117,2014-12-19,2075,[A6A6I4] ====>
9118,2014-12-19,2075,[A6A6I4] ====>
9119,2014-12-19,2075,[A6A6I4] ====>
9120,2014-12-19,2075,[A6A6I4] ====>
9121,2014-12-19,2075,[A6A6I4] ====>
9122,2014-12-19,2075,[A6A6I4] ====>
9123,2014-12-19,2075,[A6A6I4] ====>
9124,2014-12-19,2075,[A6A6I4] ====>
9125,2014-12-19,2075,[A6A6I4] ====>
9126,2014-12-22,2078,[A6A6I4] ====>
9127,2014-12-22,2078,[A6A6I4] ====>
9128,2014-12-22,2078,[A6A6I4] ====>
9129,2014-12-22,2078,[A6A6I4] ====>
9130,2014-12-22,2078,[A6A6I4] ====>
9131,2014-12-24,2080,[A6A6I4] ====>
9132,2014-12-24,2080,[A6A6I4] ====>
9133,2014-12-24,2080,[A6A6I4] ====>
9134,2014-12-24,2080,[A6A6I4] ====>
9135,2014-12-24,2080,[???????]
9136,2014-12-24,2080,[A6A6I4] ====>
9137,2014-12-24,2080,[A6A6I4] ====>
9138,2014-12-24,2080,[A6A6I4] ====>
9139,2014-12-24,2080,[A6A6I4] ====>
9140,2014-12-24,2080,[A6A6I4] ====>
9141,2014-12-24,2080,[A6A6I4] ====>
9142,2014-12-24,2080,[A6A6I4] ====>
9143,2014-12-24,2080,[A6A6I4] ====>
9144,2014-12-24,2080,[A6A6I4] ====>
9145,2014-12-24,2080,[A6A6I4] ====>
9146,2014-12-24,2080,[A6A6I4] ====>
9147,2014-12-26,2082,[A6A6I4] ====>
9148,2014-12-26,2082,[A6A6I4] ====>
9149,2014-12-26,2082,[A6A6I4] ====>
9150,2014-12-26,2082,[???????]
9151,2014-12-26,2082,[A6A6I4] ====>
9152,2014-12-26,2082,[A6A6I4] ====>
9153,2014-12-26,2082,[A6A6I4] ====>
9154,2014-12-26,2082,[A6A6I4] ====>
9155,2014-12-26,2082,[A6A6I4] ====>
9156,2014-12-26,2082,[A6A6I4] ====>
9157,2014-12-26,2082,[A6A6I4] ====>
9158,2014-12-26,2082,[A6A6I4] ====>
9159,2014-12-26,2082,[A6A6I4] ====>
9160,2014-12-26,2082,[A6A6I4] ====>
9161,2014-12-26,2082,[A6A6I4] ====>
9162,2014-12-26,2082,[A6A6I4] ====>
9163,2014-12-26,2082,[A6A6I4] ====>
9164,2014-12-29,2085,[A6A6I4] ====>
9165,2014-12-29,2085,[A6A6I4] ====>
9166,2014-12-29,2085,[A6A6I4] ====>
9167,2014-12-29,2085,[A6A6I4] ====>
9168,2014-12-29,2085,[A6A6I4] ====>
9169,2014-12-29,2085,[A6A6I4] ====>
9170,2014-12-29,2085,[A6A6I4] ====>
9171,2014-12-29,2085,[A6A6I4] ====>
9172,2014-12-29,2085,[A6A6I4] ====>
9173,2014-12-29,2085,[A6A6I4] ====>
9174,2014-12-31,2087,[A6A6I4] ====>
9175,2014-12-31,2087,[A6A6I4] ====>
9176,2014-12-31,2087,[A6A6I4] ====>
9177,2014-12-31,2087,[A6A6I4] ====>
9178,2014-12-31,2087,[A6A6I4] ====>
9179,2014-12-31,2087,[A6A6I4] ====>
9180,2014-12-31,2087,[A6A6I4] ====>
9181,2014-12-31,2087,[A6A6I4] ====>
9182,2014-12-31,2087,[A6A6I4] ====>
9183,2014-12-31,2087,[A6A6I4] ====>
9184,2015-01-02,2089,[A6A6I4] ====>
9185,2015-01-02,2089,[A6A6I4] ====>
9186,2015-01-02,2089,[A6A6I4] ====>
9187,2015-01-02,2089,[A6A6I4] ====>
9188,2015-01-02,2089,[???????]
9189,2015-01-02,2089,[A6A6I4] ====>
9190,2015-01-02,2089,[A6A6I4] ====>
9191,2015-01-02,2089,[A6A6I4] ====>
9192,2015-01-02,2089,[A6A6I4] ====>
9193,2015-01-02,2089,[A6A6I4] ====>
9194,2015-01-02,2089,[A6A6I4] ====>
9195,2015-01-02,2089,[A6A6I4] ====>
9196,2015-01-02,2089,[A6A6I4] ====>
9197,2015-01-02,2089,[A6A6I4] ====>
9198,2015-01-02,2089,[A6A6I4] ====>
9199,2015-01-02,2089,[A6A6I4] ====>
9200,2015-01-02,2089,[A6A6I4] ====>
9201,2015-01-02,2089,[A6A6I4] ====>
9202,2015-01-05,2092,[A6A6I4] ====>
9203,2015-01-05,2092,[A6A6I4] ====>
9204,2015-01-05,2092,[???????]
9205,2015-01-05,2092,[A6A6I4] ====>
9206,2015-01-05,2092,[A6A6I4] ====>
9207,2015-01-05,2092,[A6A6I4] ====>
9208,2015-01-05,2092,[A6A6I4] ====>
9209,2015-01-05,2092,[A6A6I4] ====>
9210,2015-01-05,2092,[A6A6I4] ====>
9211,2015-01-05,2092,[A6A6I4] ====>
9212,2015-01-05,2092,[A6A6I4] ====>
9213,2015-01-05,2092,[A6A6I4] ====>
9214,2015-01-05,2092,[A6A6I4] ====>
9215,2015-01-05,2092,[A6A6I4] ====>
9216,2015-01-05,2092,[A6A6I4] ====>
9217,2015-01-05,2092,[A6A6I4] ====>
9218,2015-01-05,2092,[A6A6I4] ====>
9219,2015-01-07,2094,[A6A6I4] ====>
9220,2015-01-07,2094,[A6A6I4] ====>
9221,2015-01-07,2094,[A6A6I4] ====>
9222,2015-01-07,2094,[???????]
9223,2015-01-07,2094,[A6A6I4] ====>
9224,2015-01-07,2094,[A6A6I4] ====>
9225,2015-01-07,2094,[A6A6I4] ====>
9226,2015-01-07,2094,[A6A6I4] ====>
9227,2015-01-07,2094,[A6A6I4] ====>
9228,2015-01-07,2094,[A6A6I4] ====>
9229,2015-01-07,2094,[A6A6I4] ====>
9230,2015-01-07,2094,[A6A6I4] ====>
9231,2015-01-07,2094,[A6A6I4] ====>
9232,2015-01-07,2094,[A6A6I4] ====>
9233,2015-01-07,2094,[A6A6I4] ====>
9234,2015-01-07,2094,[A6A6I4] ====>
9235,2015-01-07,2094,[A6A6I4] ====>
9236,2015-01-07,2094,[A6A6I4] ====>
9237,2015-01-07,2094,[A6A6I4] ====>
9238,2015-01-09,2096,[A6A6I4] ====>
9239,2015-01-09,2096,[A6A6I4] ====>
9240,2015-01-09,2096,[A6A6I4] ====>
9241,2015-01-09,2096,[A6A6I4] ====>
9242,2015-01-09,2096,[A6A6I4] ====>
9243,2015-01-09,2096,[A6A6I4] ====>
9244,2015-01-09,2096,[A6A6I4] ====>
9245,2015-01-09,2096,[A6A6I4] ====>
9246,2015-01-09,2096,[A6A6I4] ====>
9247,2015-01-09,2096,[A6A6I4] ====>
9248,2015-01-09,2096,[A6A6I4] ====>
9249,2015-01-09,2096,[A6A6I4] ====>
9250,2015-01-09,2096,[A6A6I4] ====>
9251,2015-01-09,2096,[A6A6I4] ====>
9252,2015-01-09,2096,[A6A6I4] ====>
9253,2015-01-09,2096,[A6A6I4] ====>
9254,2015-01-09,2096,[A6A6I4] ====>
9255,2015-01-12,2099,[A6A6I4] ====>
9256,2015-01-12,2099,[A6A6I4] ====>
9257,2015-01-12,2099,[A6A6I4] ====>
9258,2015-01-12,2099,[A6A6I4] ====>
9259,2015-01-12,2099,[A6A6I4] ====>
9260,2015-01-12,2099,[A6A6I4] ====>
9261,2015-01-12,2099,[A6A6I4] ====>
9262,2015-01-12,2099,[A6A6I4] ====>
9263,2015-01-12,2099,[???????]
9264,2015-01-12,2099,[A6A6I4] ====>
9265,2015-01-12,2099,[A6A6I4] ====>
9266,2015-01-12,2099,[A6A6I4] ====>
9267,2015-01-12,2099,[A6A6I4] ====>
9268,2015-01-12,2099,[A6A6I4] ====>
9269,2015-01-12,2099,[A6A6I4] ====>
9270,2015-01-12,2099,[A6A6I4] ====>
9271,2015-01-12,2099,[A6A6I4] ====>
9272,2015-01-12,2099,[A6A6I4] ====>
9273,2015-01-12,2099,[A6A6I4] ====>
9274,2015-01-12,2099,[A6A6I4] ====>
9275,2015-01-12,2099,[A6A6I4] ====>
9276,2015-01-12,2099,[A6A6I4] ====>
9277,2015-01-12,2099,[A6A6I4] ====>
9278,2015-01-12,2099,[A6A6I4] ====>
9279,2015-01-14,2101,[A6A6I4] ====>
9280,2015-01-14,2101,[A6A6I4] ====>
9281,2015-01-14,2101,[A6A6I4] ====>
9282,2015-01-14,2101,[A6A6I4] ====>
9283,2015-01-14,2101,[A6A6I4] ====>
9284,2015-01-14,2101,[A6A6I4] ====>
9285,2015-01-14,2101,[A6A6I4] ====>
9286,2015-01-14,2101,[A6A6I4] ====>
9287,2015-01-14,2101,[A6A6I4] ====>
9288,2015-01-14,2101,[A6A6I4] ====>
9289,2015-01-16,2103,[A6A6I4] ====>
9290,2015-01-16,2103,[A6A6I4] ====>
9291,2015-01-16,2103,[A6A6I4] ====>
9292,2015-01-16,2103,[A6A6I4] ====>
9293,2015-01-16,2103,[A6A6I4] ====>
9294,2015-01-16,2103,[A6A6I4] ====>
9295,2015-01-16,2103,[A6A6I4] ====>
9296,2015-01-16,2103,[A6A6I4] ====>
9297,2015-01-16,2103,[A6A6I4] ====>
9298,2015-01-16,2103,[A6A6I4] ====>
9299,2015-01-16,2103,[A6A6I4] ====>
9300,2015-01-16,2103,[A6A6I4] ====>
9301,2015-01-16,2103,[A6A6I4] ====>
9302,2015-01-16,2103,[A6A6I4] ====>
9303,2015-01-16,2103,[A6A6I4] ====>
9304,2015-01-16,2103,[A6A6I4] ====>
9305,2015-01-19,2106,[S][A6A6I4] ====>
9306,2015-01-19,2106,[A6A6I4] ====>
9307,2015-01-19,2106,[A6A6I4] ====>
9308,2015-01-19,2106,[A6A6I4] ====>
9309,2015-04-13,2190,[S] ACT 6 ACT 6 ACT 5
9310,2015-04-13,2190,AH. SO NICE OF YOU TO JOIN ME.
9311,2015-04-13,2190,MY MASTERPIECE!
9312,2015-04-13,2190,LET US BEGIN.
9313,2015-04-13,2190,SO I WILL SHOW YOU WHAT I SAW.
9314,2015-04-13,2190,AH YES. MOVIE MAGIC AT ITS BEST.
9315,2015-04-13,2190,"ALSO, LOOK CLOSELY."
9316,2015-04-13,2190,ONE MORE BANNER PIECE OF SWAG IN MY POSSESSION.
9317,2015-04-13,2190,HERE I AM LORDING IT OVER MY MINIONS.
9318,2015-04-13,2190,WHEN SUDDENLY.
9319,2015-04-13,2190,BUT THEN.
9320,2015-04-13,2190,"THEY ARE ALL FRISKY, AND READY TO FIGHT."
9321,2015-04-14,2191,LIKE I SAID. I HAVE A SUPERIOR WEAPON.
9322,2015-04-14,2191,AND RULES AND STUFF.
9323,2015-04-14,2191,"AND JUST LIKE THAT, THEY WERE GONE."
9324,2015-04-14,2191,IT BECAME MYSTERIOUSLY INTANGIBLE.
9325,2015-04-14,2191,SO IN THE BLINK OF AN EYE.
9326,2015-04-14,2191,I SHOULD ALSO RELEVANTLY MENTION.
9327,2015-04-14,2191,NOW IS WHEN THE PUMMELING BEGINS.
9328,2015-04-14,2191,I'M MOSTLY TOYING WITH THEM THOUGH.
9329,2015-04-14,2191,SO.
9330,2015-04-14,2191,"I'M RUINING THEM, REALLY."
9331,2015-04-14,2191,IT WAS A PRETTY GOOD FIGHT BETWEEN US.
9332,2015-04-14,2191,"MY OVERCONFIDENCE, WAS MY ACHILLES DOWNFALL THOUGH."
9333,2015-04-14,2191,AND BY UPSET.
9334,2015-04-15,2192,THE HOPE... MY GOD.
9335,2015-04-15,2192,"WELL, MY SECOND MAYBE."
9336,2015-04-15,2192,IT SEEMS THAT HOPE POWER IS OVERWHELMING.
9337,2015-04-15,2192,I GET DUNKED AS FUCK.
9338,2015-04-15,2192,"MEANWHILE, STRIDER REGROUPS FROM HIS TROUNCING."
9339,2015-04-15,2192,SO I GET UP. AND...
9340,2015-04-15,2192,SO BASICALLY.
9341,2015-04-15,2192,THE SWEATY MUSCULAR GHOST APPEARS OUT OF NOWHERE.
9342,2015-04-15,2192,THIS GIVES DIRK JUST THE TIME HE NEEDS.
9343,2015-04-15,2192,I THINK HE THOUGHT HE COULD DESTROY MY SOUL.
9344,2015-04-15,2192,AT THIS POINT.
9345,2015-04-15,2192,"YES, NEVER TO BE FOUND."
9346,2015-04-15,2192,"IT WILL BE TIME, INDEED, FOR ME TO GET..."
9347,2015-04-15,2192,"AND NOW, IF YOU WILL EXCUSE ME."
9348,2015-04-22,2199,[S] MSPA Reader: Mental breakdown.
9349,2015-04-23,2200,[S] ACT 6 ACT 6 INTERMISSION 5
9350,2015-04-26,2203,[A6A6I5] ====>
9351,2015-04-26,2203,[A6A6I5] ====>
9352,2015-04-26,2203,[A6A6I5] ====>
9353,2015-04-26,2203,[A6A6I5] ====>
9354,2015-04-26,2203,[A6A6I5] ====>
9355,2015-04-26,2203,[A6A6I5] ====>
9356,2015-04-26,2203,[A6A6I5] ====>
9357,2015-04-27,2204,[A6A6I5] ====>
9358,2015-04-27,2204,[A6A6I5] ====>
9359,2015-04-27,2204,[A6A6I5] ====>
9360,2015-04-27,2204,[A6A6I5] ====>
9361,2015-04-27,2204,[A6A6I5] ====>
9362,2015-04-27,2204,[A6A6I5] ====>
9363,2015-04-27,2204,[A6A6I5] ====>
9364,2015-04-28,2205,[A6A6I5] ====>
9365,2015-04-28,2205,[A6A6I5] ====>
9366,2015-04-28,2205,[A6A6I5] ====>
9367,2015-04-28,2205,[A6A6I5] ====>
9368,2015-04-28,2205,[A6A6I5] ====>
9369,2015-04-28,2205,[A6A6I5] ====>
9370,2015-04-28,2205,[A6A6I5] ====>
9371,2015-04-28,2205,[A6A6I5] ====>
9372,2015-04-28,2205,[A6A6I5] ====>
9373,2015-04-28,2205,[A6A6I5] ====>
9374,2015-04-28,2205,[A6A6I5] ====>
9375,2015-04-28,2205,[A6A6I5] ====>
9376,2015-04-28,2205,[A6A6I5] ====>
9377,2015-04-28,2205,[A6A6I5] ====>
9378,2015-04-29,2206,[A6A6I5] ====>
9379,2015-04-29,2206,[A6A6I5] ====>
9380,2015-04-29,2206,[A6A6I5] ====>
9381,2015-04-29,2206,[A6A6I5] ====>
9382,2015-04-29,2206,[A6A6I5] ====>
9383,2015-04-29,2206,[A6A6I5] ====>
9384,2015-04-29,2206,[A6A6I5] ====>
9385,2015-04-29,2206,[A6A6I5] ====>
9386,2015-04-30,2207,[A6A6I5] ====>
9387,2015-04-30,2207,[A6A6I5] ====>
9388,2015-04-30,2207,[A6A6I5] ====>
9389,2015-04-30,2207,[A6A6I5] ====>
9390,2015-04-30,2207,[A6A6I5] ====>
9391,2015-04-30,2207,[A6A6I5] ====>
9392,2015-04-30,2207,[A6A6I5] ====>
9393,2015-05-03,2210,[A6A6I5] ====>
9394,2015-05-03,2210,[A6A6I5] ====>
9395,2015-05-03,2210,[A6A6I5] ====>
9396,2015-05-03,2210,[A6A6I5] ====>
9397,2015-05-04,2211,[A6A6I5] ====>
9398,2015-05-04,2211,[A6A6I5] ====>
9399,2015-05-04,2211,[A6A6I5] ====>
9400,2015-05-05,2212,[A6A6I5] ====>
9401,2015-05-05,2212,[A6A6I5] ====>
9402,2015-05-06,2213,[A6A6I5] ====>
9403,2015-05-06,2213,[A6A6I5] ====>
9404,2015-05-06,2213,[A6A6I5] ====>
9405,2015-05-06,2213,[A6A6I5] ====>
9406,2015-05-06,2213,[A6A6I5] ====>
9407,2015-05-06,2213,[A6A6I5] ====>
9408,2015-05-07,2214,[A6A6I5] ====>
9409,2015-05-07,2214,[A6A6I5] ====>
9410,2015-05-10,2217,[A6A6I5] ====>
9411,2015-05-10,2217,[A6A6I5] ====>
9412,2015-05-10,2217,[A6A6I5] ====>
9413,2015-05-11,2218,[A6A6I5] ====>
9414,2015-05-11,2218,[A6A6I5] ====>
9415,2015-05-11,2218,[A6A6I5] ====>
9416,2015-05-12,2219,[A6A6I5] ====>
9417,2015-05-12,2219,[A6A6I5] ====>
9418,2015-05-12,2219,[A6A6I5] ====>
9419,2015-05-12,2219,[A6A6I5] ====>
9420,2015-05-12,2219,[A6A6I5] ====>
9421,2015-05-12,2219,[A6A6I5] ====>
9422,2015-05-12,2219,[A6A6I5] ====>
9423,2015-05-12,2219,[A6A6I5] ====>
9424,2015-05-12,2219,[A6A6I5] ====>
9425,2015-05-12,2219,[A6A6I5] ====>
9426,2015-05-12,2219,[A6A6I5] ====>
9427,2015-05-12,2219,[A6A6I5] ====>
9428,2015-05-12,2219,[A6A6I5] ====>
9429,2015-05-12,2219,[A6A6I5] ====>
9430,2015-05-13,2220,[A6A6I5] ====>
9431,2015-05-13,2220,[A6A6I5] ====>
9432,2015-05-13,2220,[A6A6I5] ====>
9433,2015-05-13,2220,[A6A6I5] ====>
9434,2015-05-13,2220,[A6A6I5] ====>
9435,2015-05-13,2220,[A6A6I5] ====>
9436,2015-05-13,2220,[A6A6I5] ====>
9437,2015-05-15,2222,[A6A6I5] ====>
9438,2015-05-15,2222,[A6A6I5] ====>
9439,2015-05-15,2222,[A6A6I5] ====>
9440,2015-05-15,2222,[A6A6I5] ====>
9441,2015-05-15,2222,[A6A6I5] ====>
9442,2015-05-15,2222,[A6A6I5] ====>
9443,2015-05-15,2222,[A6A6I5] ====>
9444,2015-05-15,2222,[A6A6I5] ====>
9445,2015-05-15,2222,[A6A6I5] ====>
9446,2015-05-15,2222,[A6A6I5] ====>
9447,2015-05-15,2222,[A6A6I5] ====>
9448,2015-05-15,2222,[A6A6I5] ====>
9449,2015-05-15,2222,[A6A6I5] ====>
9450,2015-05-15,2222,[A6A6I5] ====>
9451,2015-05-15,2222,[A6A6I5] ====>
9452,2015-05-15,2222,[A6A6I5] ====>
9453,2015-05-15,2222,[A6A6I5] ====>
9454,2015-05-15,2222,[A6A6I5] ====>
9455,2015-05-15,2222,[A6A6I5] ====>
9456,2015-05-25,2232,[A6A6I5] ====>
9457,2015-05-25,2232,[A6A6I5] ====>
9458,2015-05-25,2232,[A6A6I5] ====>
9459,2015-05-25,2232,[A6A6I5] ====>
9460,2015-05-25,2232,[A6A6I5] ====>
9461,2015-05-25,2232,[A6A6I5] ====>
9462,2015-05-25,2232,[A6A6I5] ====>
9463,2015-05-25,2232,[A6A6I5] ====>
9464,2015-05-25,2232,[A6A6I5] ====>
9465,2015-05-25,2232,[A6A6I5] ====>
9466,2015-05-25,2232,[A6A6I5] ====>
9467,2015-05-25,2232,[A6A6I5] ====>
9468,2015-05-25,2232,[A6A6I5] ====>
9469,2015-05-25,2232,[A6A6I5] ====>
9470,2015-05-25,2232,[A6A6I5] ====>
9471,2015-05-25,2232,[A6A6I5] ====>
9472,2015-05-25,2232,[A6A6I5] ====>
9473,2015-05-25,2232,[A6A6I5] ====>
9474,2015-05-26,2233,[A6A6I5] ====>
9475,2015-05-26,2233,[A6A6I5] ====>
9476,2015-05-26,2233,[A6A6I5] ====>
9477,2015-05-26,2233,[A6A6I5] ====>
9478,2015-05-26,2233,[A6A6I5] ====>
9479,2015-05-26,2233,[A6A6I5] ====>
9480,2015-05-26,2233,[A6A6I5] ====>
9481,2015-05-26,2233,[A6A6I5] ====>
9482,2015-05-26,2233,[A6A6I5] ====>
9483,2015-05-27,2234,[A6A6I5] ====>
9484,2015-05-27,2234,[A6A6I5] ====>
9485,2015-05-27,2234,[A6A6I5] ====>
9486,2015-05-27,2234,[A6A6I5] ====>
9487,2015-05-27,2234,[A6A6I5] ====>
9488,2015-05-27,2234,[A6A6I5] ====>
9489,2015-05-27,2234,[A6A6I5] ====>
9490,2015-05-27,2234,[A6A6I5] ====>
9491,2015-05-27,2234,[A6A6I5] ====>
9492,2015-05-27,2234,[A6A6I5] ====>
9493,2015-05-28,2235,[A6A6I5] ====>
9494,2015-05-28,2235,[A6A6I5] ====>
9495,2015-05-28,2235,[A6A6I5] ====>
9496,2015-05-28,2235,[A6A6I5] ====>
9497,2015-05-28,2235,[A6A6I5] ====>
9498,2015-05-28,2235,[A6A6I5] ====>
9499,2015-05-28,2235,[A6A6I5] ====>
9500,2015-05-31,2238,[A6A6I5] ====>
9501,2015-05-31,2238,[A6A6I5] ====>
9502,2015-05-31,2238,[A6A6I5] ====>
9503,2015-05-31,2238,[A6A6I5] ====>
9504,2015-05-31,2238,[A6A6I5] ====>
9505,2015-05-31,2238,[A6A6I5] ====>
9506,2015-05-31,2238,[A6A6I5] ====>
9507,2015-05-31,2238,[A6A6I5] ====>
9508,2015-05-31,2238,[A6A6I5] ====>
9509,2015-05-31,2238,[A6A6I5] ====>
9510,2015-05-31,2238,[A6A6I5] ====>
9511,2015-05-31,2238,[A6A6I5] ====>
9512,2015-06-01,2239,[A6A6I5] ====>
9513,2015-06-01,2239,[A6A6I5] ====>
9514,2015-06-01,2239,[A6A6I5] ====>
9515,2015-06-01,2239,[A6A6I5] ====>
9516,2015-06-01,2239,[A6A6I5] ====>
9517,2015-06-01,2239,[A6A6I5] ====>
9518,2015-06-01,2239,[A6A6I5] ====>
9519,2015-06-01,2239,[A6A6I5] ====>
9520,2015-06-01,2239,[A6A6I5] ====>
9521,2015-06-01,2239,[A6A6I5] ====>
9522,2015-06-01,2239,[A6A6I5] ====>
9523,2015-06-01,2239,[A6A6I5] ====>
9524,2015-06-02,2240,[A6A6I5] ====>
9525,2015-06-02,2240,[A6A6I5] ====>
9526,2015-06-02,2240,[A6A6I5] ====>
9527,2015-06-02,2240,[A6A6I5] ====>
9528,2015-06-02,2240,[A6A6I5] ====>
9529,2015-06-02,2240,[A6A6I5] ====>
9530,2015-06-02,2240,[A6A6I5] ====>
9531,2015-06-02,2240,[A6A6I5] ====>
9532,2015-06-02,2240,[A6A6I5] ====>
9533,2015-06-02,2240,[A6A6I5] ====>
9534,2015-06-02,2240,[A6A6I5] ====>
9535,2015-06-03,2241,[S][A6A6I5] ====>
9536,2015-06-04,2242,[A6A6I5] ====>
9537,2015-06-04,2242,[A6A6I5] ====>
9538,2015-06-04,2242,[A6A6I5] ====>
9539,2015-06-04,2242,[A6A6I5] ====>
9540,2015-06-04,2242,[A6A6I5] ====>
9541,2015-06-04,2242,[A6A6I5] ====>
9542,2015-06-04,2242,[A6A6I5] ====>
9543,2015-06-04,2242,[A6A6I5] ====>
9544,2015-06-04,2242,[A6A6I5] ====>
9545,2015-06-04,2242,[A6A6I5] ====>
9546,2015-06-04,2242,[A6A6I5] ====>
9547,2015-06-14,2252,[A6A6I5] ====>
9548,2015-06-14,2252,[A6A6I5] ====>
9549,2015-06-14,2252,[A6A6I5] ====>
9550,2015-06-14,2252,[A6A6I5] ====>
9551,2015-06-14,2252,[A6A6I5] ====>
9552,2015-06-15,2253,[A6A6I5] ====>
9553,2015-06-15,2253,[A6A6I5] ====>
9554,2015-06-15,2253,[A6A6I5] ====>
9555,2015-06-15,2253,[A6A6I5] ====>
9556,2015-06-15,2253,[A6A6I5] ====>
9557,2015-06-15,2253,[A6A6I5] ====>
9558,2015-06-15,2253,[A6A6I5] ====>
9559,2015-06-15,2253,[A6A6I5] ====>
9560,2015-06-15,2253,[A6A6I5] ====>
9561,2015-06-15,2253,[A6A6I5] ====>
9562,2015-06-15,2253,[A6A6I5] ====>
9563,2015-06-15,2253,[A6A6I5] ====>
9564,2015-06-15,2253,[A6A6I5] ====>
9565,2015-06-15,2253,[A6A6I5] ====>
9566,2015-06-15,2253,[A6A6I5] ====>
9567,2015-06-15,2253,[A6A6I5] ====>
9568,2015-06-15,2253,[A6A6I5] ====>
9569,2015-06-15,2253,[A6A6I5] ====>
9570,2015-06-15,2253,[A6A6I5] ====>
9571,2015-06-15,2253,[A6A6I5] ====>
9572,2015-06-16,2254,[A6A6I5] ====>
9573,2015-06-16,2254,[A6A6I5] ====>
9574,2015-06-16,2254,[A6A6I5] ====>
9575,2015-06-16,2254,[A6A6I5] ====>
9576,2015-06-16,2254,[A6A6I5] ====>
9577,2015-06-16,2254,[A6A6I5] ====>
9578,2015-06-16,2254,[A6A6I5] ====>
9579,2015-06-16,2254,[A6A6I5] ====>
9580,2015-06-16,2254,[A6A6I5] ====>
9581,2015-06-17,2255,[A6A6I5] ====>
9582,2015-06-17,2255,[A6A6I5] ====>
9583,2015-06-17,2255,[A6A6I5] ====>
9584,2015-06-17,2255,[A6A6I5] ====>
9585,2015-06-17,2255,[A6A6I5] ====>
9586,2015-06-18,2256,[A6A6I5] ====>
9587,2015-06-18,2256,[A6A6I5] ====>
9588,2015-06-18,2256,[A6A6I5] ====>
9589,2015-06-18,2256,[A6A6I5] ====>
9590,2015-06-18,2256,[A6A6I5] ====>
9591,2015-06-18,2256,[A6A6I5] ====>
9592,2015-06-18,2256,[A6A6I5] ====>
9593,2015-06-21,2259,[A6A6I5] ====>
9594,2015-06-21,2259,[A6A6I5] ====>
9595,2015-06-21,2259,[A6A6I5] ====>
9596,2015-06-22,2260,[A6A6I5] ====>
9597,2015-06-22,2260,[A6A6I5] ====>
9598,2015-06-22,2260,[A6A6I5] ====>
9599,2015-06-22,2260,[A6A6I5] ====>
9600,2015-06-23,2261,[A6A6I5] ====>
9601,2015-06-23,2261,[A6A6I5] ====>
9602,2015-06-23,2261,[A6A6I5] ====>
9603,2015-06-23,2261,[A6A6I5] ====>
9604,2015-06-23,2261,[A6A6I5] ====>
9605,2015-06-23,2261,[A6A6I5] ====>
9606,2015-06-23,2261,[A6A6I5] ====>
9607,2015-06-23,2261,[A6A6I5] ====>
9608,2015-06-23,2261,[A6A6I5] ====>
9609,2015-06-23,2261,[A6A6I5] ====>
9610,2015-06-23,2261,[A6A6I5] ====>
9611,2015-06-23,2261,[A6A6I5] ====>
9612,2015-06-23,2261,[A6A6I5] ====>
9613,2015-06-24,2262,[A6A6I5] ====>
9614,2015-06-24,2262,[A6A6I5] ====>
9615,2015-06-24,2262,[A6A6I5] ====>
9616,2015-06-24,2262,[A6A6I5] ====>
9617,2015-06-24,2262,[A6A6I5] ====>
9618,2015-06-24,2262,[A6A6I5] ====>
9619,2015-06-24,2262,[A6A6I5] ====>
9620,2015-06-24,2262,[A6A6I5] ====>
9621,2015-06-24,2262,[A6A6I5] ====>
9622,2015-06-24,2262,[A6A6I5] ====>
9623,2015-06-24,2262,[A6A6I5] ====>
9624,2015-06-24,2262,[A6A6I5] ====>
9625,2015-06-25,2263,[A6A6I5] ====>
9626,2015-06-25,2263,[A6A6I5] ====>
9627,2015-06-25,2263,[A6A6I5] ====>
9628,2015-06-25,2263,[A6A6I5] ====>
9629,2015-06-25,2263,[A6A6I5] ====>
9630,2015-06-25,2263,[A6A6I5] ====>
9631,2015-06-25,2263,[A6A6I5] ====>
9632,2015-06-25,2263,[A6A6I5] ====>
9633,2015-06-28,2266,[A6A6I5] ====>
9634,2015-06-28,2266,[A6A6I5] ====>
9635,2015-06-28,2266,[A6A6I5] ====>
9636,2015-06-28,2266,[A6A6I5] ====>
9637,2015-06-28,2266,[A6A6I5] ====>
9638,2015-06-28,2266,[A6A6I5] ====>
9639,2015-06-28,2266,[A6A6I5] ====>
9640,2015-06-28,2266,[A6A6I5] ====>
9641,2015-06-28,2266,[A6A6I5] ====>
9642,2015-06-28,2266,[A6A6I5] ====>
9643,2015-06-28,2266,[A6A6I5] ====>
9644,2015-06-28,2266,[A6A6I5] ====>
9645,2015-06-28,2266,[A6A6I5] ====>
9646,2015-06-28,2266,[A6A6I5] ====>
9647,2015-06-28,2266,[A6A6I5] ====>
9648,2015-06-28,2266,[A6A6I5] ====>
9649,2015-06-28,2266,[A6A6I5] ====>
9650,2015-06-28,2266,[A6A6I5] ====>
9651,2015-06-28,2266,[A6A6I5] ====>
9652,2015-06-28,2266,[A6A6I5] ====>
9653,2015-06-28,2266,[A6A6I5] ====>
9654,2015-06-28,2266,[A6A6I5] ====>
9655,2015-06-28,2266,[A6A6I5] ====>
9656,2015-06-28,2266,[A6A6I5] ====>
9657,2015-06-28,2266,[A6A6I5] ====>
9658,2015-06-28,2266,[A6A6I5] ====>
9659,2015-06-28,2266,[A6A6I5] ====>
9660,2015-06-28,2266,[A6A6I5] ====>
9661,2015-06-28,2266,[A6A6I5] ====>
9662,2015-06-28,2266,[A6A6I5] ====>
9663,2015-06-28,2266,[A6A6I5] ====>
9664,2015-06-28,2266,[A6A6I5] ====>
9665,2015-06-28,2266,[A6A6I5] ====>
9666,2015-06-29,2267,[A6A6I5] ====>
9667,2015-06-29,2267,[A6A6I5] ====>
9668,2015-06-29,2267,[A6A6I5] ====>
9669,2015-06-29,2267,[A6A6I5] ====>
9670,2015-06-29,2267,[A6A6I5] ====>
9671,2015-06-29,2267,[A6A6I5] ====>
9672,2015-06-29,2267,[A6A6I5] ====>
9673,2015-06-29,2267,[A6A6I5] ====>
9674,2015-06-29,2267,[A6A6I5] ====>
9675,2015-06-29,2267,[A6A6I5] ====>
9676,2015-06-29,2267,[A6A6I5] ====>
9677,2015-06-29,2267,[A6A6I5] ====>
9678,2015-06-29,2267,[A6A6I5] ====>
9679,2015-06-29,2267,[A6A6I5] ====>
9680,2015-06-29,2267,[A6A6I5] ====>
9681,2015-06-29,2267,[A6A6I5] ====>
9682,2015-06-29,2267,[A6A6I5] ====>
9683,2015-06-29,2267,[A6A6I5] ====>
9684,2015-06-30,2268,[A6A6I5] ====>
9685,2015-06-30,2268,[A6A6I5] ====>
9686,2015-06-30,2268,[A6A6I5] ====>
9687,2015-06-30,2268,[A6A6I5] ====>
9688,2015-06-30,2268,[A6A6I5] ====>
9689,2015-06-30,2268,[A6A6I5] ====>
9690,2015-06-30,2268,[A6A6I5] ====>
9691,2015-07-01,2269,[A6A6I5] ====>
9692,2015-07-01,2269,[A6A6I5] ====>
9693,2015-07-01,2269,[A6A6I5] ====>
9694,2015-07-01,2269,[A6A6I5] ====>
9695,2015-07-01,2269,[A6A6I5] ====>
9696,2015-07-01,2269,[A6A6I5] ====>
9697,2015-07-01,2269,[A6A6I5] ====>
9698,2015-07-01,2269,[A6A6I5] ====>
9699,2015-07-01,2269,[A6A6I5] ====>
9700,2015-07-01,2269,[A6A6I5] ====>
9701,2015-07-01,2269,[A6A6I5] ====>
9702,2015-07-01,2269,[A6A6I5] ====>
9703,2015-07-01,2269,[A6A6I5] ====>
9704,2015-07-02,2270,[A6A6I5] ====>
9705,2015-07-02,2270,[A6A6I5] ====>
9706,2015-07-02,2270,[A6A6I5] ====>
9707,2015-07-02,2270,[A6A6I5] ====>
9708,2015-07-02,2270,[A6A6I5] ====>
9709,2015-07-02,2270,[A6A6I5] ====>
9710,2015-07-02,2270,[A6A6I5] ====>
9711,2015-07-05,2273,[A6A6I5] ====>
9712,2015-07-05,2273,[A6A6I5] ====>
9713,2015-07-05,2273,[A6A6I5] ====>
9714,2015-07-05,2273,[A6A6I5] ====>
9715,2015-07-05,2273,[A6A6I5] ====>
9716,2015-07-05,2273,[A6A6I5] ====>
9717,2015-07-05,2273,[A6A6I5] ====>
9718,2015-07-05,2273,[A6A6I5] ====>
9719,2015-07-05,2273,[A6A6I5] ====>
9720,2015-07-05,2273,[A6A6I5] ====>
9721,2015-07-05,2273,[A6A6I5] ====>
9722,2015-07-05,2273,[A6A6I5] ====>
9723,2015-07-06,2274,[S][A6A6I5] ====>
9724,2015-07-06,2274,[A6A6I5] ====>
9725,2015-07-06,2274,[A6A6I5] ====>
9726,2015-07-06,2274,[A6A6I5] ====>
9727,2015-07-06,2274,[A6A6I5] ====>
9728,2015-07-06,2274,[A6A6I5] ====>
9729,2015-07-06,2274,[A6A6I5] ====>
9730,2015-07-06,2274,[A6A6I5] ====>
9731,2015-07-06,2274,[A6A6I5] ====>
9732,2015-07-06,2274,[A6A6I5] ====>
9733,2015-07-06,2274,[A6A6I5] ====>
9734,2015-07-06,2274,[A6A6I5] ====>
9735,2015-07-06,2274,[A6A6I5] ====>
9736,2015-07-06,2274,[A6A6I5] ====>
9737,2015-07-06,2274,[A6A6I5] ====>
9738,2015-07-06,2274,[A6A6I5] ====>
9739,2015-07-06,2274,[A6A6I5] ====>
9740,2015-07-07,2275,[A6A6I5] ====>
9741,2015-07-07,2275,[A6A6I5] ====>
9742,2015-07-07,2275,[A6A6I5] ====>
9743,2015-07-07,2275,[A6A6I5] ====>
9744,2015-07-07,2275,[A6A6I5] ====>
9745,2015-07-07,2275,[A6A6I5] ====>
9746,2015-07-07,2275,[A6A6I5] ====>
9747,2015-07-07,2275,[A6A6I5] ====>
9748,2015-07-07,2275,[A6A6I5] ====>
9749,2015-07-07,2275,[A6A6I5] ====>
9750,2015-07-07,2275,[A6A6I5] ====>
9751,2015-07-07,2275,[A6A6I5] ====>
9752,2015-07-07,2275,[A6A6I5] ====>
9753,2015-07-07,2275,[A6A6I5] ====>
9754,2015-07-07,2275,[A6A6I5] ====>
9755,2015-07-08,2276,[A6A6I5] ====>
9756,2015-07-08,2276,[A6A6I5] ====>
9757,2015-07-08,2276,[A6A6I5] ====>
9758,2015-07-08,2276,[A6A6I5] ====>
9759,2015-07-08,2276,[A6A6I5] ====>
9760,2015-07-08,2276,[A6A6I5] ====>
9761,2015-07-08,2276,[A6A6I5] ====>
9762,2015-07-08,2276,[A6A6I5] ====>
9763,2015-07-08,2276,[A6A6I5] ====>
9764,2015-07-09,2277,[A6A6I5] ====>
9765,2015-07-09,2277,[A6A6I5] ====>
9766,2015-07-09,2277,[A6A6I5] ====>
9767,2015-07-09,2277,[A6A6I5] ====>
9768,2015-07-09,2277,[A6A6I5] ====>
9769,2015-07-09,2277,[A6A6I5] ====>
9770,2015-07-09,2277,[A6A6I5] ====>
9771,2015-07-19,2287,[A6A6I5] ====>
9772,2015-07-19,2287,[A6A6I5] ====>
9773,2015-07-19,2287,[A6A6I5] ====>
9774,2015-07-19,2287,[A6A6I5] ====>
9775,2015-07-19,2287,[A6A6I5] ====>
9776,2015-07-19,2287,[A6A6I5] ====>
9777,2015-07-19,2287,[A6A6I5] ====>
9778,2015-07-19,2287,[A6A6I5] ====>
9779,2015-07-19,2287,[A6A6I5] ====>
9780,2015-07-19,2287,[A6A6I5] ====>
9781,2015-07-20,2288,[A6A6I5] ====>
9782,2015-07-20,2288,[A6A6I5] ====>
9783,2015-07-20,2288,[A6A6I5] ====>
9784,2015-07-20,2288,[A6A6I5] ====>
9785,2015-07-20,2288,[A6A6I5] ====>
9786,2015-07-20,2288,[A6A6I5] ====>
9787,2015-07-20,2288,[A6A6I5] ====>
9788,2015-07-20,2288,[A6A6I5] ====>
9789,2015-07-20,2288,[A6A6I5] ====>
9790,2015-07-20,2288,[A6A6I5] ====>
9791,2015-07-20,2288,[A6A6I5] ====>
9792,2015-07-20,2288,[A6A6I5] ====>
9793,2015-07-20,2288,[A6A6I5] ====>
9794,2015-07-20,2288,[A6A6I5] ====>
9795,2015-07-20,2288,[A6A6I5] ====>
9796,2015-07-20,2288,[A6A6I5] ====>
9797,2015-07-20,2288,[A6A6I5] ====>
9798,2015-07-20,2288,[A6A6I5] ====>
9799,2015-07-20,2288,[A6A6I5] ====>
9800,2015-07-20,2288,[A6A6I5] ====>
9801,2015-07-20,2288,[A6A6I5] ====>
9805,2015-07-21,2289,[A6A6I5] ====>
9806,2015-07-21,2289,[A6A6I5] ====>
9807,2015-07-21,2289,[A6A6I5] ====>
9808,2015-07-21,2289,[A6A6I5] ====>
9809,2015-07-21,2289,[A6A6I5] ====>
9810,2015-07-21,2289,[A6A6I5] ====>
9811,2015-07-21,2289,[A6A6I5] ====>
9812,2015-07-21,2289,[A6A6I5] ====>
9813,2015-07-21,2289,[A6A6I5] ====>
9814,2015-07-21,2289,[A6A6I5] ====>
9815,2015-07-21,2289,[A6A6I5] ====>
9816,2015-07-21,2289,[A6A6I5] ====>
9817,2015-07-22,2290,[A6A6I5] ====>
9818,2015-07-22,2290,[A6A6I5] ====>
9819,2015-07-22,2290,[A6A6I5] ====>
9820,2015-07-22,2290,[A6A6I5] ====>
9821,2015-07-22,2290,[A6A6I5] ====>
9822,2015-07-22,2290,[A6A6I5] ====>
9823,2015-07-23,2291,[A6A6I5] ====>
9824,2015-07-23,2291,[A6A6I5] ====>
9825,2015-07-23,2291,[A6A6I5] ====>
9826,2015-07-23,2291,[A6A6I5] ====>
9827,2015-07-23,2291,[A6A6I5] ====>
9828,2015-07-23,2291,[S][A6A6I5] ====>
9829,2015-07-26,2294,[A6A6I5] ====>
9830,2015-07-26,2294,[A6A6I5] ====>
9831,2015-07-26,2294,[A6A6I5] ====>
9832,2015-07-26,2294,[A6A6I5] ====>
9833,2015-07-26,2294,[A6A6I5] ====>
9834,2015-07-26,2294,[A6A6I5] ====>
9835,2015-07-26,2294,[A6A6I5] ====>
9836,2015-07-26,2294,[A6A6I5] ====>
9837,2015-07-26,2294,[A6A6I5] ====>
9838,2015-07-26,2294,[A6A6I5] ====>
9839,2015-07-27,2295,[A6A6I5] ====>
9840,2015-07-27,2295,[A6A6I5] ====>
9841,2015-07-27,2295,[A6A6I5] ====>
9842,2015-07-27,2295,[A6A6I5] ====>
9843,2015-07-27,2295,[A6A6I5] ====>
9844,2015-07-27,2295,[A6A6I5] ====>
9845,2015-07-27,2295,[A6A6I5] ====>
9846,2015-07-27,2295,[A6A6I5] ====>
9847,2015-07-27,2295,[A6A6I5] ====>
9848,2015-07-27,2295,[A6A6I5] ====>
9849,2015-07-27,2295,[A6A6I5] ====>
9850,2015-07-27,2295,[A6A6I5] ====>
9851,2015-07-27,2295,[A6A6I5] ====>
9852,2015-07-27,2295,[A6A6I5] ====>
9853,2015-07-27,2295,[A6A6I5] ====>
9854,2015-07-27,2295,[A6A6I5] ====>
9855,2015-07-27,2295,[A6A6I5] ====>
9856,2015-07-27,2295,[A6A6I5] ====>
9857,2015-07-27,2295,[A6A6I5] ====>
9858,2015-07-27,2295,[A6A6I5] ====>
9859,2015-07-27,2295,[S] Terezi: Remem8er.
9860,2016-03-28,2539,[A6A6I5] ====>
9861,2016-03-28,2539,[A6A6I5] ====>
9862,2016-03-28,2539,[A6A6I5] ====>
9863,2016-03-28,2539,[A6A6I5] ====>
9864,2016-03-28,2539,[A6A6I5] ====>
9865,2016-03-28,2539,[A6A6I5] ====>
9866,2016-03-28,2539,[A6A6I5] ====>
9867,2016-03-28,2539,[A6A6I5] ====>
9868,2016-03-28,2539,[A6A6I5] ====>
9869,2016-03-28,2539,[A6A6I5] ====>
9870,2016-03-28,2539,[A6A6I5] ====>
9871,2016-03-28,2539,[A6A6I5] ====>
9872,2016-03-28,2539,[A6A6I5] ====>
9873,2016-03-28,2539,[A6A6I5] ====>
9874,2016-03-28,2539,[A6A6I5] ====>
9875,2016-03-28,2539,[A6A6I5] ====>
9876,2016-03-29,2540,[A6A6I5] ====>
9877,2016-03-29,2540,[A6A6I5] ====>
9878,2016-03-29,2540,[A6A6I5] ====>
9879,2016-03-29,2540,[A6A6I5] ====>
9880,2016-03-29,2540,[A6A6I5] ====>
9881,2016-03-29,2540,[A6A6I5] ====>
9882,2016-03-29,2540,[A6A6I5] ====>
9883,2016-03-29,2540,[A6A6I5] ====>
9884,2016-03-29,2540,[A6A6I5] ====>
9885,2016-03-29,2540,[A6A6I5] ====>
9886,2016-03-29,2540,[A6A6I5] ====>
9887,2016-03-29,2540,[A6A6I5] ====>
9888,2016-03-29,2540,[A6A6I5] ====>
9889,2016-03-29,2540,[A6A6I5] ====>
9890,2016-03-29,2540,[A6A6I5] ====>
9891,2016-03-29,2540,[A6A6I5] ====>
9892,2016-03-29,2540,[A6A6I5] ====>
9893,2016-03-29,2540,[A6A6I5] ====>
9894,2016-03-29,2540,[A6A6I5] ====>
9895,2016-03-29,2540,[A6A6I5] ====>
9896,2016-03-29,2540,[A6A6I5] ====>
9897,2016-03-30,2541,[A6A6I5] ====>
9898,2016-03-30,2541,[A6A6I5] ====>
9899,2016-03-30,2541,[A6A6I5] ====>
9900,2016-03-30,2541,[A6A6I5] ====>
9901,2016-03-30,2541,[A6A6I5] ====>
9902,2016-03-30,2541,[A6A6I5] ====>
9903,2016-03-30,2541,[A6A6I5] ====>
9904,2016-03-30,2541,[A6A6I5] ====>
9905,2016-03-30,2541,[A6A6I5] ====>
9906,2016-03-30,2541,[A6A6I5] ====>
9907,2016-03-30,2541,[A6A6I5] ====>
9908,2016-03-30,2541,[A6A6I5] ====>
9909,2016-03-30,2541,[A6A6I5] ====>
9910,2016-03-30,2541,[A6A6I5] ====>
9911,2016-03-30,2541,[A6A6I5] ====>
9912,2016-03-30,2541,[A6A6I5] ====>
9913,2016-03-30,2541,[A6A6I5] ====>
9914,2016-03-31,2542,[A6A6I5] ====>
9915,2016-03-31,2542,[A6A6I5] ====>
9916,2016-03-31,2542,[A6A6I5] ====>
9917,2016-03-31,2542,[A6A6I5] ====>
9918,2016-03-31,2542,[A6A6I5] ====>
9919,2016-03-31,2542,[A6A6I5] ====>
9920,2016-03-31,2542,[A6A6I5] ====>
9921,2016-03-31,2542,[A6A6I5] ====>
9922,2016-03-31,2542,[A6A6I5] ====>
9923,2016-03-31,2542,[A6A6I5] ====>
9924,2016-03-31,2542,[A6A6I5] ====>
9925,2016-03-31,2542,[A6A6I5] ====>
9926,2016-03-31,2542,[A6A6I5] ====>
9927,2016-03-31,2542,[A6A6I5] ====>
9928,2016-03-31,2542,[A6A6I5] ====>
9929,2016-03-31,2542,[A6A6I5] ====>
9930,2016-03-31,2542,[A6A6I5] ====>
9931,2016-03-31,2542,[A6A6I5] ====>
9932,2016-03-31,2542,[A6A6I5] ====>
9933,2016-03-31,2542,[A6A6I5] ====>
9934,2016-03-31,2542,[A6A6I5] ====>
9935,2016-03-31,2542,[A6A6I5] ====>
9936,2016-03-31,2542,[A6A6I5] ====>
9937,2016-03-31,2542,[A6A6I5] ====>
9938,2016-03-31,2542,[A6A6I5] ====>
9939,2016-03-31,2542,[A6A6I5] ====>
9940,2016-03-31,2542,[A6A6I5] ====>
9941,2016-03-31,2542,[A6A6I5] ====>
9942,2016-03-31,2542,[A6A6I5] ====>
9943,2016-03-31,2542,[A6A6I5] ====>
9944,2016-03-31,2542,[A6A6I5] ====>
9945,2016-04-01,2543,[A6A6I5] ====>
9946,2016-04-01,2543,[A6A6I5] ====>
9947,2016-04-01,2543,[A6A6I5] ====>
9948,2016-04-01,2543,[A6A6I5] ====>
9949,2016-04-01,2543,[A6A6I5] ====>
9950,2016-04-01,2543,[A6A6I5] ====>
9951,2016-04-01,2543,[A6A6I5] ====>
9952,2016-04-01,2543,[A6A6I5] ====>
9953,2016-04-01,2543,[A6A6I5] ====>
9954,2016-04-01,2543,[A6A6I5] ====>
9955,2016-04-01,2543,[A6A6I5] ====>
9956,2016-04-01,2543,[A6A6I5] ====>
9957,2016-04-01,2543,[A6A6I5] ====>
9958,2016-04-01,2543,[A6A6I5] ====>
9959,2016-04-01,2543,[A6A6I5] ====>
9960,2016-04-01,2543,[A6A6I5] ====>
9961,2016-04-01,2543,[A6A6I5] ====>
9962,2016-04-01,2543,[A6A6I5] ====>
9963,2016-04-01,2543,[A6A6I5] ====>
9964,2016-04-01,2543,[A6A6I5] ====>
9965,2016-04-01,2543,[A6A6I5] ====>
9966,2016-04-01,2543,[A6A6I5] ====>
9967,2016-04-02,2544,[A6A6I5] ====>
9968,2016-04-02,2544,[A6A6I5] ====>
9969,2016-04-02,2544,[A6A6I5] ====>
9970,2016-04-02,2544,[A6A6I5] ====>
9971,2016-04-02,2544,[A6A6I5] ====>
9972,2016-04-02,2544,[A6A6I5] ====>
9973,2016-04-02,2544,[A6A6I5] ====>
9974,2016-04-02,2544,[A6A6I5] ====>
9975,2016-04-02,2544,[A6A6I5] ====>
9976,2016-04-02,2544,[A6A6I5] ====>
9977,2016-04-02,2544,[A6A6I5] ====>
9978,2016-04-02,2544,[A6A6I5] ====>
9979,2016-04-02,2544,[A6A6I5] ====>
9980,2016-04-02,2544,[A6A6I5] ====>
9981,2016-04-02,2544,[A6A6I5] ====>
9982,2016-04-02,2544,[A6A6I5] ====>
9983,2016-04-02,2544,[A6A6I5] ====>
9984,2016-04-02,2544,[A6A6I5] ====>
9985,2016-04-02,2544,[A6A6I5] ====>
9986,2016-04-02,2544,[A6A6I5] ====>
9987,2016-04-06,2548,[S] Collide.
9988,2016-04-06,2548,END OF ACT 6
9989,2016-04-07,2549,====>
9990,2016-04-07,2549,====>
9991,2016-04-07,2549,====>
9992,2016-04-07,2549,====>
9993,2016-04-07,2549,====>
9994,2016-04-07,2549,====>
9995,2016-04-08,2550,====>
9996,2016-04-08,2550,====>
9997,2016-04-08,2550,====>
9998,2016-04-08,2550,====>
9999,2016-04-08,2550,====>
10000,2016-04-08,2550,====>
10001,2016-04-09,2551,====>
10002,2016-04-09,2551,====>
10003,2016-04-09,2551,====>
10004,2016-04-09,2551,====>
10005,2016-04-09,2551,====>
10006,2016-04-09,2551,====>
10007,2016-04-09,2551,====>
10008,2016-04-09,2551,====>
10009,2016-04-09,2551,====>
10010,2016-04-09,2551,====>
10011,2016-04-09,2551,====>
10012,2016-04-10,2552,====>
10013,2016-04-10,2552,====>
10014,2016-04-10,2552,====>
10015,2016-04-10,2552,====>
10016,2016-04-10,2552,====>
10017,2016-04-10,2552,====>
10018,2016-04-11,2553,====>
10019,2016-04-11,2553,====>
10020,2016-04-11,2553,====>
10021,2016-04-11,2553,====>
10022,2016-04-11,2553,====>
10023,2016-04-12,2554,====>
10024,2016-04-12,2554,====>
10025,2016-04-12,2554,====>
10026,2016-04-12,2554,====>
10027,2016-04-13,2555,[S] ACT 7
10028,2016-04-13,2555,==>
10029,2016-10-25,2750,[S] ==>
10030,2016-10-25,2750,[S] ==>
